trajectory_idx,fitted_W,fitted_D,v0,direction,r2,rmse,model_type,success
0,0.4301519750334917,3.6806532609826887,0.81,1,-11.62179195061614,0.2921056516513087,SAM,True
1,0.3390208097758961,3.6035741872995977,0.88,1,-51.34294835529763,0.2794710250058866,SAM,True
2,0.15111349783871467,2.0000000000000004,1.23,2,-15.492531851417578,0.24716689009392526,SAM,True
3,0.7723167647670248,2.5409529651613725,0.97,1,0.8146915728111183,0.20198873959078498,SAM,True
4,0.32513201163236605,3.576697305552729,0.85,2,-37.94318647654125,0.2853597780389656,SAM,True
5,0.05916304209487025,2.0000000000000004,0.85,2,-254.26898337171357,0.18027283287576326,SAM,True
6,0.16250506719359517,3.5877641080977694,0.62,1,-417.92341333834435,0.2204429993155781,SAM,True
7,0.22932234133477147,3.6981990318104923,0.69,1,-215.10908593702325,0.2455492516307665,SAM,True
8,0.25841408317692505,2.0000000000000004,1.12,2,-0.9073063585164967,0.21445555108675934,SAM,True
9,0.1949048008820999,3.472450656519012,0.91,2,-248.40507958770678,0.3054585640059172,SAM,True
10,0.08749848561601567,2.0000000000000004,0.97,1,-56.741079969336624,0.20935087613842285,SAM,True
11,0.0790656429168447,2.0000000000000004,1.11,2,-139.4032926298545,0.23805962496213948,SAM,True
12,0.2953980515901788,3.5847123951814743,0.93,2,-99.40970615771342,0.32810097541571875,SAM,True
13,0.2379740981114801,2.6201784188355752,1.04,2,-0.3596686417150441,0.244305652810547,SAM,True
14,0.2255624281139742,3.640010688345648,0.79,2,-710.1868607704926,0.2804463494727802,SAM,True
15,1.2020445628257124,3.919945684942363,0.78,1,0.514428016485751,0.2076658951169651,SAM,True
16,0.362403837818928,3.67478694928027,0.91,2,-77.21120384983921,0.3003530105868068,SAM,True
17,0.24161734483828284,3.600980823522858,0.99,2,-737.0406282551032,0.3458956002125999,SAM,True
18,0.49412618712394685,3.7848271803567592,0.89,1,-1.951002031512021,0.17037545912821725,SAM,True
19,0.2805543083823024,2.0000000000000004,1.09,2,-0.5542386262381696,0.2127444980669415,SAM,True
20,0.6615356832583922,3.5190517240810766,1.24,2,-5.735840797604053,0.44289445424565344,SAM,True
21,0.8048173588900549,3.8434726982653804,0.92,1,-2.351026289538307,0.30924270741059984,SAM,True
22,0.1290000120491575,2.0000000000000004,1.06,1,-12.221168213009317,0.22653643788337546,SAM,True
23,0.30265558068791903,2.0000000000000004,1.03,1,-0.05369033377190169,0.20550042061807855,SAM,True
24,0.8290015204086817,3.9092305312245177,1.05,2,-4.534610068106029,0.34748101134565773,SAM,True
25,0.24639815842279897,3.5742596597919096,1.02,1,-1604.2731601812384,0.3595004062948904,SAM,True
26,0.19857761462490764,2.0000000000000004,1.07,2,-5.0552676694212835,0.2127177364425079,SAM,True
27,0.26734981763259535,2.0000000000000004,0.8,2,-0.005280817867092447,0.14619570784875544,SAM,True
28,0.2415869654246786,3.6587614055513566,0.86,2,-466.13835671278053,0.3099392386814168,SAM,True
29,0.49641470007565247,3.5165422905224886,0.96,1,-6.57512578355449,0.3301894510596391,SAM,True
30,0.41429125298326686,3.9324852441517355,0.78,1,-37.68064114303525,0.22967862674715747,SAM,True
31,0.15157026007289975,2.0000000000000004,0.82,1,-2.6640834247807006,0.16643667524675204,SAM,True
32,0.42172745425555225,4.137548768158457,0.61,1,-8.498950527330926,0.19036511292720779,SAM,True
33,0.13587994589669827,2.0000000000000004,0.72,1,-3.9665333312626494,0.14111824249081747,SAM,True
34,0.21485242701683346,3.5051972221637655,0.9,2,-130.57936548476607,0.29068024587112445,SAM,True
35,0.2995674905525618,3.524195213746179,1.09,2,-124.80070470559463,0.3770342110701917,SAM,True
36,0.15868604689013915,2.570893870675137,0.77,2,-0.6569587300680808,0.17815227353215662,SAM,True
37,0.17409672888975597,2.0000000000000004,0.69,2,-0.5291350253889293,0.1388194237466878,SAM,True
38,0.08215276402044056,2.0000000000000004,0.71,2,-16.385753468134972,0.14964879852454321,SAM,True
39,0.13770251328550354,3.558801802299897,0.59,1,-670.3627390541282,0.20474347224402478,SAM,True
40,0.08174277915139792,2.0000000000000004,0.84,1,-53.97624821043586,0.17195471885790428,SAM,True
41,0.49735666086458613,3.9548263961817796,0.82,1,-23.912196428191024,0.24408812443419797,SAM,True
0,0.19706287245995557,3.6629251887362204,0.73,1,-576.2829394673923,0.2545471216215578,SAM,True
1,0.15140476736966085,3.5423682098300717,0.7,2,-1340.3045673432985,0.24227151682965686,SAM,True
2,0.36703967961586065,3.8127345532866777,0.89,1,-66.22563182882546,0.31910922592277347,SAM,True
3,0.8633079996008519,4.006670505984896,0.76,1,-0.806596783890654,0.22457459945790043,SAM,True
4,0.11205622018389423,2.5814336826603297,1.0,1,-7.471346834323391,0.2387125896756036,SAM,True
5,0.4214763654512692,4.104730400022453,0.67,1,-13.093445288326407,0.19352644585950038,SAM,True
6,0.2755071704019266,3.6331235769949295,1.03,2,-609.9228737647694,0.36896890545104377,SAM,True
7,0.5571153442156581,4.1607821500055175,0.78,1,-2.869089437106437,0.2187066195582283,SAM,True
8,0.4537505745264207,3.776436384414665,0.98,2,-71.35050189811705,0.3199624355855476,SAM,True
9,0.3519070891191881,3.9168937873563223,0.77,2,-27.883701819717473,0.23001427229673096,SAM,True
10,0.24030194684811632,3.5632985714127288,1.14,2,-2179.673531326713,0.4037392060063919,SAM,True
11,0.19044212477785058,2.554113262961223,0.79,1,-0.42239344529708966,0.16113158752701418,SAM,True
12,0.088247831267326,2.5551546470803466,0.68,1,-4.261853800695125,0.15686402595693713,SAM,True
13,0.309474626756796,3.8648695884355218,0.67,1,-36.91491071255783,0.2390025634390403,SAM,True
14,0.14921226564231024,3.5352351407973948,0.55,2,-115.0635131281578,0.17866759261480103,SAM,True
15,0.37091145601225023,2.0000000000000004,0.91,1,0.3345627597257058,0.1600180785047375,SAM,True
16,0.1803397245483541,3.6381787553990934,0.64,2,-289.48389288124383,0.21566032571897867,SAM,True
17,0.08467458080486727,2.0000000000000004,0.8,2,-14.741366653376518,0.1794007827347113,SAM,True
18,0.07168468070100191,2.0000000000000004,0.77,2,-34.69532755639108,0.16398933754274847,SAM,True
19,0.504795822321602,3.8803753824584475,0.71,1,-7.926990990153307,0.22175788963869358,SAM,True
20,0.31067986710867024,3.6941911971455967,1.05,2,-368.12167990541946,0.37304004252136674,SAM,True
21,0.9828377127158073,4.6557192124184,0.79,1,-0.4165288786434276,0.19406416249342162,SAM,True
22,0.10993803938279907,2.0000000000000004,1.0,1,-19.93180597012777,0.20759745814907216,SAM,True
23,0.15132783586513784,3.433236818931993,0.81,2,-240.02088029845441,0.28336992868022026,SAM,True
24,0.3055634877683031,3.6617290016193658,1.0,2,-649.2791723118067,0.34093606739495225,SAM,True
25,0.20902781104072082,2.535693663982166,0.35,1,0.6801237969894376,0.06788370465029685,SAM,True
26,1.4481244845095447,4.68028027927443,0.94,1,0.3099767066523773,0.16699066965889364,SAM,True
27,0.2771910034580143,3.5623845702079016,1.25,1,-826.9538255235096,0.428957408356989,SAM,True
28,0.3997475567137994,3.7643839948762174,1.01,2,-88.46591948588203,0.356554444074728,SAM,True
29,0.2097413354841687,3.5801108483772053,0.89,1,-1398.7156822268666,0.3138215980481307,SAM,True
30,1.2447221251268377,4.146275308556633,0.72,2,0.5174411562635559,0.20619820550470208,SAM,True
31,0.30263662439307937,3.7037265673446025,0.69,1,-17.493169310670968,0.27547745798249434,SAM,True
32,0.14553766140111152,2.0000000000000004,1.13,2,-11.656657154000769,0.24319003827533123,SAM,True
33,0.29763359491046326,3.589844147056854,1.14,1,-475.1328608219809,0.4104568813812838,SAM,True
34,0.3131732482157796,3.56848466956828,0.91,1,-49.258130445306335,0.3249621106628584,SAM,True
35,0.30265406595647465,3.497536496144017,1.46,2,-1038.9345942124546,0.5126826198411625,SAM,True
36,0.24174567728632868,3.5930923964478145,0.91,1,-418.9577295503764,0.3243057412205283,SAM,True
37,0.27592711208153625,3.6238679509060954,0.98,1,-340.69997381512576,0.35411929259843083,SAM,True
38,0.34042386274239034,3.7325466359325303,1.01,1,-121.12364777316105,0.3265758760790197,SAM,True
39,0.3847587539088741,3.819328228676107,0.93,2,-18.205718034175202,0.2544016447672557,SAM,True
40,0.9568285086297134,3.611506139723937,1.04,2,-0.6229731009163437,0.328511181461807,SAM,True
41,0.28523780153557604,3.6102686573598217,0.85,1,-81.48371617914547,0.30515703534018035,SAM,True
42,0.2538861413042961,3.8374065538297724,0.68,1,-16.881882548368637,0.19428276546929849,SAM,True
43,0.5614440867906769,3.798355557495089,0.97,2,-17.234765207949764,0.31214566314711223,SAM,True
44,0.39278392467063944,2.154496446803514,0.76,1,0.6811196081925083,0.1452471277564341,SAM,True
45,0.4152095003347529,3.795198273361303,1.14,1,-110.72134101315295,0.3910480603605561,SAM,True
46,0.0648743272436738,2.0000000000000004,0.65,2,-15.938220631228454,0.14479159180517967,SAM,True
0,0.24834692979255962,3.647153288547532,0.81,1,-478.90563538731203,0.28153368313679344,SAM,True
1,0.3993554682916242,3.8680348798320865,0.94,1,-57.2231576514487,0.3105455029581874,SAM,True
2,0.225745284787275,3.514164550288491,0.9,2,-187.31878674759548,0.32387275930280196,SAM,True
3,0.5605424524000094,3.7461092787576,1.12,2,-29.90546610786955,0.3731325348951871,SAM,True
4,0.38267472185649226,3.743905260001465,0.94,2,-34.316435653363165,0.2992528012410068,SAM,True
5,0.2537776042084673,3.648542664553741,0.85,2,-351.0507486508958,0.3012092270081087,SAM,True
6,0.30971950162038686,3.6847109241020686,0.8,1,-81.09760097589722,0.2781686716648604,SAM,True
7,0.27376489808566673,2.0000000000000004,1.54,2,-3.0054212977602743,0.30847228651559405,SAM,True
8,0.2083371330271074,2.527420203350951,1.09,2,-1.1485352564784272,0.25066025185639523,SAM,True
9,0.35777533299568637,3.63372704695313,0.7,2,-11.551356531605265,0.2417966074481522,SAM,True
10,0.02814965824363693,2.4882702470279408,0.39,1,-11.681517176730425,0.10474512590388203,SAM,True
11,0.23797872555768856,2.0000000000000004,0.64,2,0.3657144324183962,0.12500919754670545,SAM,True
12,0.3028069326572368,3.8311687231907703,0.76,2,-78.27718667535018,0.26080610837833235,SAM,True
13,1.2104047760537548,5.59475041767938,0.75,1,0.8561565352474659,0.08006824226676582,SAM,True
14,0.06819088279832061,2.0000000000000004,0.8,1,-97.32742328707756,0.17130334557677332,SAM,True
15,0.4208848340285531,3.664029491952323,0.68,2,-5.791004715422359,0.22560096637682484,SAM,True
16,0.2054519784153935,3.5638440597926695,0.91,2,-848.8473802989597,0.31423520986187425,SAM,True
17,0.3191228374188872,3.5075749871416724,0.95,2,-37.095324944723714,0.3423597113810678,SAM,True
18,0.18077537010785302,2.0000000000000004,0.85,1,-2.660826792500419,0.17506445472563328,SAM,True
19,0.24729808620357432,2.0000000000000004,1.27,1,-3.117828746902835,0.2559344966786097,SAM,True
20,0.25854468154707255,2.4339832999923052,0.7,1,0.022630722417896654,0.16171896542278424,SAM,True
21,0.055962776547139034,2.0000000000000004,0.77,1,-146.0475960909601,0.16392970501291992,SAM,True
22,0.3481928465684495,3.582597429397106,0.72,2,-13.220674046121154,0.2354814802664596,SAM,True
23,0.09112985110758857,2.0000000000000004,1.11,1,-117.69672582719126,0.23543867770886384,SAM,True
24,0.0868245093243968,2.456308895666439,0.8,2,-5.756358544415991,0.19724145993201933,SAM,True
25,0.37572464680211226,3.8340977161951413,0.58,1,-11.427334374684861,0.17370540539008808,SAM,True
26,0.33301924411010025,3.5816953379048733,1.22,2,-203.766508572791,0.44586490911800686,SAM,True
27,0.42760494277038696,3.5923507915827746,1.08,2,-32.12913213671843,0.3714492604197754,SAM,True
28,0.373485473420347,4.0704692165424525,0.65,2,-13.109825437951104,0.1892983810687195,SAM,True
29,0.20191838355022046,3.707063792167146,0.64,1,-275.7011315258694,0.2280785231600367,SAM,True
30,0.303222985536066,3.5864618332906755,1.09,1,-231.012624047098,0.39276903372740096,SAM,True
31,1.508992636617681,3.9728714707948334,1.05,1,0.2696661416756393,0.31158255531081636,SAM,True
32,0.3119879195326288,3.5533825087213713,1.24,2,-505.7906854744698,0.4253281122697711,SAM,True
33,0.35194659982040105,3.6301665976417143,1.06,2,-53.54998253137474,0.3239418881457458,SAM,True
34,0.4519586846302283,3.8158341577961568,1.16,1,-104.6711172539333,0.38017460111801227,SAM,True
35,0.4007768605118873,3.6559272558501785,1.29,2,-329.7471074180022,0.45289747861557833,SAM,True
36,0.27168908872700964,3.6774484958729445,0.67,2,-37.826882551653675,0.24655960390937867,SAM,True
37,0.34794521755785657,3.7541773644539314,1.02,2,-163.0598558516262,0.3559288975203717,SAM,True
38,0.28948305884368036,3.6585036961721484,0.89,1,-181.85208453786524,0.30992584359582853,SAM,True
39,0.17962619843540456,3.7677019553169067,0.49,1,-112.20258786461297,0.174992662826921,SAM,True
40,0.29981032527746365,3.708420647236094,0.85,2,-97.62968139940689,0.3136702487912941,SAM,True
41,0.08942731934511411,2.0000000000000004,1.15,1,-110.42087081281066,0.24300835691553802,SAM,True
42,0.2885689757460166,3.725838926347034,0.8,1,-154.04124387729095,0.28098612604908385,SAM,True
43,0.5507466141295686,3.826010940938687,0.94,2,-19.189369863700442,0.297392604480543,SAM,True
0,0.29131330677819567,4.20633632464375,0.44,1,-7.202480285603096,0.13788265583882553,SAM,True
1,0.3349554910436224,3.824449749140685,0.81,1,-58.194148528279705,0.26669330907549915,SAM,True
2,0.5252465574909815,3.7661657888605253,0.97,2,-17.27648686454847,0.3372994929835288,SAM,True
3,0.8796748755267197,4.007178192489517,1.16,2,-7.585731097491173,0.36913030735242186,SAM,True
4,0.3975458446087047,3.8319007039526185,0.82,1,-55.892298364879835,0.260156402625028,SAM,True
5,0.24008412646524524,2.0000000000000004,0.83,1,-0.5130006510754843,0.16178737077939687,SAM,True
6,0.33465811885035357,3.685836968970525,1.09,1,-146.19680955124966,0.3541018642257291,SAM,True
7,0.9362034481567386,4.227750661131889,0.54,2,0.6205153752565153,0.11050941735135061,SAM,True
8,0.2509521112424072,2.630222338687094,0.58,1,0.626501108465962,0.10756542021825984,SAM,True
9,1.0785804846379634,3.938444667847956,1.27,2,-3.8957482415418214,0.37894711034830003,SAM,True
10,0.5703031396690933,3.9383464529917176,1.19,1,-35.69655708857448,0.39426532686113547,SAM,True
11,0.1988348082519988,3.441259562546159,0.66,1,-12.231011214861528,0.19349672665371628,SAM,True
12,0.48712242024097957,3.8036099842581494,0.92,1,-19.129958531875847,0.331616890643484,SAM,True
13,0.5646813082810013,3.9400684399724475,0.88,1,-16.485058931373196,0.26063279522804655,SAM,True
14,0.5112371451964276,3.8819140199270934,0.76,2,-11.90257732986688,0.24968618152702002,SAM,True
15,0.5711264557098081,3.96791277459876,0.84,1,-15.913280594428482,0.2348190811299882,SAM,True
16,0.6726667656914536,3.984738013944327,0.88,2,-7.825086122042986,0.2669833934103018,SAM,True
17,0.26747410976001923,3.6746833425561722,0.45,2,-7.975877466916472,0.1428459030015068,SAM,True
18,0.27344295936286067,2.0000000000000004,0.91,1,-0.0569109068667657,0.17853380388399256,SAM,True
19,0.2520523833784199,3.6216225440905006,0.86,2,-232.3198411511046,0.29714905465981895,SAM,True
20,0.7740267499862813,2.096549311438209,1.39,2,0.7394073886512583,0.21825781838553304,SAM,True
21,0.27543221421923214,3.7207883819161944,0.77,2,-70.0799751819072,0.23931861775167748,SAM,True
22,0.5741721094690648,3.701891811424561,1.44,2,-145.6066474546349,0.4822302335255096,SAM,True
23,0.48079804953704985,3.840709845854925,0.74,1,-12.532949563751432,0.23163497530140711,SAM,True
24,0.05492608972757799,2.0000000000000004,0.59,1,-48.42338733620991,0.12890170126325104,SAM,True
25,2.2382152940425146,3.8939400199428515,1.4,2,0.5660067614038798,0.3756698660481909,SAM,True
26,0.12297465549359543,2.0000000000000004,0.88,2,-15.191354198405573,0.1943381206789674,SAM,True
27,0.6003952930969774,4.0484973587107795,0.93,1,-15.280409085243793,0.2892803027223811,SAM,True
28,1.2009621870385203,3.858602370885447,0.96,2,-0.03073582164801203,0.2928803630201282,SAM,True
29,0.0867824271804346,2.0000000000000004,0.92,1,-43.08727850886946,0.19414989634892493,SAM,True
30,0.1628636343443109,3.7841400513498615,0.45,1,-19.588466901225612,0.12572835401011187,SAM,True
31,0.4591189733549181,4.089945665551428,0.48,1,-3.3196905448111513,0.1413186686690499,SAM,True
32,0.24648420563222304,3.666295420869068,0.7,1,-124.47754932980983,0.2421506010261247,SAM,True
33,0.15041072407027903,2.6806043161371793,0.49,2,-0.3899313784097518,0.11180184652338662,SAM,True
34,0.19417310697348764,3.6300643682373273,0.8,1,-997.5622945239157,0.2808494893077861,SAM,True
35,0.17734798564083976,2.0000000000000004,0.75,2,-1.5213669251429738,0.1465739991520051,SAM,True
36,0.33842100820995497,3.917742253441996,0.71,1,-14.56545308447275,0.19448846545517315,SAM,True
37,0.39529989255387893,3.808126292793707,0.75,2,-26.760437325709596,0.26008699631743004,SAM,True
38,0.5212591571839702,3.656704224439318,0.8,1,-4.703231799390627,0.2715641076982934,SAM,True
39,0.586139858579278,4.101874367936732,0.58,1,-1.0278779051767328,0.10408133247347531,SAM,True
40,0.19949553157355795,2.0000000000000004,1.27,2,-5.141480650610924,0.2663598155825706,SAM,True
41,0.27310463634609405,3.5385020301458456,1.02,2,-142.66652443269953,0.32938004279342326,SAM,True
42,0.7324034204625627,3.890932985389334,0.93,2,-5.3038212089713515,0.29437880751266304,SAM,True
43,0.1886729509312678,3.521136373477977,0.55,1,-36.2598320464496,0.19232706066519303,SAM,True
44,0.2843709778852256,3.6310069398380116,0.75,1,-25.193476785303524,0.20797991640656652,SAM,True
45,0.24935862048818788,3.5581686321597386,0.53,1,-10.824128450636286,0.18348558302706292,SAM,True
46,0.44559573725079626,3.911147070379035,0.9,1,-33.94630426022178,0.26382362225192485,SAM,True
47,0.5493477155142515,3.968799807982302,0.9,2,-23.117150471294963,0.27360973657648113,SAM,True
48,0.18711804391239836,3.612981686346116,0.71,1,-798.9214932281184,0.25239997567489453,SAM,True
49,0.40131427478108733,3.893614541746252,0.91,1,-41.10976497881666,0.3192292524806201,SAM,True
50,0.5155690139502958,4.035060135794316,0.65,1,-7.964351944079537,0.185679556163111,SAM,True
51,0.4740748002192401,3.925605687269022,0.57,1,-4.15340726010923,0.18216695412910316,SAM,True
52,0.24611043045685863,3.6971252520956157,0.31,1,-2.0301984293796083,0.09841978209329683,SAM,True
53,0.5446344978415081,3.711847728126889,1.12,2,-5.644653324866457,0.26943045694136514,SAM,True
54,0.34998616682617,3.718138654697681,1.11,2,-233.62880641485677,0.37842837933137624,SAM,True
55,0.27234301296668456,2.0000000000000004,0.68,2,0.3460474213882627,0.12017049161232718,SAM,True
56,0.9139490128206142,4.144533790145308,1.07,2,-5.2865185168368765,0.35402587429477067,SAM,True
57,0.2737581698045345,3.7594509131556753,0.81,1,-35.65779958646395,0.23986791348350528,SAM,True
58,0.5121995043235513,3.8583221404971675,0.95,2,-34.655718995703346,0.32100627392246195,SAM,True
59,0.3324177234590442,3.918766755876596,0.71,2,-28.47520821027787,0.2187135344612721,SAM,True
60,0.2357533218333445,3.7660620707578785,0.6,1,-36.54422857767669,0.17476979888314412,SAM,True
61,0.13231733304971854,3.597544919972853,0.59,1,-1728.1837185987365,0.20775087392409317,SAM,True
62,0.1612006301878439,3.6532394222470086,0.5,2,-84.10233488304226,0.16660425428377593,SAM,True
63,0.38541508598256136,3.788422935568561,1.0,1,-89.26113633104997,0.3531918754090534,SAM,True
64,0.3835862012995612,2.0000000000000004,1.31,2,-0.12370792836201816,0.266176228997304,SAM,True
65,0.701310283587866,3.9173689398983695,1.1,2,-22.293962067835487,0.3268893163341415,SAM,True
66,0.2900935824627091,3.816213159534695,0.8,1,-71.11923419066198,0.2640874556500891,SAM,True
67,0.2099381817065635,3.6677336573910817,0.73,1,-783.2545768262327,0.25599279763227717,SAM,True
68,0.29164759598274387,2.0000000000000004,0.74,2,0.44088949675943945,0.1270478744325654,SAM,True
69,0.12214976629506565,2.0000000000000004,0.76,1,-4.855083794838191,0.1538680689079314,SAM,True
70,0.22328420562332604,3.6225185370332866,0.83,2,-65.51231633303225,0.2561855346065027,SAM,True
71,0.8433946061085812,3.7994764158771126,1.44,2,-16.709975831088805,0.46410830465212294,SAM,True
72,0.29381832826938886,3.9909745770737337,0.5,1,-18.947545991626807,0.14848643729312458,SAM,True
73,0.16293254127568066,3.6328595183628405,0.42,1,-62.20066639601983,0.13786805438027683,SAM,True
74,0.4905069553988997,3.8085115077588165,0.68,1,-6.395338364404412,0.21576964380071606,SAM,True
0,0.537031714072281,3.888725005009134,0.88,2,-19.90782189291424,0.2685969492482574,SAM,True
1,0.11827533944600134,2.0000000000000004,0.79,2,-7.569336102392134,0.15701585896520825,SAM,True
2,0.2145738104412394,3.6956011659966754,0.72,1,-236.90158337067678,0.25991254993542995,SAM,True
3,0.2984555863277859,2.4671908352202228,0.83,2,0.30306440986575245,0.16299990445097895,SAM,True
4,0.10659591330312519,2.0000000000000004,0.86,1,-10.260894088349012,0.18084963706340246,SAM,True
5,0.6139675739560595,3.7571647834242077,1.32,2,-46.831156305064134,0.45979538669078795,SAM,True
6,0.30832247792888295,2.4825746166128893,1.07,1,-0.8306061526895798,0.2608538110764375,SAM,True
7,1.3012073797383223,3.5800537346202552,1.5,1,-0.8804361576361832,0.5161012227863134,SAM,True
8,0.3701210010045543,2.527303826251124,1.0,1,0.1373744352578966,0.23361183493933996,SAM,True
9,0.6066702146091737,3.8132587550034645,1.25,1,-50.96411426642333,0.38805114210089914,SAM,True
10,0.08510888985007505,2.0000000000000004,0.94,2,-23.52583526001557,0.2106911976975255,SAM,True
11,0.4595385936963981,3.9846534728055025,0.78,1,-24.226184906983043,0.24493399250397646,SAM,True
12,0.5017110595656517,3.87370618240236,1.24,2,-49.372298603464735,0.40999006904652685,SAM,True
13,0.13792618732538925,2.0000000000000004,0.87,1,-6.136747414629498,0.17918768545415756,SAM,True
14,0.26524908688410775,2.0000000000000004,1.17,2,-1.868653605400453,0.244130482222079,SAM,True
15,0.3237864432055241,3.841946012039389,0.79,1,-29.18835733385399,0.2373546093356204,SAM,True
16,0.1572945061330601,3.660948182794332,0.53,1,-111.62851833803286,0.17067583303721948,SAM,True
17,0.09862845211714566,2.0000000000000004,0.99,1,-32.84412988217611,0.21028647522547078,SAM,True
18,0.21617480464393665,3.5944382581775978,0.72,1,-105.06879679567119,0.23051295938137492,SAM,True
19,0.26707462717956987,3.671837996800312,0.87,1,-159.98273592649443,0.282034004419042,SAM,True
20,0.6453086009247483,3.91235002969149,0.69,2,-2.108030732502405,0.23437328747391478,SAM,True
21,0.07417961218302797,2.6324345872509816,0.72,2,-3.5918095465058295,0.1750145103779293,SAM,True
22,0.11043267331488364,2.0000000000000004,0.44,2,-0.41131301227980344,0.085324511642174,SAM,True
23,0.2831933004169754,3.383015396032897,0.91,2,-6.568945528002173,0.26415603642633867,SAM,True
24,0.07462941900013911,2.0000000000000004,0.7,2,-15.973944795394704,0.15406830744728706,SAM,True
25,0.2333790845474676,3.5811010400090115,0.79,1,-121.1062727632359,0.28886422858409605,SAM,True
26,0.28575662707108185,2.6001697451361037,1.73,1,-2.0633983469812773,0.3499455988795802,SAM,True
27,0.09304233626832133,3.495632813816152,0.36,1,-82.41145491778896,0.12702406008035286,SAM,True
28,0.4337364353342674,4.38994182508363,0.37,2,-1.6304165400499242,0.12686801214017696,SAM,True
29,0.11306152085717232,2.0000000000000004,0.68,1,-5.69067957017636,0.14808817418674172,SAM,True
30,0.3600667985067586,3.760896386133396,0.99,1,-135.08617400032836,0.35239181976464723,SAM,True
31,0.3935101634439705,2.0000000000000004,0.81,1,0.6989385953230118,0.145576578452978,SAM,True
32,0.36507136030250015,3.6486806627283492,1.16,1,-198.3004450926398,0.4181486260699942,SAM,True
33,0.23159560763754267,3.6631310593819215,0.84,2,-270.82333382726404,0.28672329707004574,SAM,True
34,0.7743889583301247,3.915429410251641,1.21,2,-14.620529705931753,0.377623907724936,SAM,True
35,0.20920686561564159,2.0000000000000004,1.99,2,-23.491518069855985,0.40507931621491605,SAM,True
36,0.3261262263124972,3.8711271783371752,0.54,1,-14.388717007122171,0.13785886080987278,SAM,True
37,0.17404701363658506,2.0000000000000004,0.92,1,-3.0717043481023563,0.18748345641182343,SAM,True
38,0.25814208585602905,2.0000000000000004,0.51,2,0.7226596591710365,0.08745139149187009,SAM,True
39,0.5339317735170666,4.007417301118267,1.02,1,-21.986437288822223,0.34914288589715026,SAM,True
40,0.5611981475468761,2.0000000000000004,0.97,2,0.7653242504937476,0.16402583348859,SAM,True
41,0.4013459123071045,3.513428411618789,1.29,1,-18.475594369257763,0.3738761185234167,SAM,True
42,0.08301319231518359,2.5023544491555176,0.91,1,-10.840639613440615,0.22088473456886706,SAM,True
43,0.06854590071602704,2.0000000000000004,0.6,2,-18.127017829484636,0.13874507495513674,SAM,True
44,0.28235581281649486,3.5258875542994774,1.18,1,-374.4222620713071,0.41438434870153484,SAM,True
45,0.11729207125149368,2.0000000000000004,0.87,2,-13.653619951164995,0.18119487309740498,SAM,True
46,0.4206982208584716,2.773672205854237,0.83,2,0.6011532750360353,0.20063897626667138,SAM,True
47,0.36590800233824383,2.0000000000000004,1.18,1,-0.12070717831660338,0.22650268042399557,SAM,True
48,0.10842150955688175,2.0000000000000004,1.17,2,-27.90702262193508,0.2627460035004893,SAM,True
49,0.3485555208473406,3.8136048781355436,0.92,1,-103.66359047630246,0.3123427273346801,SAM,True
50,0.07989539454316187,2.0000000000000004,0.84,1,-31.681895353160456,0.1876123697823622,SAM,True
51,4.4379755095188065,5.465975543413175,1.41,2,0.9746857877763547,0.12102135373154795,SAM,True
52,0.25602036293298935,3.56751014476881,0.78,1,-61.165022930056445,0.27595679569330994,SAM,True
53,0.3206611656188372,3.749021297473102,0.89,1,-48.59352640039399,0.2654430308622921,SAM,True
54,0.17293962627807866,2.0000000000000004,0.58,1,-0.2775006328328107,0.12025575948260037,SAM,True
55,0.07082814122865998,2.5665567398490503,0.58,2,-4.468002728122746,0.1398466205437691,SAM,True
56,0.5797035063118495,3.8117200435627594,0.78,1,-5.325880968083283,0.2547637157710835,SAM,True
57,0.5762028015164005,3.5891345937093946,1.07,2,-7.809927181716622,0.3685382542948964,SAM,True
58,1.2023787637766226,4.184679993862009,1.29,1,-3.584112428096004,0.36916987410307833,SAM,True
59,0.22342768130932417,3.6113225490158594,0.87,2,-585.5107720563677,0.30302496014873914,SAM,True
60,1.0807218185388943,3.887460129816102,1.31,1,-3.7656778151362715,0.36919766531789777,SAM,True
61,0.32763534493966917,2.3295669473777436,1.05,1,0.030707555729784675,0.177903122670389,SAM,True
62,0.40667706768313683,3.88643378024252,0.92,1,-47.93897728872244,0.3141782290870289,SAM,True
63,0.37710968617529467,3.570638119700104,1.22,1,-56.3665254057209,0.379100137308638,SAM,True
64,0.5683431548441145,4.325553419914556,0.57,1,-2.629019557842563,0.22633724069526523,SAM,True
65,3.13201233159292,5.199691195166348,1.22,2,0.9769388382496833,0.07680547604919415,SAM,True
66,0.6271764842620358,3.679739612486916,0.79,2,-1.5645195044380347,0.1888087511248274,SAM,True
67,0.0888541899165778,2.0000000000000004,1.07,1,-68.6840812869834,0.2330847423890799,SAM,True
68,0.38695125634538086,3.648721388028619,0.89,1,-24.582487747140867,0.31882471828516074,SAM,True
69,0.15732834798412662,2.0000000000000004,0.77,1,-2.4785364308216584,0.14823495392525218,SAM,True
70,0.5243489452403786,2.716264472359426,0.82,2,0.6954034005774976,0.18405699640770842,SAM,True
71,0.2974430003534288,3.8045157376150254,0.74,1,-91.36970088613015,0.2620997333955604,SAM,True
72,0.18922912367861094,2.0000000000004796,0.71,2,-0.672041417318213,0.13202663282664742,SAM,True
73,0.5283896962906951,3.7171410317105527,1.18,2,-44.216806319034504,0.3624982938053769,SAM,True
74,0.40934144792735516,3.6513157642858425,1.29,2,-367.2387014823817,0.44451457212158,SAM,True
75,0.23676074400586236,3.569352812483139,0.76,1,-101.26346067779052,0.2547456957664233,SAM,True
76,0.0728570250663976,2.5763299225604204,0.52,1,-3.7406829287166055,0.12894001560485344,SAM,True
77,0.32359809345141616,3.7501342976583456,0.78,2,-31.448220056445095,0.28890242220858986,SAM,True
78,0.08023920322648899,2.4525273052240135,1.1,1,-15.609243276601987,0.2842089658552345,SAM,True
79,1.342657150560277,4.14822114231654,1.01,2,-0.152625611586944,0.28265633122413625,SAM,True
80,0.2757392264256093,3.6141823248522087,1.1,1,-1258.5462572399406,0.38870962043471896,SAM,True
81,0.30015586730139926,3.5691455235488494,0.92,1,-49.18942203975045,0.2806899585374935,SAM,True
82,0.18026534346173922,3.7386152471037386,0.55,1,-118.90135135220164,0.2034334054002093,SAM,True
83,0.33248837335956744,3.8005121219577886,0.94,1,-86.35108231281954,0.31938647500181894,SAM,True
0,0.09402082535245933,2.0000000000000004,0.75,1,-13.423509851091008,0.15530244343826619,SAM,True
1,0.4136444541008068,3.8747288593589584,0.69,2,-21.31452526950288,0.2196451766660612,SAM,True
2,0.17522322247123356,2.0000000000000004,0.84,1,-1.6430785254453575,0.1662205245480579,SAM,True
3,0.1359774701078335,2.0000000000000004,1.0,2,-10.987162955779784,0.19740129173463158,SAM,True
4,0.3129052128593482,3.718605115016472,0.98,1,-125.82016046598343,0.31416002559372014,SAM,True
5,0.8189556132535079,3.9045476299738615,0.82,2,-1.3055499140269813,0.25996402351464143,SAM,True
6,0.4648436400253968,3.8242528373542077,0.73,2,-13.07225081891224,0.21385008765205782,SAM,True
7,0.1587964569538653,2.0000000000000004,0.85,1,-2.2208177940147698,0.15768181212615542,SAM,True
8,0.545794437786455,3.9838625959683625,0.67,2,-5.768126938915335,0.19647756437507255,SAM,True
9,1.1810594562719967,4.616922065304477,0.74,2,0.5136828566074485,0.12655510154205032,SAM,True
10,0.3733680954598435,3.6634478048426553,0.65,2,-7.61550206797979,0.23936406679483432,SAM,True
11,0.3353331043423256,3.678305738108148,0.75,2,-31.16430960528004,0.2451254136492577,SAM,True
12,0.6603103496326992,4.1420168983351875,0.88,1,-8.331736369972562,0.24711922081477425,SAM,True
13,0.49881023302110306,3.7202369034302687,1.33,2,-168.00386082538728,0.4598084708795169,SAM,True
14,0.16547493430896312,2.0000000000000004,0.92,1,-5.256333547230968,0.19582791388809986,SAM,True
15,0.2799009631561979,3.5613486339067775,0.5,2,-5.780730676053861,0.1683237246678272,SAM,True
16,0.39755512019061,2.45717435654082,0.64,1,0.7074646363573709,0.14300120717817788,SAM,True
17,0.4197220376282401,2.0000000000000004,1.26,1,-0.07439743702448731,0.23351604205124546,SAM,True
18,0.2835888125091909,3.550061743071442,0.94,1,-88.62542932177267,0.32757159370311567,SAM,True
19,0.5792770251538835,4.2508027649786495,0.75,1,-5.448167703775092,0.21220289786161245,SAM,True
20,0.45480593885934134,3.935537768541946,0.63,2,-7.510959027998043,0.215042692675511,SAM,True
21,0.373678990543309,3.847472525864968,0.84,2,-79.67640520440649,0.2788764145944362,SAM,True
22,0.15798045149683196,3.56899681865833,0.63,1,-328.8563872752692,0.2097606814888056,SAM,True
23,1.0057931199358832,5.573740895305572,0.4,2,0.7378999992502313,0.08788773956642737,SAM,True
24,0.5360209154798226,4.435141759315644,0.45,1,-1.1687415837943766,0.10720999671419072,SAM,True
25,0.10081381729092033,2.0000000000000004,0.86,1,-28.77120752461614,0.18583487489853653,SAM,True
26,0.8588968562674434,4.088117020965873,0.58,2,0.4538597698709522,0.1263995505040286,SAM,True
27,0.10246657374932254,2.0000000000000004,0.8,2,-19.223994504647802,0.18458758620679347,SAM,True
28,0.04669499178409898,2.0000000000000004,0.63,2,-79.21029674862366,0.13913862592122941,SAM,True
29,0.41267279434272097,3.8285787782968193,0.6,2,-10.913539961598055,0.17158859554030673,SAM,True
30,0.529099904693066,3.8299647935098964,0.99,2,-38.344367611378246,0.3086144486171117,SAM,True
31,0.07739215271253835,2.0000000000000004,0.87,2,-83.52502183942501,0.1751427294401504,SAM,True
32,0.44831244694108324,3.7049773425472394,0.78,1,-10.858877951957712,0.24520203274301688,SAM,True
33,0.21961197934327786,4.127874959035737,0.38,2,-7.615050559306532,0.11584364638053042,SAM,True
34,1.0688889867869988,4.535609768932931,0.92,1,-1.083452859524645,0.2366434206126631,SAM,True
35,0.9495818975081026,4.100098715275205,0.59,2,0.48473336970621916,0.15187450191228405,SAM,True
36,0.49343023784486917,4.0003564048001214,0.61,2,-5.8909947929505755,0.1865867492160067,SAM,True
37,0.08757430507762569,2.0000000000000004,0.62,1,-6.424589028207895,0.1324770519712284,SAM,True
38,0.3040727590282628,2.3663931551675024,0.97,1,0.07191368547022148,0.16737998102802534,SAM,True
39,0.2638434755072385,3.584433757441615,0.96,2,-408.3379369997644,0.33496809088479673,SAM,True
40,0.18815506939139673,3.5830845085903693,0.75,1,-772.0342701702109,0.26962222231634875,SAM,True
41,0.13899710154608974,2.0000000000000004,1.17,2,-20.746689405404606,0.23680190757931008,SAM,True
42,0.1555151378337366,2.4605892527136493,0.9,1,-3.166575412566168,0.21383277789150218,SAM,True
43,0.07784875348881255,2.0000000000000004,0.56,1,-9.596996227552273,0.11673789936705313,SAM,True
44,0.22042445588287454,3.6487953912041653,0.75,1,-179.82807547765273,0.24846105668155694,SAM,True
45,0.9528273019452043,3.9821945561079386,1.01,1,-2.5237086554070354,0.32283366706564415,SAM,True
46,0.4084224584429994,4.170082691676122,0.39,2,-2.016498274957422,0.15107015748879762,SAM,True
47,0.29171944004495376,3.6340747161224027,0.69,2,-35.826559615348785,0.22922105909187074,SAM,True
48,0.14013685738938045,3.5050855466105486,0.53,1,-94.7040511802066,0.19436865540355666,SAM,True
49,0.23438926229600981,3.5834031184030355,0.83,2,-131.8491507487741,0.28316502860687104,SAM,True
50,0.2595181529726272,3.7683051559383727,0.57,1,-54.62336407007418,0.18220386552316356,SAM,True
51,0.10635159050874717,2.0000000000000004,0.57,1,-2.0020191237880187,0.11856519325636146,SAM,True
52,0.17379549050412263,3.756238832952788,0.49,2,-105.49636777693883,0.17911160160393033,SAM,True
53,0.3481331264641007,3.8771222094852016,0.78,2,-47.01108823669946,0.24780173878295575,SAM,True
54,0.7107519516865586,4.9654060622142,0.37,1,0.46620418387630325,0.10150874895957843,SAM,True
55,0.4752718555372575,3.6536957347824814,0.89,1,-11.607657748762568,0.2956499470187182,SAM,True
56,0.4865663518834332,3.7642787990238977,1.4,2,-143.7930129770428,0.4879688081946188,SAM,True
57,0.4448274449248188,4.004956911511807,0.4,2,-0.8300395869335688,0.11233620200101871,SAM,True
58,0.3691325027309936,3.5662649601958147,1.05,2,-44.321603234915685,0.3671228630365067,SAM,True
59,0.2970217113222931,3.583683649325854,1.08,1,-148.59652605415212,0.3502757296881608,SAM,True
60,0.06224178543994049,2.4478261627664857,0.91,1,-25.2042186375776,0.22950049991564503,SAM,True
61,0.43724307369506343,3.7714558259119717,0.66,1,-7.0628235406020785,0.1955091575863118,SAM,True
62,0.5246902102962264,3.74580203370388,1.05,2,-27.60770434640442,0.3553394303349527,SAM,True
63,0.48706914985403593,3.772049495800871,0.92,1,-28.927353462080667,0.29230769957080976,SAM,True
64,0.9849023915361308,4.113909970587214,0.81,1,-0.4945432595615742,0.2114922566794778,SAM,True
65,0.43189306290269946,3.925236596301192,0.74,1,-13.022990141920898,0.2543359814410229,SAM,True
66,0.226800036462997,3.7473567189683066,0.61,1,-42.44507282601414,0.18517178315608296,SAM,True
67,0.5384840055995437,3.819371985096131,0.72,2,-4.502694392045054,0.22378258642799723,SAM,True
68,0.24086075672080767,3.525764292877588,1.16,1,-1739.6436802219885,0.41088323225063705,SAM,True
69,0.4467819533114136,3.883044501844397,0.96,2,-50.248998002914824,0.3230810992342894,SAM,True
70,0.43843259186774564,3.9427452689128826,0.83,2,-8.65062933036845,0.21496110067412308,SAM,True
71,0.41134994971811645,2.4281976939019105,0.68,2,0.6813233014204078,0.14874858200620342,SAM,True
72,0.31278287556209367,3.7951344592365253,0.63,1,-44.4777447342902,0.20376746782155133,SAM,True
73,0.2119076509650753,3.471878544558797,1.08,1,-841.3318461614275,0.3797906072254586,SAM,True
74,0.34942716334799007,3.6973667376119272,0.66,2,-14.334776592329666,0.22209939802569578,SAM,True
75,0.2231223953755555,3.6497795870933976,0.82,1,-215.96184588097725,0.27279646833706483,SAM,True
76,0.6341893071241022,3.9133042871345305,0.68,1,-2.177667191369457,0.21225766177602923,SAM,True
77,0.23672948577118128,3.6163520169236194,0.87,1,-180.96640468321056,0.28224647439120076,SAM,True
78,0.598045530455394,4.030838292547705,0.79,1,-9.884246909786137,0.2378403738001959,SAM,True
79,0.15311401822079954,2.0000000000000004,1.08,1,-10.1459068697399,0.2310516855155595,SAM,True
80,0.4846410489727971,4.239805139586841,0.57,1,-3.9075721066852234,0.1363627174568999,SAM,True
81,0.2749996661802381,3.4964868972639236,1.25,1,-483.41159141651264,0.44480677872325697,SAM,True
82,0.27773107142028225,3.6725298460682443,0.9,2,-203.9901748742669,0.2950373329912821,SAM,True
83,1.2188027996964346,4.288896935279123,1.13,2,-2.0914470279970723,0.3424518508422928,SAM,True
84,1.4943286463279946,4.1418644830424665,1.17,2,-0.5395553194108744,0.3756530235551927,SAM,True
85,0.722105246969816,4.072076991776557,1.02,2,-13.027188843819479,0.27329704315291775,SAM,True
86,0.4301710731637549,3.8572020001068124,0.8,2,-29.901336374600792,0.2693003070011513,SAM,True
87,0.11459616562693568,3.6023949889888898,0.45,1,-310.55078515295685,0.15463351111738177,SAM,True
88,0.18260366713382706,2.0000000000000004,1.21,1,-4.868733939210211,0.24678799064172097,SAM,True
89,0.4273804106056702,3.6833917755508168,1.29,1,-115.65730958911819,0.4788252394914759,SAM,True
90,1.5428253041494986,4.242775206480063,0.73,2,0.670902297780406,0.23237548094430935,SAM,True
91,0.09529933051013616,3.612336008342803,0.33,2,-132.61139126006856,0.12067991401781605,SAM,True
92,0.07236768901882051,2.0000000000000004,0.52,1,-7.957748207407775,0.10907279666232246,SAM,True
93,0.1804498948146508,3.72396362551006,0.55,1,-166.7448542998923,0.19599380509259814,SAM,True
94,0.437011438214831,3.803824488614316,0.81,1,-31.797563822709243,0.2375800483273888,SAM,True
95,0.5937283675454065,3.7510628487196267,0.74,1,-2.531643422000755,0.2374967887934389,SAM,True
96,0.3009658400047657,3.6299736968215663,1.08,1,-422.7793354371931,0.37942334936238303,SAM,True
97,0.19171710016421395,3.6146527680447527,0.79,2,-1367.6415460013056,0.2768463952737565,SAM,True
98,0.38679443044764306,3.702071748430624,0.95,2,-78.43546338198504,0.3199569555948631,SAM,True
99,0.2931659328974694,3.61557634421987,0.69,1,-31.153777883098932,0.22983855904073638,SAM,True
100,0.510671088244418,3.9162233233893398,0.82,2,-21.439606832675967,0.24457842568443008,SAM,True
101,0.052254261118057616,2.0000000000000004,0.49,1,-18.033835350807575,0.10512304441141997,SAM,True
102,0.04979121764032278,2.0000000000000004,0.47,2,-19.384391045392427,0.10543928600026925,SAM,True
103,0.378899129661877,4.0645827584957095,0.69,1,-4.972096276134962,0.17396796262396105,SAM,True
104,0.0939178031901477,2.4094412730174595,0.72,1,-6.27067997758289,0.17485695373341795,SAM,True
105,0.3392302999230751,3.7673327109043298,0.76,2,-28.29445251240291,0.2540641030211255,SAM,True
106,0.11557417135251376,2.0000000000000004,0.59,2,-2.49816599728916,0.12280819579357313,SAM,True
107,0.07534873889394944,2.0000000000000004,1.06,2,-321.6849612530381,0.22735633693197155,SAM,True
108,0.0976375226555067,2.0000000000000004,1.05,2,-57.11815019547469,0.22064017614599885,SAM,True
109,0.20743441822636668,3.673647078822713,0.56,1,-90.86736135515947,0.19448061945482564,SAM,True
110,0.3229402643634392,3.626838964836955,1.12,1,-178.9091499443052,0.3725247936729033,SAM,True
0,0.23928484090665797,3.66598041774322,0.88,2,-714.4287969873325,0.31027100883359277,SAM,True
1,0.1661085918557154,3.4693106885388265,0.7,2,-188.78318274366967,0.24167679309605167,SAM,True
2,0.07813900720217794,2.0000000000000004,1.11,1,-156.9191925037193,0.23820567805682447,SAM,True
3,0.27523120703317,3.4751354869133824,0.87,2,-53.97720083405038,0.28570509085131174,SAM,True
4,0.11538928678049441,2.0000000000000004,1.22,2,-28.25019831837433,0.26436741735686803,SAM,True
5,0.6851637061581297,3.968223439636354,0.79,1,-4.115521863817924,0.23890310989628155,SAM,True
6,0.13221631167042253,2.0000000000000004,0.71,2,-3.553058100038319,0.14683883703184747,SAM,True
7,1.0012307542658525,3.9431158534090796,1.02,1,-1.8508301184316376,0.2990434371083111,SAM,True
8,0.5943370711586957,3.6987071075355002,0.9,2,-5.120507648948968,0.31056413345883777,SAM,True
9,0.20394994153982415,3.5525257449109313,0.91,2,-2187.9318047470165,0.3258605251457709,SAM,True
10,0.1214063135640583,3.5062680604782503,0.66,1,-2402.282760539826,0.23382618074604297,SAM,True
11,0.5001654120689877,3.90942460415542,0.65,1,-6.0922900885224385,0.20432948558299038,SAM,True
12,0.7630098310715633,2.5284166499843796,1.05,1,0.7749264293256091,0.22978791254933925,SAM,True
13,0.6495712793166746,4.017461267150851,0.92,1,-12.859847265484706,0.2682735952117646,SAM,True
14,0.20265462680087531,3.584087122375651,0.92,1,-1183.928629022799,0.3226207227897217,SAM,True
15,0.2743672395200539,3.618759269507644,0.77,2,-68.67399254778283,0.2734231043708102,SAM,True
16,0.06732507080945276,2.0000000000000004,0.82,2,-57.82766104106697,0.17654814619813752,SAM,True
17,0.05124542653753859,2.0000000000000004,0.56,2,-37.52479994408488,0.12079432097090555,SAM,True
18,0.5123463777022694,3.940065330276718,0.76,2,-10.90692921133615,0.2546646160773914,SAM,True
19,0.06714406567665465,2.0000000000000004,0.67,2,-20.190672019129366,0.15199295618065542,SAM,True
20,0.06570116796452526,2.0000000000000004,0.89,2,-121.99658674168299,0.19101232287748565,SAM,True
21,0.43412733223418737,2.0000000000000004,1.09,2,0.38928942743342754,0.20694107153668412,SAM,True
22,0.06989124467668206,2.0000000000000004,0.85,2,-85.4379455284186,0.18643380132484663,SAM,True
23,0.1671445525765759,3.465285638726127,0.8,2,-366.5681396479382,0.28565735943931553,SAM,True
24,0.33746796223132763,3.688942543087563,1.06,2,-231.43906214831333,0.3753849451387115,SAM,True
25,0.2497275325526437,3.5473389265598296,0.96,1,-283.005676651001,0.3401152042422086,SAM,True
26,0.1054585735625125,2.0000000000000004,1.12,1,-44.915890276705724,0.23267288469404226,SAM,True
27,0.7503847426370497,3.8376730847732445,0.78,1,-1.3742832180526436,0.24188292256876512,SAM,True
28,0.04818009926548624,2.0000000000000004,0.46,1,-16.884414974625013,0.10534447463395777,SAM,True
29,0.2508137866061943,3.646124783366917,0.88,1,-451.6572002011552,0.3166871157413384,SAM,True
30,0.07658107049165593,2.0000000000000004,1.04,2,-130.30402188906976,0.22611606109116805,SAM,True
31,0.06387930562358256,2.0000000000000004,0.91,2,-265.7766270215923,0.19170588968128904,SAM,True
32,0.2779739848598516,3.5968080814169205,0.81,2,-61.99817501677796,0.2849985561908726,SAM,True
33,0.37992610270128446,2.0000000000000004,0.9,1,0.4590456044611281,0.15203462408176546,SAM,True
34,0.5334820953351501,3.835328223028348,0.75,1,-7.177104907438723,0.2184294957869179,SAM,True
35,0.16177284238687215,3.5943022854161835,0.59,2,-333.35112064460986,0.2006719934879723,SAM,True
36,0.2535525706735408,3.7159937049767557,0.78,1,-179.94883092169817,0.2836240685741429,SAM,True
37,0.30132225992635536,3.922060068323676,0.58,1,-38.22887086337873,0.19071297782188348,SAM,True
0,0.3497359145047462,3.7578286857162295,0.99,2,-171.5005909031502,0.3451405627481061,SAM,True
1,0.04331654100661968,2.0000000000000004,0.49,2,-29.049087933016118,0.10918779985613843,SAM,True
2,0.10451480045425625,2.0000000000000004,0.79,1,-11.692867953159936,0.15754208030532482,SAM,True
3,0.20033521512063682,3.6216665807819264,0.63,2,-159.5489426696387,0.2232217951879903,SAM,True
4,0.5833967544620704,3.5955525138651168,1.01,2,-6.014505163913542,0.3561802077523965,SAM,True
5,0.10440593054790186,2.0000000000000004,1.06,2,-28.79714240206721,0.22694178287267655,SAM,True
6,0.3636618856234314,3.7316947648312375,1.01,1,-224.5030023715409,0.3439952041736427,SAM,True
7,0.29452191563344987,3.7005491925542104,0.89,1,-209.42655511891715,0.3139855814185802,SAM,True
8,0.2019818489034824,3.5349980498965614,0.99,2,-4108.19355351802,0.35087239683879357,SAM,True
9,0.8437361019146947,4.3142795379109105,0.71,2,-1.1967708193384294,0.1769275193745592,SAM,True
10,0.04827768726078863,2.0000000000000004,0.34,2,-6.1167732471038905,0.07556595915189772,SAM,True
11,0.47599550339382307,4.091111722042178,0.42,2,-0.9769214277446585,0.11003488107612257,SAM,True
12,0.2668955193216306,2.0430372997420982,0.54,2,0.7662757536227672,0.08523047411655699,SAM,True
13,0.24728632239586654,3.5059871568055967,1.0,1,-236.80984145189285,0.3448638569182136,SAM,True
14,0.2564557638388344,3.6959409888390327,0.78,1,-329.3886690958728,0.2697188926423588,SAM,True
15,0.4717664622404746,3.8356392633840124,1.2,1,-72.23476509317287,0.4190178459504754,SAM,True
16,0.15272208705795837,3.57601591863543,0.66,1,-346.645201753958,0.2210149933792924,SAM,True
17,0.18117219381807745,3.529572750561582,0.88,1,-1546.6586184823848,0.3149926888531,SAM,True
18,0.49676201484806976,3.7762163432152165,1.24,1,-163.7993415264472,0.4074359148541099,SAM,True
19,0.5304389632274069,3.651043036807144,1.02,1,-13.137348457341247,0.3415978756856611,SAM,True
20,0.14115738329433855,3.5941588227267545,0.56,2,-422.1051460540296,0.18918367874822176,SAM,True
21,0.27099576124991276,3.563644729390721,0.79,2,-42.91353677507199,0.2807387740630571,SAM,True
22,0.8405903261648149,3.98338646406599,1.09,2,-7.996137507205924,0.3168410615567547,SAM,True
23,0.07232092910430314,2.0000000000000004,0.71,2,-17.133816585347535,0.1567084546938711,SAM,True
24,0.06980022574251026,2.0000000000000004,0.68,2,-24.561438551023578,0.1486586604058874,SAM,True
25,0.34576601416424796,3.6862952596291025,0.92,2,-108.90215704950333,0.32072421628566367,SAM,True
26,0.16607559081338222,2.0000000000000004,1.11,1,-4.67354849622635,0.24343409232808635,SAM,True
27,0.11377441488825124,2.504939054663376,0.93,1,-4.819110164242275,0.23460232216313343,SAM,True
28,0.19640279808466557,3.632981804934558,0.69,2,-145.0997474909516,0.22243025533936667,SAM,True
29,0.3293757135159225,2.5197007776475644,0.74,2,0.36410587940254324,0.16111387675281058,SAM,True
30,0.1029096480793958,2.0000000000000004,0.99,1,-34.54131055726962,0.20761195625090753,SAM,True
31,0.33842063430303787,3.6267459185695454,0.86,2,-39.540832302339666,0.2858681306507674,SAM,True
32,0.6705315862503064,3.9757391067595504,1.13,1,-19.729421171799984,0.3823302440455262,SAM,True
33,0.23531675117746423,3.654277724363354,0.84,1,-442.8182910590952,0.2895543357713258,SAM,True
34,0.2615830814251544,3.572109958181619,0.63,1,-22.352315641294016,0.2059740746825214,SAM,True
35,1.0486574998935445,4.272533124185269,1.08,1,-3.3137211406440414,0.2785204611374213,SAM,True
36,0.12388929337051713,2.0000000000000004,0.8,2,-9.13577396469473,0.16624108978948918,SAM,True
37,0.4608859366005721,3.7121859177428576,0.85,2,-14.359817760514643,0.2845350892808728,SAM,True
38,0.5556737138793296,3.7045441354726014,0.96,1,-11.606537253914864,0.30158020394350166,SAM,True
39,0.4676910513947349,3.9161349523482936,0.72,2,-13.983001693560805,0.2432293814839025,SAM,True
40,0.2517665531526104,3.5656390383842695,0.84,1,-79.174095732952,0.31117690444894863,SAM,True
41,0.7283317219832878,5.299348861528918,0.62,2,0.7613011602541784,0.07786585491638372,SAM,True
42,0.22158444238208694,3.5191131196376375,0.79,2,-97.88863339793174,0.28074578601198535,SAM,True
43,0.2397919580671847,3.6125026267591465,0.92,1,-719.1503952844387,0.3287883450430494,SAM,True
44,0.1893857478629506,2.6074032993565717,0.82,1,-1.177671481005949,0.19611184570557197,SAM,True
45,0.20451644469534278,2.0000000000000004,0.93,2,-3.1345328269324018,0.18437541670285462,SAM,True
46,0.17390392996957774,3.470001094699492,0.85,2,-486.57066184891187,0.30381244542417535,SAM,True
47,0.40570446784756303,4.0924666299370935,0.65,1,-6.0092826175703316,0.1781713809088767,SAM,True
48,0.059574936315316886,2.0000000000000004,0.64,1,-30.399849997658137,0.13604531444566406,SAM,True
49,0.08064759503439752,2.0000000000000004,0.96,2,-66.62472134571556,0.20478805431411023,SAM,True
50,0.40925030879003294,2.5457859020794285,0.97,1,0.3498644845845601,0.22426628738363552,SAM,True
51,0.47227721485747415,3.820092502365081,1.19,1,-105.2905624653855,0.4066519324656186,SAM,True
52,0.3004149025203375,3.6776340342217613,0.85,1,-127.44738962039142,0.30193843620342375,SAM,True
53,0.2588325933394184,3.584860611758323,1.01,2,-447.25834540717113,0.3660020818813455,SAM,True
54,0.32216398257542456,3.531054765250293,0.9,1,-15.56359162176506,0.2543568140911785,SAM,True
55,0.05936281675281261,2.0000000000000004,0.89,1,-263.9736794073316,0.192459529887067,SAM,True
56,0.2928130260536907,2.0000000000000004,0.59,2,0.6820514647818541,0.10647004272516372,SAM,True
57,0.3516220423291908,3.5372119863590883,0.78,2,-6.3734657526363385,0.25053769017389926,SAM,True
58,0.2523262314244063,3.57738780084007,1.01,1,-801.0214002836319,0.35682053934019387,SAM,True
59,0.5465614034837066,3.9729612917970325,1.08,2,-22.577335108239314,0.32935876620009574,SAM,True
60,0.06966087317607138,2.0000000000000004,0.75,1,-49.14376477831019,0.1611955255907327,SAM,True
61,1.0175941728918128,3.6519661913402373,1.54,2,-4.472302996694419,0.5252046928018227,SAM,True
62,0.23456583633056205,3.5075625014251126,1.03,1,-470.5131382894385,0.35464930514341586,SAM,True
63,0.31413570678960717,3.656568132362598,0.84,1,-77.32701799052941,0.2833339796224122,SAM,True
64,0.36805056023668703,3.7146746889224036,0.87,2,-101.48507014414513,0.2839111348980021,SAM,True
65,0.12411831682215854,3.4836321819413367,0.57,2,-136.03404833958285,0.1983010098600779,SAM,True
66,0.31832970392622945,3.8831116036562885,0.78,2,-42.083400452026666,0.2571667611295811,SAM,True
67,0.35911014012524756,3.5613666194588305,1.29,1,-192.27038964073327,0.4541969630002187,SAM,True
68,0.14459462345469534,2.0000000000000004,1.05,2,-11.884714147791454,0.21821823411499366,SAM,True
69,0.34082838950847466,3.5781792793955187,1.28,1,-598.947475168017,0.4468092678502869,SAM,True
70,0.8291885969933992,4.267586704405332,0.78,1,-2.1067921217973518,0.21086725477813487,SAM,True
71,0.720033544998309,4.103256845894773,1.14,1,-8.794912259120032,0.3019454310101235,SAM,True
72,0.24580096294295264,3.533069991327458,0.99,2,-271.5322702450399,0.3556472296299038,SAM,True
73,0.16679036774195927,2.0000000000000004,0.87,2,-2.9283198075443226,0.17410977980472644,SAM,True
74,0.551294999904833,3.814005723204616,1.05,1,-30.8014964551196,0.3584716122666125,SAM,True
0,0.3498403779770414,2.0000000000000004,0.56,2,0.7789089992821391,0.11583174696107137,SAM,True
1,0.3980427985625844,3.7862852926710913,1.03,2,-77.92919106233974,0.37555207468632834,SAM,True
2,0.13024226028605015,2.0000000000000004,0.8,1,-6.832419483100845,0.16432509276783985,SAM,True
3,0.3960794248489882,3.7209987242576794,0.96,1,-124.69164147011809,0.3156612880532487,SAM,True
4,0.5137576936783231,3.800901457152712,0.93,1,-25.469483779043173,0.29967372439262796,SAM,True
5,0.1195152635653318,2.0000000000000004,0.58,2,-1.7841959223877506,0.12277065778627734,SAM,True
6,0.2096967930407439,3.6659239249159956,0.73,2,-179.85475631702795,0.24362824646515321,SAM,True
7,0.040752415968053304,2.5258883319090977,0.76,1,-12.99430478771446,0.19978067230528865,SAM,True
8,0.24036796473049019,3.9051308026606026,0.54,1,-32.19999605295534,0.19740103182940613,SAM,True
9,0.21519589598413125,3.578233673727733,0.88,2,-147.80848339134994,0.2848757527454848,SAM,True
10,0.17828223671563156,2.0000000000000004,0.94,2,-3.5821769371201455,0.19110001842108135,SAM,True
11,0.08477539647762419,2.0000000000000004,0.81,1,-24.828803732356988,0.16250662167466004,SAM,True
12,0.35894406616133445,3.722049998103658,1.03,1,-150.16571560136217,0.3694114911032541,SAM,True
13,0.2623799332853326,3.695253621066889,0.65,1,-63.68650068009117,0.22682811945598305,SAM,True
14,0.2744674362841801,3.7110513590970333,0.86,2,-147.77135519708762,0.30347227175016356,SAM,True
15,0.490905370341208,3.6611332532386265,1.09,1,-28.16700201502998,0.34438863267221426,SAM,True
16,0.24209568205928325,3.7322667589703302,0.62,1,-47.852383771685616,0.20584962754331718,SAM,True
17,0.09795591877036094,2.0000000000000004,1.03,2,-23.206785904576677,0.22633196474074563,SAM,True
18,0.4755204404313059,3.625944927574361,0.71,1,-3.7841331031528735,0.23701841870433543,SAM,True
19,0.42979402946226297,3.785551663021429,1.09,1,-97.25703291527876,0.35026097231591186,SAM,True
20,0.2108395318890676,3.7437410627768566,0.59,1,-91.69794367406865,0.2194228451298418,SAM,True
21,0.3165801393936268,3.8485051580231424,0.64,1,-49.139947188577416,0.21311091657618464,SAM,True
22,0.08196588773613257,2.5034564055650184,0.76,1,-4.714751264746949,0.18401541461659604,SAM,True
23,0.2153817228899094,3.712320389201796,0.59,1,-93.46688255574378,0.20905539587771776,SAM,True
24,0.43654439813883594,3.8886124545488103,0.63,2,-9.193825147240887,0.19238329603059698,SAM,True
25,0.3871045393983731,3.6969542399067583,0.97,2,-20.15416749432726,0.2597151649995374,SAM,True
26,0.4780083808660845,4.014776543795453,0.81,2,-0.43537531969736887,0.1554269105457349,SAM,True
27,0.3112339532808929,3.713952780055656,0.9,1,-147.55831231725895,0.3235889998960053,SAM,True
28,0.2614960168962931,3.6573371555335337,0.74,2,-50.775901575823056,0.22046457222035445,SAM,True
29,0.5803845378904237,4.101079077910648,0.65,2,-4.173583378809287,0.15753217472092315,SAM,True
30,0.08183425561387864,2.0000000000000004,0.73,1,-17.6378855679495,0.1493831542355483,SAM,True
31,0.16867671063404419,2.0000000000000004,1.22,1,-13.343870788155048,0.2611017480538475,SAM,True
32,0.7469411031851538,3.815474723395164,0.97,1,-4.188814911794885,0.31420739030613737,SAM,True
33,0.36007371655054216,2.7867872007685373,0.64,1,0.7291854295029611,0.15177605912843872,SAM,True
34,0.4534580135297991,3.977330333303669,0.92,2,-22.11232758310593,0.2824908654497858,SAM,True
35,0.22625178144431451,3.696770637266629,0.74,1,-226.12711473548475,0.2458840512750648,SAM,True
36,0.3836564823295345,3.692923811477707,0.62,1,-6.581105420559599,0.21677413840911333,SAM,True
37,0.2817009944798268,3.5153550974575274,1.26,1,-553.6011996874024,0.445486804850761,SAM,True
38,0.1438778301578518,2.0000000000000004,0.94,2,-4.871612264783308,0.20163445268183505,SAM,True
39,0.48636413267802947,3.5766292029052678,0.94,1,-7.964013756379185,0.3391001831680885,SAM,True
40,0.4524614985187212,3.881232602506185,0.66,1,-8.863911061468505,0.22700537157469694,SAM,True
41,0.08514694469651306,2.0000000000000004,0.87,2,-37.23352254035914,0.19148354528837305,SAM,True
42,0.07767117634837453,2.392802503351089,0.71,1,-11.014563181801185,0.1682862078413275,SAM,True
43,1.4498701100126128,4.465637366467712,1.09,2,0.28509786377149515,0.17953045448148364,SAM,True
44,0.5753583610964436,3.7857082019652273,1.15,1,-29.394641709575296,0.40100572001189955,SAM,True
45,0.18326343428941144,3.5314466051350957,0.91,1,-3948.383571862937,0.32503232231169504,SAM,True
46,0.3840164194540163,3.651481957029723,1.21,2,-118.00945627464549,0.38386553424475994,SAM,True
47,1.4668443730687304,4.462451658532797,1.16,2,-0.6731470976317266,0.30468479883170213,SAM,True
48,0.18832463001443306,3.803683864615028,0.49,1,-26.130670304223557,0.14581693188420555,SAM,True
49,0.15664497171116679,2.0000000000000004,0.6,1,-0.9449096466138716,0.12359053441519123,SAM,True
50,0.2537646679324486,3.5413738466677893,1.12,2,-492.27373089592703,0.38764791935483833,SAM,True
51,0.07683256731238952,2.0000000000000004,0.57,2,-11.669068416518728,0.11958825691221944,SAM,True
52,1.203892588338401,4.030650557415542,1.36,1,-4.0425831107669286,0.4031569346424232,SAM,True
53,0.29868108594334075,3.686998774311073,0.88,2,-223.7314660694652,0.3041520354902046,SAM,True
54,0.5046123808206979,4.783172717060557,0.53,2,0.5419979745135324,0.07770059652256611,SAM,True
55,0.42554529905791433,3.8334903984422684,0.97,2,-86.88998518514605,0.31380799065805354,SAM,True
56,0.15296979322244444,2.0000000000000004,0.93,2,-4.117280452917323,0.18336949183549184,SAM,True
57,0.07878324824656766,2.0000000000000004,0.81,1,-38.07914445972497,0.1719786605742069,SAM,True
58,0.10923085536714237,2.0000000000000004,1.04,1,-29.745409505306366,0.21395954042066218,SAM,True
59,0.32092865809937976,3.5584288560991535,1.34,1,-680.0537240343142,0.4691367833147695,SAM,True
60,0.22864321454262965,3.7078366894489028,0.61,2,-94.1677021011669,0.21975417801310654,SAM,True
61,0.19721951502922777,3.544914098375877,0.6,2,-53.96482786781043,0.20760833177120377,SAM,True
62,0.08288489518811304,2.0000000000000004,0.95,1,-68.64475938137797,0.19617593528910635,SAM,True
63,0.24921133836220968,3.566810389657319,1.02,2,-543.7582250065325,0.369178900147861,SAM,True
64,0.08728109883862462,2.0000000000000004,1.12,2,-145.0231092888706,0.2386888692841494,SAM,True
65,0.38694089896755907,2.6074764035372358,0.61,1,0.782569978643954,0.1219594849671005,SAM,True
66,0.2719735713918631,3.6804912028742054,0.89,2,-443.3753179534448,0.3025579539499989,SAM,True
67,0.3981570843886313,3.7335618903878776,0.89,1,-36.55188332565873,0.3192425587947788,SAM,True
68,0.29823098515642865,3.6383539670391434,0.97,1,-351.5633973926818,0.33133776771461954,SAM,True
69,0.3608247085176347,3.593015017083235,1.01,1,-43.43965067230394,0.3670581541279043,SAM,True
70,0.22590659016878326,3.553257625019212,1.04,1,-1932.2324138720344,0.3744044368458541,SAM,True
71,0.10163785413593664,2.586900988489885,0.69,2,-2.674118391028776,0.15416069679329714,SAM,True
72,0.4042060585065298,3.8748570124427975,0.88,1,-33.60630178673784,0.31289393092029255,SAM,True
73,0.4238862732941675,3.8288879367996285,1.05,2,-62.53225463698715,0.3396533663310682,SAM,True
74,0.19769756106978076,3.60611152987078,0.79,2,-1243.2875600889406,0.2785565871544709,SAM,True
75,0.13530609417267123,2.0000000000000004,1.06,2,-20.614626972216872,0.22193316834790422,SAM,True
76,0.4249065470340778,2.0000000000000004,1.03,2,0.4308217426498112,0.1796897514956538,SAM,True
77,0.2231518749382248,3.6912823521707088,0.73,2,-233.51187815625667,0.24580406890077708,SAM,True
0,0.532829188295978,3.8125037695858475,0.88,2,-11.210857451851982,0.3048786654731511,SAM,True
1,0.3510132735349416,3.806922035559283,0.95,2,-83.92546729586678,0.3384724599246611,SAM,True
2,0.23936261382593355,3.7149048419475807,0.76,2,-91.11791156320834,0.23936862992530075,SAM,True
3,0.30838921817071396,2.0000000000000004,0.69,2,0.6715396710110788,0.12117104873298536,SAM,True
4,0.2554062860225555,2.0000000000000004,0.99,2,-1.1736285444496004,0.19273074014307942,SAM,True
5,0.38015141779813716,3.87674751359833,0.63,2,-16.023051194730847,0.2190301181264314,SAM,True
6,0.06090153276405902,2.0000000000000004,0.69,1,-69.97167499488955,0.14213155022916407,SAM,True
7,0.3102338395410845,3.63448737114382,1.0,1,-271.70766781882753,0.3256666072710253,SAM,True
8,0.3948458401995108,3.669744863578416,1.24,1,-486.5902996193152,0.4245786260190885,SAM,True
9,0.9629417572775557,4.293325822800296,0.97,1,-2.8648359418401914,0.2690626609576502,SAM,True
10,0.22546899481974506,2.0000000000000004,0.71,2,0.10552521208706134,0.14838652677879688,SAM,True
11,0.3676194941741382,3.537739601892346,0.77,1,-10.335885982266765,0.24572486655486,SAM,True
12,0.14061467112631762,2.0000000000000004,1.0,2,-9.257489535598605,0.21529289546797914,SAM,True
13,0.14362888959818115,2.6519932223190517,0.74,2,-0.669068423487774,0.1637525657429087,SAM,True
14,0.058905483668666186,2.0000000000000004,0.59,2,-26.730201627077793,0.13184232851371158,SAM,True
15,1.4602117627625593,3.9220614795739195,1.18,1,-0.16980488685017248,0.37118462877463987,SAM,True
16,0.3760756145286068,3.648259314308788,1.43,2,-335.4329213975619,0.4822928130555754,SAM,True
17,0.6920239735390691,3.897764199728433,1.56,1,-46.79869035721994,0.5119185694674402,SAM,True
18,0.3336294833466162,3.800939637741599,0.74,1,-71.78389033966467,0.2537627769749108,SAM,True
19,0.5819602500001189,3.7784948762806594,1.28,1,-88.22619836946676,0.417404652566494,SAM,True
20,0.2682326595038069,3.764101568248938,0.46,2,-16.746210921669473,0.13518457953859236,SAM,True
21,0.2477171710427376,3.5195571379307093,0.95,2,-96.97514317207016,0.30787184429627146,SAM,True
22,0.2947420401657128,3.557107051368551,1.0,1,-139.3400507478425,0.33447492410366153,SAM,True
23,0.3363651753722606,3.6963985142789455,1.04,1,-366.71926542520504,0.36522618133561197,SAM,True
24,0.308368010786038,3.7483092159304845,0.94,1,-141.2373008885593,0.31486409563385576,SAM,True
25,0.16069127022050844,2.0000000000000004,1.15,1,-10.028825671849784,0.24257980357337017,SAM,True
26,0.4488869307722198,3.936568847401765,0.88,1,-34.19407347857572,0.28928206991900235,SAM,True
27,0.32483165890348786,3.596506031209351,1.14,2,-193.47297745288128,0.41597388910660676,SAM,True
28,0.3848461263475832,3.8665217708586623,0.99,2,-32.383526324069216,0.3069315492833384,SAM,True
29,0.45408228217943936,3.8954110064059155,1.06,2,-35.15535752451716,0.3290365462767247,SAM,True
30,0.7100405761740649,3.8928935215067315,1.09,1,-15.108390363174145,0.33970911157153194,SAM,True
31,0.18046368421072,2.0000000000000004,0.64,1,-0.6135961926315461,0.12761696954589502,SAM,True
32,0.39366562717724535,2.0000000000000004,0.72,2,0.720480331416266,0.12006065537877647,SAM,True
33,0.7055231361392305,3.9142794556584164,0.83,2,-3.2306649556972653,0.22628607539602769,SAM,True
34,0.1279628619419637,2.0000000000000004,0.97,1,-7.916795028175422,0.2107687662590687,SAM,True
35,0.25887815957999616,2.4940042325439404,1.1,1,-1.1445082251790013,0.26686986644197475,SAM,True
36,0.34553165151589166,3.7908186301130113,0.8,1,-75.88655172149068,0.2643654793071853,SAM,True
37,0.3041530786942349,3.6891300800344555,0.67,2,-28.44493427023976,0.2381504872847524,SAM,True
38,0.2705354357626523,3.7783512437303717,0.49,1,-20.945769510421176,0.1539605310003217,SAM,True
39,0.5065854961128589,4.521048205921962,0.61,1,-1.372852310215812,0.15413582178297294,SAM,True
40,0.3776259985628066,3.7305946325981973,0.88,2,-57.69448044838835,0.29803966139724836,SAM,True
41,0.10906329608039618,2.0000000000000004,0.87,1,-22.730351939101464,0.17544006292489797,SAM,True
42,0.2818211195834971,3.767814643388698,0.82,2,-81.32527014770898,0.26035707055296603,SAM,True
0,0.17156955181139147,2.0000000000000004,0.85,2,-1.9238843335375502,0.16311140350999853,SAM,True
1,0.6034370025252541,4.139327695525037,0.75,1,-0.39357431297536216,0.13998729224133005,SAM,True
2,0.7839430369457553,4.181513366056252,1.01,1,-7.841218258858314,0.308863062479719,SAM,True
3,0.5174308811258639,3.6588505532314817,1.1,2,-5.170756133877032,0.2625326584093506,SAM,True
4,0.23514161337181885,3.553388606713543,1.06,1,-1270.3380340796182,0.3766038649322677,SAM,True
5,0.36010745062215666,3.9524229894869003,0.66,2,-26.686347962387458,0.2212852965296089,SAM,True
6,0.32495803475418883,3.755031442162154,0.93,2,-70.34372888531398,0.29824116749329765,SAM,True
7,0.5462189409452191,4.043675407013482,1.02,2,-8.371536376385798,0.2820608906818429,SAM,True
8,0.4006583070028588,3.817680954341654,0.91,2,-67.31205839996169,0.31574021844954775,SAM,True
9,0.3147909956748164,3.9635489983644887,0.66,2,-19.069001564591566,0.19325685297471148,SAM,True
10,0.7913130036834524,4.6910213247655905,0.84,2,-0.7552010239755063,0.21420901180242588,SAM,True
11,0.9503714386890366,3.8329768173718466,1.33,1,-6.715248639627979,0.40827435243860527,SAM,True
12,0.06739576205280698,2.0000000000000004,0.82,2,-62.91081109267451,0.17970746215235295,SAM,True
13,0.4969479456316127,2.707993152393111,0.82,1,0.6990430969702968,0.19247931923268388,SAM,True
14,0.07364693272333861,2.0000000000000004,0.61,2,-10.305308502931464,0.13200073362318138,SAM,True
15,0.2854046465868737,3.685885481816454,1.0,2,-359.03846692077633,0.3528270118946786,SAM,True
16,0.24814901354503857,3.6069386300283672,0.85,2,-613.4675333616282,0.28843155053119757,SAM,True
17,0.19715236627299468,2.0000000000000004,1.44,2,-9.173125927698381,0.2773346876319644,SAM,True
18,2.166001765266982,5.40620672871947,0.91,2,0.8768149253586697,0.12830172883768515,SAM,True
19,0.7783283938804447,4.310714684160328,0.96,2,-3.479267462875068,0.25112245378092407,SAM,True
20,0.3678449795508824,3.621526988796639,1.06,2,-134.15805420084212,0.35986530982171505,SAM,True
21,1.2506881335774438,3.6762805768743374,1.29,2,-0.5923038912685512,0.4143989088809399,SAM,True
22,0.1937331483732987,3.538110986021085,0.84,2,-382.77774236113856,0.3028515191424478,SAM,True
23,0.08626800471684473,2.0000000000000004,0.95,2,-74.5617119607938,0.20958239138803877,SAM,True
24,0.5759190801226007,3.731904758048452,0.93,2,-8.155088812615759,0.32076873031949127,SAM,True
25,0.29558446989532794,3.6057829010582334,0.88,1,-75.28145136877632,0.317889686370581,SAM,True
26,0.2850082180747333,3.545707316809766,1.32,2,-2247.357785382466,0.46594144241152324,SAM,True
27,0.8773805720772383,4.014156054859958,1.18,2,-13.46360939037663,0.32503781230512246,SAM,True
28,0.16187165706799733,2.0000000000000004,0.73,2,-1.2279409200902611,0.14253503702513245,SAM,True
29,0.14300942259639696,2.0000000000000004,0.98,2,-5.66658448002023,0.2164024553291975,SAM,True
30,0.865321716978347,4.642574785324921,0.8,1,-0.9326453212241976,0.19611445328013719,SAM,True
31,0.46835587274102913,3.736948615698643,1.14,2,-95.03212031410783,0.3803506636328962,SAM,True
32,0.545663715194344,4.1991270185169745,0.58,2,-3.389975755337429,0.20183202279382703,SAM,True
33,0.40411858165681297,3.759059066987686,0.99,1,-157.46796575217346,0.31366104612715195,SAM,True
34,0.6918710657543223,4.046554546862312,1.24,2,-4.1635333082743635,0.2887729621703476,SAM,True
35,0.10850583217914161,2.0000000000000004,0.61,1,-3.9201414774376317,0.11549904237348214,SAM,True
36,0.2756876926010633,2.0000000000000004,0.6,1,0.6451418657048459,0.113698007811306,SAM,True
37,0.23835722916938099,3.547733345292329,0.89,2,-180.58456144590184,0.31400703314595463,SAM,True
38,0.3778883793695664,3.824662760231633,1.0,1,-41.277173205645774,0.30228145365055775,SAM,True
39,0.1894163204178153,3.6680889058631054,0.65,1,-275.40510986658916,0.22143058153569087,SAM,True
40,0.14164754618636163,2.441108993377371,1.16,1,-8.562990614083787,0.2611238272485214,SAM,True
41,0.21743042121038983,2.546867193137179,0.55,2,0.2698918522060041,0.121966539239248,SAM,True
42,0.19212163236821508,3.5038553604202805,1.01,2,-1243.8979752754087,0.35905658929968204,SAM,True
43,0.05129498327230642,2.4352652055204738,0.6,2,-22.443268317360673,0.14296425794515122,SAM,True
44,0.13301604609556694,2.560172230579333,0.57,2,-0.8015519740263943,0.1413781056735071,SAM,True
45,0.20948061258040554,2.5622626263041273,1.25,1,-2.9980694691438554,0.2715624246999663,SAM,True
46,0.2095599116764456,3.6014173133014102,0.73,1,-201.86253408490677,0.24939050568353954,SAM,True
47,0.14500053878489688,2.0000000000000004,0.76,1,-2.2944719915660032,0.1400699896340859,SAM,True
48,0.7009823289554321,4.468328501390743,0.61,1,-1.2060050400165871,0.16054747686825668,SAM,True
49,0.5101183573044816,4.137588830908614,0.82,2,-9.985554422768043,0.23812653384187588,SAM,True
50,0.5673468111958624,4.248973750745154,0.64,2,-3.2677783813715973,0.14682148549959553,SAM,True
51,0.3993922669136582,2.0000000000000004,1.11,2,0.32680563329113876,0.20767055497764594,SAM,True
52,0.393749525860421,3.7436361521049366,0.92,1,-68.73267383494462,0.31641096243899075,SAM,True
53,0.19769641091096288,2.0000000000000004,0.55,1,0.3390586614384864,0.10721442596190399,SAM,True
54,0.3188282501415838,3.5467237119111292,0.84,1,-4.203310995080242,0.1906220080943788,SAM,True
55,0.25170338117520813,3.5780937674331743,1.02,2,-1519.0177849827794,0.35783557426134877,SAM,True
56,0.2545979836997093,3.644898370065121,0.97,1,-779.9769961661129,0.3411239839541497,SAM,True
57,0.24267820117436303,3.52524263348692,1.06,1,-458.426531083967,0.37294957070047857,SAM,True
58,0.6377709472352026,4.0103844855126765,0.96,1,-13.637101090924018,0.3155207835370822,SAM,True
59,0.09120577831412367,2.0000000000000004,0.82,2,-33.30369545649573,0.17459563548514134,SAM,True
0,0.6616449311148831,3.751943147145446,1.23,2,-29.419863489942326,0.37169965267670774,SAM,True
1,0.5009255313836289,3.599756189061902,0.95,2,-8.829704593006046,0.3080664103274812,SAM,True
2,0.42687542067485773,3.9013126930931596,0.8,1,-6.46496270425693,0.1871800057556032,SAM,True
3,1.4744060137673458,4.865968174384646,0.74,1,0.7460580412067817,0.12592619114720544,SAM,True
4,0.7933301474486952,3.93906415411933,0.57,2,0.09938838949377982,0.18500447161417527,SAM,True
5,0.5177991736098203,4.24151498292574,0.73,2,-5.390647581041416,0.19448164852980196,SAM,True
6,0.1119801158045905,2.0000000000000004,1.0,1,-25.19231266148325,0.21146724883555126,SAM,True
7,0.30712810263000356,3.5917190759392947,1.07,1,-100.47461256011123,0.354464173825514,SAM,True
8,0.11641154140401472,2.671138391858278,1.0,1,-2.0719877793451067,0.2612800779745261,SAM,True
9,0.5846583211365093,2.10585709442759,0.65,1,0.9221945691610448,0.09834412008745215,SAM,True
10,0.13559201543012317,2.0000000000000004,1.11,2,-13.102193600212935,0.22188132401373348,SAM,True
11,0.2504352105990581,2.6709825413060586,1.02,1,-0.020719869635722477,0.22306684591149895,SAM,True
12,0.2400225698998824,2.452318663804018,1.31,1,-2.3400905452477545,0.2672723638747818,SAM,True
13,0.26201136326006597,3.894067150364847,0.54,1,-29.331843193114786,0.20113753785045835,SAM,True
14,0.6273363791222404,4.259211176141182,0.57,1,-1.4131145956817148,0.1449808912127096,SAM,True
15,1.2507537184547688,3.9185440449026814,0.88,2,0.24906399991734762,0.2839212214073343,SAM,True
16,0.3204611857469522,3.7323632757236243,1.02,2,-89.58747731129361,0.32428985227023965,SAM,True
17,0.051229671071992056,2.0000000000000004,0.51,2,-26.476165657266357,0.11301336577645896,SAM,True
18,1.0477611453792952,3.6170187235509337,1.12,2,-0.5674282475052732,0.3440254998248463,SAM,True
19,0.21029553460441722,3.5115801961102253,0.94,1,-521.4497111070842,0.3237012728730561,SAM,True
20,0.27003413372481727,2.0000000000000004,0.79,1,0.33356143669170313,0.14467916990631433,SAM,True
21,0.17181309288474378,2.4845965483481534,0.98,1,-1.7681892203846723,0.20889984836434508,SAM,True
22,0.21609937450502845,2.490107305012191,0.96,1,-1.6954785703061592,0.23078493490036214,SAM,True
23,0.5066189613981743,3.852658247822131,1.02,1,-63.84133480219856,0.32588300322728236,SAM,True
24,1.34873404147255,4.326412743510763,1.03,1,-0.5813515460199732,0.3411876952971161,SAM,True
25,1.192180305081992,4.780765225024913,1.0,1,-0.6396612761703713,0.26961260316785307,SAM,True
26,0.41073620934818467,2.0000000000000004,1.09,2,0.43852344057128734,0.22151297480065274,SAM,True
27,0.17704782264891783,3.530736732091751,0.75,2,-326.68371540015636,0.25116208322850825,SAM,True
28,0.22317737641812352,3.5499486535429665,0.88,2,-271.545019211235,0.304749800240165,SAM,True
29,0.12227484301165457,2.4140028002830087,0.67,2,-2.826886633958805,0.15403770831629748,SAM,True
30,1.29460791920714,4.58254144679867,0.7,2,0.474679099061621,0.18339376063185742,SAM,True
31,0.6470057025553303,3.6650252290349643,1.11,1,-7.7327598699485875,0.38191492384484665,SAM,True
32,0.5071849017954803,3.620369810745911,1.16,1,-24.434495082837635,0.39764292689073544,SAM,True
33,0.612396714445395,3.8076402133801395,1.13,2,-20.62147952580209,0.3925441111652422,SAM,True
34,0.15768410376179673,3.5588131572310497,0.72,2,-2200.381093161505,0.2569852773892799,SAM,True
35,0.2633264941903354,3.659884080430994,0.83,1,-184.43119912142615,0.2996396707757558,SAM,True
36,1.0815631114484088,4.501496266875158,0.73,1,0.14725908772198548,0.14946318995504554,SAM,True
37,0.3582090600948667,2.600283376021277,0.91,2,0.25550794178432257,0.20100190904253318,SAM,True
38,0.6243954959847042,2.0000000000000004,1.17,2,0.723628454858319,0.22587330747812243,SAM,True
39,1.574419277513621,4.5559047817381275,0.99,2,0.29116039380392467,0.21107784882643674,SAM,True
40,0.6414270038081011,3.8072816607446422,1.01,1,-11.424599922238285,0.33099867388601,SAM,True
41,0.9481226957486242,4.356790620683394,0.89,2,-1.616021227208888,0.18618764472807206,SAM,True
42,0.7279641787794275,3.9434710340650456,1.01,2,-14.184973004342211,0.27279618115184473,SAM,True
43,2.3571141506173134,4.681965303657475,1.43,2,0.6382102786088746,0.1970336940313589,SAM,True
44,1.1872051309084408,4.596457992845349,1.17,1,-1.0656809909380676,0.28493525641441086,SAM,True
45,0.25255269654004797,3.2428568879405617,0.65,2,0.05525727718010853,0.11289189222809731,SAM,True
46,0.315558221084149,3.636669803174628,0.83,2,-63.52299213676771,0.2825142404256116,SAM,True
47,0.3824582610132257,3.638989496301875,1.11,2,-156.0946204420935,0.3699385753666873,SAM,True
48,0.8737608163456821,4.195863522465163,1.15,2,-6.90677192372135,0.29872512059756673,SAM,True
49,0.33395954424187313,3.4045195256108203,0.73,2,-0.9674163750269564,0.16277822514520882,SAM,True
50,0.8073934065738424,3.1573562142589027,0.86,2,0.9481621366327887,0.08782837795734802,SAM,True
51,0.2526385773671065,3.856961329319691,0.56,2,-64.28201995059729,0.18649127628036843,SAM,True
52,0.23508164412081775,3.6510806432682945,0.79,1,-514.9798552556255,0.2756972841319011,SAM,True
53,0.5805979729062319,3.9582640459863976,0.98,2,-26.07882278502378,0.32299835059176446,SAM,True
54,0.06810229268115758,2.5306037990382197,0.96,2,-10.00568009470809,0.24658146823804122,SAM,True
55,0.13414502203842865,2.0000000000000004,1.24,1,-24.43345172881621,0.25272768281510716,SAM,True
56,1.5063997827133753,4.095736087550103,0.97,2,0.43613204058127253,0.25922518272887407,SAM,True
57,0.4661670664305755,3.9761002319958068,0.81,2,-14.007908033255418,0.2872348748075292,SAM,True
58,0.4839921580322911,3.9874365317482052,0.81,1,-18.809457916851088,0.23568937989619862,SAM,True
59,1.0473152109676451,4.2529106756811075,0.83,1,-0.42497225539136285,0.19580429074130068,SAM,True
60,0.12204362355001386,2.0000000000000004,0.87,2,-8.50307261803549,0.1832784382752127,SAM,True
61,0.3461585660325306,3.6271810101826696,0.94,2,-68.08326098329292,0.32294094523738914,SAM,True
62,0.3134013627640958,3.7241332874936743,0.84,1,-96.0674673451128,0.3024811135341013,SAM,True
63,0.42197437875683635,3.7316387342611583,1.03,1,-38.93358058917165,0.345623661850899,SAM,True
64,0.35683567597309035,3.7792959486844553,0.98,2,-117.61432791550338,0.3219102692367865,SAM,True
65,0.7649937303071891,4.0271382730912,0.93,1,-4.544732773495466,0.31261144434082644,SAM,True
66,0.22404844521474446,2.2937096018839935,0.77,1,-0.12387956506585396,0.13259240885949805,SAM,True
67,0.13365361428249442,2.449522100064087,0.72,2,-2.23262154524845,0.1741391595443278,SAM,True
68,0.3032013198549309,3.5171801804792895,1.22,2,-221.4128787964204,0.4373500608950701,SAM,True
69,0.5453151562937604,3.9577483323603158,0.96,2,-12.00033806932591,0.2750130847601584,SAM,True
70,0.4029325721478623,3.9794221510278014,0.71,1,-21.24031072948444,0.24363052125560392,SAM,True
71,0.19319405641820958,3.4759887606784345,0.67,2,-62.469592075328435,0.2174493306501516,SAM,True
72,0.3109889889181255,3.768498709944635,0.77,2,-71.26486538820156,0.2758530464826811,SAM,True
73,0.09154587782466277,2.0000000000000004,0.81,2,-12.333807172466104,0.17776554684881365,SAM,True
74,1.0317704124040465,4.713611092461335,0.61,2,0.01784920425316927,0.21818985625239404,SAM,True
75,0.32092459138802537,3.7022512621548183,1.07,2,-354.9965018334215,0.36291109905635605,SAM,True
76,0.6504319406082367,4.18274477376291,0.59,1,-1.4903123297983467,0.14224551901417337,SAM,True
77,1.2799416389957152,4.735778250926034,1.01,1,-0.2585235293923054,0.22421176803753373,SAM,True
78,0.24742244854132528,3.727910877458982,0.76,2,-99.38518727844394,0.25519578806651666,SAM,True
79,1.5609333752098187,6.660041404908579,0.79,2,0.8383917853924976,0.12878917905597667,SAM,True
80,0.44891273509032814,3.572639878328783,0.75,1,-4.694612339297735,0.22141879851533755,SAM,True
81,0.1730150065561061,2.474497753898837,0.73,2,-0.8883084933551713,0.17286413691168637,SAM,True
82,0.5329756769045413,3.893485828297745,0.72,2,-6.679666642525895,0.2479584867272389,SAM,True
83,1.145302521210533,4.145074372630016,0.94,1,-0.5355055844501064,0.2353630373439069,SAM,True
84,0.218403322425168,3.479284439920608,0.86,2,-103.50181223944229,0.3129455517471303,SAM,True
85,0.59151622376375,3.654192401661236,1.14,2,-10.982953304436123,0.4271067932835481,SAM,True
86,0.35266772270723723,2.0000000000000004,0.97,2,0.3816163812664748,0.18270797161068775,SAM,True
87,0.2564678058957245,3.6777250150795515,0.8,1,-193.44948519040125,0.2891965907047375,SAM,True
88,0.05502322757941249,2.482685306488161,0.94,2,-14.89780384835609,0.24807209191046153,SAM,True
89,0.23350882373181445,3.799573371917596,0.62,2,-107.52292591090057,0.20829397626892368,SAM,True
90,0.08148969426890972,2.0000000000000004,1.08,1,-106.06119147418576,0.2334398133574486,SAM,True
91,0.14379746213428557,2.5966004655923967,1.11,2,-2.453455467723044,0.2670731156639567,SAM,True
92,0.10958556254299795,2.0000000000000004,0.7,2,-5.720176940451491,0.13984751602792075,SAM,True
93,0.8317950527786735,4.022121780489896,0.99,1,-5.145147644867252,0.2950693590800542,SAM,True
94,1.8151539442602314,4.521899630663214,1.05,1,0.799635493399892,0.1261062751703539,SAM,True
95,0.08112634283256175,2.0000000000000004,0.87,1,-58.590733356694486,0.19161014255094386,SAM,True
96,0.23070647140871642,3.7976114572500688,0.57,1,-111.78020286873958,0.1971368309234451,SAM,True
97,0.7129022339617541,4.3064796562793966,0.82,1,-2.6331370857331744,0.19398078802402552,SAM,True
98,0.12316982262041762,2.0000000000000004,0.98,2,-16.660687101101196,0.20095108276279305,SAM,True
99,0.2529727156689042,3.6946441135582444,0.79,2,-115.04682772238151,0.29300218886680796,SAM,True
100,0.10729063361264482,2.0000000000000004,1.25,1,-63.10925203991974,0.26370914119594513,SAM,True
101,0.36173226463531694,3.541767309424957,0.8,1,-12.92629303003614,0.27561648518473936,SAM,True
102,0.4908903093737435,3.69266199197728,1.42,2,-84.61558902998208,0.5228804508226086,SAM,True
103,0.1348614705689485,3.4632840444111386,0.64,2,-233.0656295695044,0.2175017342282414,SAM,True
0,0.10329710827991832,2.0000000000000004,1.06,1,-35.455539312650295,0.22320343964481096,SAM,True
1,1.8350860786337724,4.730536196100151,1.07,2,0.3303806495506555,0.2704652182502149,SAM,True
2,0.9689162421432965,4.078012562367541,0.98,2,-2.051537874833595,0.2572564255434785,SAM,True
3,0.1951052648257919,2.0000000000000004,0.88,2,-2.1354464271545095,0.17713069648093582,SAM,True
4,0.2804425032619552,2.0000000000000004,0.69,2,0.45507795934059847,0.13962800938570374,SAM,True
5,0.061758875938028125,2.538459356591767,0.77,2,-6.66066487196,0.19884914225742553,SAM,True
6,0.33073091026622115,3.6308425565458506,0.94,2,-54.12784809694502,0.2900584710909744,SAM,True
7,0.43992311982933213,4.040947865150963,0.47,1,-2.6772528205416273,0.16247044210213496,SAM,True
8,0.7367077610917869,3.8874179640571964,1.36,2,-29.648526096791514,0.4431832419852418,SAM,True
9,0.22611915317176778,3.447711369799346,1.11,2,-205.23825826233315,0.3699009462836805,SAM,True
10,0.29970205829473784,2.3978791282716787,0.69,1,0.47015957774834083,0.14587448805052783,SAM,True
11,0.09302165184098321,2.410926609905614,0.72,1,-5.51660557533918,0.18192077371444365,SAM,True
12,0.6934035714769361,4.194490671062376,0.83,2,-6.207502987477031,0.21850898291734247,SAM,True
13,0.555408779561483,3.7374684187888443,0.91,2,-9.0179022683458,0.2684673154795906,SAM,True
14,0.15932124069148995,3.566745150598296,0.7,1,-917.0431658449253,0.25487395789916806,SAM,True
15,0.22083564575870585,3.691991220996976,0.58,2,-20.278125708034615,0.15629231687073986,SAM,True
16,0.3186403443026929,3.7061885280185516,0.88,2,-201.82570133758014,0.2980428562435385,SAM,True
17,0.10712494370631552,2.0000000000000004,0.69,1,-6.561115468678307,0.12561595234180825,SAM,True
18,0.29492096701852594,3.7515493858262077,0.92,2,-168.35828563747938,0.32003034737234787,SAM,True
19,0.0599039139680495,2.4330417697803592,0.73,2,-22.694398053660937,0.19271131708694744,SAM,True
20,0.6575080578293221,3.933607618429455,1.05,1,-20.40377946404525,0.3359546899786113,SAM,True
21,2.1068654191217524,5.609705138914285,0.9,1,0.9255911391870822,0.09184614685567322,SAM,True
22,0.07256089178010586,2.0000000000000004,0.84,2,-43.54941259429289,0.1833675793469024,SAM,True
23,1.2317244205807847,4.568951098750645,0.68,1,0.23224690779257995,0.2476432056692924,SAM,True
24,4.994883767949623,11.999999999999991,0.69,1,0.9536524322670008,0.15305435815278412,SAM,True
25,0.053733261293409815,2.0000000000000004,0.67,1,-77.86905517675194,0.14842141288041494,SAM,True
26,0.41914954252201364,3.476898485778496,0.86,1,-6.879732464182725,0.28812506764567714,SAM,True
27,0.3536225365949258,3.7123397050797973,0.98,2,-215.04361510982707,0.33484993027601057,SAM,True
28,0.25339946851914497,3.547186053385139,0.89,1,-153.52677133802197,0.31130854455403867,SAM,True
29,0.1774580856417327,3.636349160300369,0.6,1,-669.1566984705818,0.20830901618981876,SAM,True
30,0.19790513567408266,3.5159183612159723,0.81,2,-115.45856211614927,0.26063661267744215,SAM,True
31,0.5369036434295794,3.9029865179982512,1.11,1,-38.3302064902587,0.39344300719750996,SAM,True
32,0.2228717443378392,3.518478416173476,0.87,2,-205.40173795992482,0.3095479653147723,SAM,True
33,0.3394139119429588,3.9026009360464133,0.7,1,-32.23375822653934,0.23568108568467858,SAM,True
34,0.04076010838975399,2.0000000000000004,0.38,1,-14.856884779314857,0.08415180433950435,SAM,True
35,0.08548243067941295,2.9659540220456106,0.34,1,-0.17187471849061264,0.0596277443469105,SAM,True
36,0.47554330347663226,4.122611195896397,0.65,1,-9.148164146046295,0.17517309387645394,SAM,True
37,0.4495082736192298,4.496424793980153,0.55,1,-1.8705157402850894,0.15672551920153238,SAM,True
38,0.19265640027537026,3.6031530344137677,0.8,2,-939.2447392899721,0.27513470148317454,SAM,True
39,0.24287118032476374,3.5994818036993927,1.0,2,-1533.5920874011772,0.34721398932968717,SAM,True
40,0.866725196316424,4.326651831110374,1.21,2,-2.777817696559079,0.2999463018427304,SAM,True
41,0.07577158697525756,2.6168221861062637,0.96,1,-5.886881531803009,0.24295213497456788,SAM,True
42,0.5104086318457446,3.7897462184948454,0.92,2,-22.6720633767827,0.2724703441507573,SAM,True
43,0.2680617252392989,3.734045854185754,0.79,1,-253.21206370046238,0.2765036675306752,SAM,True
44,0.15530075745023605,3.655833630660689,0.53,1,-179.35264584597766,0.1932128209091181,SAM,True
45,0.23319341796631868,2.0000000000000004,1.03,1,-1.6327339724235896,0.21274085535326973,SAM,True
46,0.11854245234509335,2.0000000000000004,1.2,2,-53.705029812210334,0.2511515231382661,SAM,True
47,0.10060493253122947,2.0000000000000004,1.17,1,-50.3157400660784,0.2533652268821861,SAM,True
48,0.324021993810731,3.6000434227268894,0.92,1,-70.42563465841998,0.31678544268176245,SAM,True
49,0.9497362398514312,3.8221458556667725,0.96,1,-1.1361300481157848,0.3115652849457766,SAM,True
50,0.2969606783617892,2.428581900206252,1.23,2,-1.1114508602875786,0.29526919303853183,SAM,True
51,1.473179504158191,3.886607251712189,1.3,1,-0.4618695295982225,0.39744590527169216,SAM,True
52,0.14078950599386925,2.701739160029436,0.78,2,-2.071327610884662,0.16337729473306833,SAM,True
53,0.35367994237275563,3.6268057377528673,0.55,2,-4.473459077631286,0.18149542792964157,SAM,True
54,0.5945783425747664,3.6821349967697223,1.11,1,-13.314223175753918,0.36953151147361096,SAM,True
55,0.6918668167222057,3.736286993767765,1.36,2,-20.737711487921796,0.4772046369718853,SAM,True
56,0.36729879272898747,3.5158786813239575,1.16,2,-47.96826827075592,0.3943171365082109,SAM,True
57,0.1429712122847005,2.0000000000000004,1.23,2,-12.065530807741506,0.2594514442624536,SAM,True
58,0.49813878750100193,3.57851227831351,1.27,2,-29.307546278707278,0.45107818656512105,SAM,True
59,0.5273218024064493,2.0000000000000004,1.04,1,0.6707099172520237,0.20279552019643374,SAM,True
60,0.2668352025429903,3.5541860001935097,0.87,2,-113.63485767094377,0.28763366132929713,SAM,True
61,1.4822646229509673,4.301571151826605,1.02,2,0.20496818058502497,0.2129708085574742,SAM,True
62,0.44511724877760217,3.9915748959589568,0.92,2,-6.882996983508708,0.2333675087288255,SAM,True
63,0.6183465171804438,2.530576163273541,1.51,1,0.3709193424722229,0.33811472865169284,SAM,True
64,0.4151038757746605,3.757135657109694,1.08,1,-61.712750215458236,0.3426343071021024,SAM,True
65,1.496857267855672,4.543430901481486,0.77,2,0.6592472649562644,0.16298719045351692,SAM,True
66,1.287030028762816,4.001915425654614,1.53,2,-5.888417795633932,0.4170762455901105,SAM,True
67,0.48094511569864884,3.8720551391802642,0.75,1,-22.856476782926638,0.21000485051538573,SAM,True
68,0.4021923690453764,3.586559189778029,0.95,2,-7.286377947504038,0.25882038333407376,SAM,True
69,0.21285090643815613,2.0000000000000004,0.74,2,-0.9527107788725249,0.14884945237711847,SAM,True
70,0.28358920781411967,3.6559966339958123,0.93,2,-256.3531411341426,0.33304148434902836,SAM,True
71,0.2575234982783036,2.796271997839163,0.92,1,-1.1932411596303951,0.22243691843791202,SAM,True
72,0.625496970129327,3.691928368214585,1.09,2,-9.544432112428945,0.367009176576962,SAM,True
73,0.28358181695484697,3.67185767201555,1.0,1,-475.64912609152304,0.35727002319820916,SAM,True
74,0.21071698014951137,2.0000000000000004,1.19,1,-4.40304943067244,0.24862783887142373,SAM,True
75,0.45020251793686733,3.805198537458129,1.08,1,-59.6112146028995,0.3223122668791643,SAM,True
76,0.35286279287703826,3.530730432980088,0.62,2,-4.134225413477025,0.20665783917415387,SAM,True
77,0.6411978218305668,3.847439777430332,0.9,1,-6.780493914895679,0.2975255959536549,SAM,True
78,0.2636309924395859,3.635529482744237,0.92,2,-271.9184337636224,0.3190203961109578,SAM,True
79,0.40099819863141994,3.599336081386655,1.34,1,-93.21597374362626,0.4428968924413787,SAM,True
80,0.5716437099686479,3.617483107651533,0.92,2,-3.8463546253362333,0.2616940747267314,SAM,True
81,0.3617964899286995,3.7859143746034216,0.71,1,-17.439123530881307,0.27474428909370274,SAM,True
82,0.2077957794868789,2.4382647392977517,1.28,1,-2.53569053514814,0.30761862993437966,SAM,True
83,0.266107861287919,2.4236521345349313,0.68,1,0.36109296176314454,0.13721088525847575,SAM,True
84,0.15813022478233144,2.0000000000000004,1.11,2,-11.292320911603289,0.23029616775360034,SAM,True
85,0.18512111922761323,3.5821340732944167,0.82,2,-1943.0367634188017,0.2949831953359812,SAM,True
86,0.508947868929964,4.131213814374165,0.74,2,-5.504949510614358,0.17022903345907042,SAM,True
87,0.6393431461605774,4.150509273698056,0.78,1,-5.054657425182986,0.20050229288604587,SAM,True
88,0.6497328776199444,4.055678240645405,0.9,2,-9.901516658869486,0.23357946292103046,SAM,True
89,0.0674446607595579,2.0000000000000004,0.65,1,-23.29150550874481,0.14674693369388458,SAM,True
90,0.30011323783450844,3.802204127798341,0.43,2,-6.491009759433269,0.1332798047441611,SAM,True
91,0.6783329464224558,4.194539253740913,0.83,1,-6.217503871699537,0.23245941433371917,SAM,True
92,0.38929043384742074,3.8470011160803383,0.77,2,-41.8034459758701,0.25381272295045326,SAM,True
93,0.6765868588024246,2.0000000000000004,1.01,1,0.8238932174657242,0.1933661390919564,SAM,True
94,0.2844400098079087,3.5277492697240436,1.21,2,-552.1193722385134,0.4252881784413878,SAM,True
95,1.7015656884256103,4.442312105144094,0.86,2,0.628045831682786,0.22665287068831247,SAM,True
96,0.5282905941718123,3.8634683143042747,0.85,1,-14.442728576799734,0.25748058468425217,SAM,True
97,0.6916806011330965,3.7923660322697774,0.97,2,-5.518913492738154,0.32003932383052847,SAM,True
98,0.2877001681263602,3.518881142665564,1.03,1,-103.97558941732079,0.3596597284984788,SAM,True
99,0.22969215888487365,3.5280418405584717,0.97,2,-219.49681992775942,0.3235748908282244,SAM,True
100,0.17640008698958562,3.581820303659356,0.64,2,-229.1970023763656,0.2155099700697291,SAM,True
101,0.37550027877886405,2.405386499306328,0.58,1,0.680111061091444,0.10577540133351256,SAM,True
102,0.2934647454852655,3.743350908906753,0.93,2,-110.957373011836,0.3104596946458908,SAM,True
103,0.6228026092244222,2.0000000000000004,1.01,2,0.8263139011003123,0.15969198229255346,SAM,True
104,0.4404345368149383,3.7274291242679394,1.07,2,-79.68354360567845,0.36431807061012667,SAM,True
105,0.35314480368591056,2.5434933676664953,1.19,2,-0.057368577309377056,0.2792066606132989,SAM,True
106,0.5599971002786533,3.7682417557374968,0.82,2,-6.10133866391708,0.28239430219937045,SAM,True
107,0.186526786908048,3.55813930193081,0.74,2,-373.43411628415464,0.2581652042754397,SAM,True
108,0.528566571080438,3.71739839076661,0.83,1,-6.122346654931264,0.2933343995139756,SAM,True
109,1.0635135664829087,4.5450905790659055,0.85,1,-0.6326169704747178,0.21957728287175818,SAM,True
110,0.35180833895596925,3.6907082255919867,0.86,1,-64.24856820150143,0.29160683123501185,SAM,True
111,0.10187167361003344,2.0000000000000004,0.96,2,-18.638859153139265,0.20322481248720675,SAM,True
112,0.35429374357644966,3.914118961203345,0.75,2,-20.003238184661633,0.22332505314208634,SAM,True
113,0.6776781154899776,3.6361868640353827,1.22,2,-7.739436113197009,0.40708848292518846,SAM,True
114,0.4883536611451771,4.104533372947373,0.89,2,-4.679805351614614,0.22128673042086533,SAM,True
115,0.2530618693148383,3.637749364808027,0.85,2,-562.9531771672303,0.29293534344248345,SAM,True
116,0.8113702400706138,3.590990258663693,0.57,1,0.6466443609401651,0.14493617392030228,SAM,True
117,1.0717870721404885,3.8462392446279132,1.28,1,-3.2146586056329625,0.377660175566042,SAM,True
118,0.11459079943318072,2.0000000000000004,0.86,2,-11.273519371952126,0.1712407706788694,SAM,True
119,0.3510356241891022,3.845742730804732,0.85,1,-75.74187009258975,0.2929119505303861,SAM,True
120,0.23977257704872432,3.6684538891741902,0.77,2,-232.62488526959976,0.2736404794210085,SAM,True
121,0.30556459032795874,3.627587674379065,1.06,2,-1038.9126883464025,0.3685134976783849,SAM,True
122,0.32808016980020377,3.7879409461561133,0.92,2,-98.69966320690828,0.3019674071359461,SAM,True
123,0.7675264482073072,3.822053317869659,1.09,2,-7.008868841003775,0.3170533657378966,SAM,True
124,0.3126603250142125,3.9007720224492006,0.5,2,-15.720159522977532,0.1621623596577298,SAM,True
0,0.5890420846200972,4.116767960746823,0.97,2,-11.490527293310274,0.3070600420455403,SAM,True
1,0.29156779321014453,3.5448358460522957,1.26,1,-425.63146876904267,0.4365748603304706,SAM,True
2,0.3552387184061718,3.6494226782863013,1.18,2,-757.0855570199527,0.3998597564535324,SAM,True
3,0.4280524995056815,3.6315353059330526,0.72,2,-5.875767723580023,0.23042819627351474,SAM,True
4,0.41000934025995805,3.8845685844479054,0.83,2,-43.86422065174001,0.24435678813490597,SAM,True
5,0.2323543416088122,3.6007371850359196,0.68,2,-80.82519848379803,0.2413887778922157,SAM,True
6,0.9260053285412663,3.9158009027076957,1.05,1,-3.0174047235803823,0.32119838039324655,SAM,True
7,0.06622538540380828,2.0000000000000004,0.55,2,-12.74124130672593,0.11493777438193784,SAM,True
8,0.23866567170755268,2.0000000000000004,0.96,2,-0.5029541447100141,0.17458737557177526,SAM,True
9,0.6283271934557598,3.8870954509187783,0.88,1,-8.22025241921409,0.2802285853222842,SAM,True
10,0.2520686043513477,3.545865321359247,0.81,1,-68.34305217922635,0.2916914894608869,SAM,True
11,0.32953366086692903,3.5519603436554648,0.79,1,-16.015740675574694,0.29592886238172134,SAM,True
12,1.3263227143714158,3.9095985612727255,0.91,1,0.30771424050117613,0.29087849726087844,SAM,True
13,0.7392538245452748,4.046311190416266,0.92,2,-7.541436877100672,0.27117625492535613,SAM,True
14,0.09326726155803358,2.0000000000000004,0.86,2,-21.923716837879862,0.19200440667211263,SAM,True
15,0.32766890383804187,3.60422215740135,0.89,1,-45.551022208146826,0.32445341131090166,SAM,True
16,0.1344283793290081,2.0000000000000004,0.74,2,-3.9570996059191383,0.15954515632070665,SAM,True
17,0.18330822372529862,2.0000000000000004,0.45,1,0.4501975420560427,0.08359419382031087,SAM,True
18,0.2170553311389051,2.0100327405460794,0.91,2,-0.5415764732682267,0.15862892976185816,SAM,True
19,0.0710811683550358,2.0000000000000004,0.59,2,-10.1519158660341,0.134364980983444,SAM,True
20,0.22822065078713616,2.0000000000000004,0.85,2,-0.13660947037337956,0.14340987214193388,SAM,True
21,0.5176467357178558,3.9350776757973294,0.94,1,-17.230277423599517,0.3591377757672723,SAM,True
22,0.449013535480093,4.058329943532057,0.78,2,-11.204033204902473,0.22158877488779197,SAM,True
23,0.2272778650133207,3.520442242450203,1.02,1,-858.8111796463415,0.3624033080574441,SAM,True
24,1.0910066801167242,4.022947570623611,1.08,2,-1.8693057028300233,0.3016090332095685,SAM,True
25,0.19991254609043765,3.540391682507009,0.7,1,-96.61558873118138,0.23650107016053773,SAM,True
26,1.1205323265324239,4.538834581363253,0.84,2,0.0023045622015761547,0.14300183195207405,SAM,True
27,0.3664521620786163,3.528584491456553,0.9,1,-17.879563626412327,0.32836596748235203,SAM,True
28,0.2428765681530644,3.515159010083342,0.93,2,-126.19838052722513,0.33919346569573006,SAM,True
29,0.8598643615157375,3.92568842211555,1.0,2,-3.533273347643113,0.30995488393989756,SAM,True
30,0.30680050358499794,2.6229638017162666,0.77,1,0.49294693675688106,0.16794254934242447,SAM,True
31,0.9150797399612594,4.103636609965343,0.91,2,-2.4146106674317362,0.2532928274049654,SAM,True
32,0.17431263442699121,3.591946150251151,0.72,2,-804.5852511156878,0.2502844564225988,SAM,True
33,0.19699026366274988,3.5050629977461787,0.81,2,-166.29465539077952,0.2858760432511786,SAM,True
34,0.28876294336819647,3.626917094375299,0.7,2,-40.32053383344102,0.2182377147006847,SAM,True
35,0.3209896822358874,3.7989311221432427,0.58,2,-5.070442778329252,0.13411367989313558,SAM,True
36,1.6371612640656754,4.550278011148091,0.89,1,0.6897166697073505,0.153783527887666,SAM,True
37,0.5176512187740645,2.5488015195828693,0.99,1,0.6140036361027222,0.22464195206336324,SAM,True
38,0.08369344519737879,2.5335703388359465,0.92,1,-8.74288075008739,0.23100142951813332,SAM,True
39,0.9576992754372982,4.030876647147777,0.79,2,-0.5992084027369233,0.22180257916683443,SAM,True
40,0.3366989022450826,3.819224830244686,0.77,2,-62.52681756992072,0.2727160091926851,SAM,True
41,0.36352522696545914,3.801849003528285,0.72,1,-40.01394265195141,0.24255908738625076,SAM,True
42,0.5079980587906632,3.9901454330959374,0.85,2,-26.717457090809297,0.25829424929250355,SAM,True
43,0.212662200681406,3.6317853661198893,0.69,2,-176.64934030113363,0.22491648704385997,SAM,True
44,1.079215060206901,4.032823574477915,0.79,2,0.0979024211450954,0.22301404580479983,SAM,True
45,0.3484552338619788,3.627307770109936,0.71,2,-13.735159109267395,0.25787435633222505,SAM,True
46,0.4298805630078807,3.5387763644187733,1.76,1,-491.3900798343409,0.623290340923471,SAM,True
47,0.2925438893019707,2.0000000000000004,1.09,2,-0.32748423787177705,0.19999686539426462,SAM,True
48,0.611142255215781,4.130971844140589,0.53,2,-1.047630336138102,0.171412801886538,SAM,True
49,0.10912453305868877,2.432474321970887,1.07,2,-10.022178191411577,0.2621157254769498,SAM,True
50,0.2057096121067278,3.809770524516565,0.52,2,-89.16585696546956,0.16591726188111805,SAM,True
51,1.4481228079806754,4.347817825230963,1.11,2,-0.34782256349787355,0.2735638634855915,SAM,True
52,0.10465378855152477,2.0000000000000004,1.04,2,-25.798338030906006,0.21562664144358784,SAM,True
53,0.3539444740669387,3.7622145113301353,1.06,1,-152.01872113892753,0.3720802170909448,SAM,True
54,0.6169432554454244,3.855427533288415,0.94,2,-11.089198716171676,0.31414010923172836,SAM,True
55,0.08888461803134,2.0000000000000004,0.99,2,-37.06170806338199,0.21503848433078993,SAM,True
56,0.22447966654288753,3.669508460672807,0.78,2,-405.57678838111036,0.2690179702767787,SAM,True
57,0.15878394314258962,3.609952010363781,0.6,1,-1616.4911359890118,0.20959737415688592,SAM,True
58,0.08708892722969054,2.0000000000000004,0.5,2,-5.588637206006784,0.10545252955679245,SAM,True
59,0.6758896758007428,3.888823097467991,0.83,2,-3.999859019369704,0.2454984736931109,SAM,True
60,0.0694091275210717,2.405410675811123,0.7,2,-15.391234590618215,0.17221537665353434,SAM,True
61,0.4520174533422756,3.7176005933943106,0.9,1,-23.395644611446993,0.28910579717419127,SAM,True
62,0.4072455446498652,2.0000000000000004,1.0,1,0.43817470055847396,0.19307717134307614,SAM,True
63,0.845826843326167,3.855896285796499,1.05,1,-3.925156560462658,0.3185764087076948,SAM,True
64,0.1769033101468141,2.0000000000000004,0.55,1,0.24543061751425688,0.09276519219429834,SAM,True
65,0.621177763574371,2.0000000000000004,1.22,2,0.7321810536198461,0.22082807533209017,SAM,True
66,0.48072585489654274,3.625794105333107,0.64,2,-2.2968547495692357,0.23135234894527568,SAM,True
67,0.24570122102206404,2.0000000000000004,1.21,2,-1.5978952124977606,0.2549698528880139,SAM,True
68,0.4133525848569468,3.571885890396849,1.48,1,-161.92498180479262,0.5355782797273427,SAM,True
69,4.285546048335024,11.999999999999998,0.78,1,0.889969242111928,0.23507719537451455,SAM,True
70,0.47483189254872554,4.8829500316437,0.27,1,0.9024780568036473,0.02108661776310222,SAM,True
71,0.16012775850255997,3.5527392445635315,0.59,2,-190.02928340121952,0.2109327627396417,SAM,True
72,0.46482471230412187,3.770405739836147,1.08,1,-68.48649548756947,0.37949573868830416,SAM,True
73,1.8577805799926256e-19,11.899290649721081,0.29,2,0.9113762338643149,0.05259648252200664,SAM,True
74,0.3538770507159132,3.7959250718187674,0.88,2,-134.46744510796012,0.2945645146077502,SAM,True
75,0.3717852379251127,4.358785094863437,0.44,1,-3.8090732016328985,0.13460183612826299,SAM,True
76,0.20741730898289618,3.4987914298159275,0.87,2,-245.37367394162376,0.29895158508080194,SAM,True
77,0.25339294369245324,3.5627979379066264,1.01,2,-412.8443854163549,0.3388160180254804,SAM,True
78,0.14032292334440144,3.5121623515370692,0.6,1,-354.5338067229387,0.20823280977773312,SAM,True
79,0.1712421686205637,2.0000000000000004,1.0,2,-3.5590826177154202,0.18199064659220288,SAM,True
80,0.2767587684252127,3.6027632409334176,0.9,2,-204.37452733496485,0.2961471562468959,SAM,True
81,0.1904364760311944,3.461864697908713,0.91,2,-242.1415937984058,0.303547258900231,SAM,True
82,0.264924844286459,3.5664249508304735,1.04,2,-513.9124002884843,0.3622433934380548,SAM,True
83,0.34224194374207834,3.88233688855402,0.85,2,-34.52359037233989,0.267183057600289,SAM,True
84,2.1856972828417542,4.688453728446016,1.49,2,0.43643885033279506,0.22871928864298882,SAM,True
85,0.5795383636810548,3.5571948311208943,1.09,1,-7.260088267115522,0.3545563435285688,SAM,True
86,0.48131926139107095,3.9046533506562846,0.99,1,-29.26804366282843,0.3650415933918199,SAM,True
87,0.6903063304778219,3.542774702040293,1.06,2,-2.9506743139390537,0.3374937764939517,SAM,True
88,0.584151376382888,3.9186230988414956,1.07,2,-43.14793736057884,0.3165799764332729,SAM,True
89,0.22446485867918142,3.5114510177370115,0.63,1,-25.958392570403667,0.22735676864829601,SAM,True
90,0.297778071014901,3.83162866787836,0.51,1,-20.119285388352914,0.1667496325316838,SAM,True
91,0.18401514542484324,3.5588113248421838,0.85,2,-5385.208968331611,0.30401866044137876,SAM,True
92,0.20973581823300674,2.5161068777298343,0.85,2,-0.34245125734699267,0.17278840831674172,SAM,True
93,0.25446073190491497,3.422947484849368,1.11,1,-64.99955244188183,0.3561765007993754,SAM,True
94,0.3168941019130792,2.0000000000000004,0.86,2,0.13370384554471093,0.16743936946440202,SAM,True
95,1.8844320717007617,4.658779280841192,0.99,2,0.5609374746280007,0.237958443996016,SAM,True
96,0.17055424083097914,2.0000000000000004,1.25,1,-13.649357999380506,0.2514079822331566,SAM,True
97,0.22305733874242648,3.574442120732333,0.93,1,-824.3451976387868,0.3336874594788492,SAM,True
98,0.35550054304081646,4.010218358810222,0.65,2,-12.09781954242753,0.17995436351886418,SAM,True
99,0.1375739426719742,2.0000000000000004,0.92,1,-6.012310435065587,0.19152955307748976,SAM,True
100,0.2377407388010322,3.562352690387364,1.1,1,-2592.554364775606,0.39220365803347773,SAM,True
101,0.10312476887442118,2.0000000000000004,0.54,2,-4.318316725876963,0.11079977255096395,SAM,True
102,0.21683468565515887,3.7783890082505955,0.62,1,-75.2883540957184,0.19934735145469246,SAM,True
103,1.0160507111240786,4.2579286045413784,0.93,2,-1.5298749085763155,0.2110940202041082,SAM,True
0,0.23469277621469656,3.5763480592224908,0.99,2,-2745.8361119023716,0.35122700605952184,SAM,True
1,0.2319520236636054,3.674046165440563,0.71,1,-84.17782691906427,0.2677481395792719,SAM,True
2,0.20981389922525556,2.483165795276691,0.54,2,0.48032018652530184,0.09733582019105137,SAM,True
3,0.19865756135784787,3.513797500853354,0.63,2,-38.101134430917476,0.22245186376021195,SAM,True
4,0.23657294967001902,3.820615449583605,0.58,2,-48.71499193519147,0.19267763291987014,SAM,True
5,0.1900283331959405,3.4819926844200233,1.04,1,-659.1991616936608,0.3638812221993334,SAM,True
6,0.11833155863092606,3.6770614398449686,0.24,1,-15.773439030934707,0.0801135987882011,SAM,True
7,0.21965010481928088,3.6010124886008317,0.79,2,-529.1664289407714,0.2789299615442167,SAM,True
8,0.6264141559674321,3.9357738411784147,0.8,2,-6.183759061737735,0.2426930734437021,SAM,True
9,0.5911307028473917,3.5865339926389295,1.06,2,-7.801235801007566,0.3546127590277568,SAM,True
10,0.4347655849539482,4.129084495275491,0.68,1,-10.699721068355752,0.2341219259446582,SAM,True
11,0.9906939277442176,2.0493304085535904,1.22,2,0.9049563969637028,0.18577565327511505,SAM,True
12,0.0869006280099013,2.0000000000000004,1.13,2,-154.78719548135743,0.24280878538052308,SAM,True
13,0.0997531968221717,2.0000000000000004,0.7,2,-11.121476179269353,0.1459492764784801,SAM,True
14,0.0830007280971755,2.0000000000000004,0.93,1,-37.87433211827428,0.19893623367724628,SAM,True
15,0.24166935596653713,3.5494185718565983,1.16,1,-5866.177535816521,0.4146890082637617,SAM,True
16,0.5732534102748805,4.107090026851661,0.59,1,-2.827727929721793,0.15699280282700423,SAM,True
17,0.3320164272229844,3.744889300115209,0.8,2,-128.1937281278468,0.2528212747995157,SAM,True
18,0.2281797854467905,3.705572791251861,0.66,1,-83.095948995702,0.20329317050616286,SAM,True
19,0.16990321222147728,3.6261407643725447,0.67,2,-1340.787306300744,0.234549098395902,SAM,True
20,0.39689471096258055,3.794020671546977,0.76,2,-14.869752177059487,0.2615370855845114,SAM,True
21,0.3240335910785379,3.7261315562923962,1.0,2,-196.71756138114753,0.3607432906173828,SAM,True
22,0.8789909155931542,4.274663424626188,1.22,2,-5.112161390794223,0.3416952855946589,SAM,True
23,0.2543557988445171,2.0000000000000004,1.25,2,-1.689439146731535,0.25606619849421686,SAM,True
24,0.18343987957081356,2.0000000000000004,0.76,2,-0.95559239866631,0.16336835998360968,SAM,True
25,0.2237786126924171,3.541505783239659,0.99,2,-979.6309761542302,0.3556565613258585,SAM,True
26,0.3310426605858698,4.1280698356495025,0.49,2,-0.3180689198150415,0.08291678040865091,SAM,True
27,0.2934338627009442,3.815502937612003,0.58,2,-40.45382667769543,0.19367261172154912,SAM,True
28,0.689814508248757,3.9815848981717528,0.79,1,-4.121448658594546,0.225345847751959,SAM,True
29,0.44651064860020084,3.781784129410326,1.05,2,-71.76510072772912,0.37374161925182736,SAM,True
30,0.14534885879602955,3.4432204635776906,0.69,1,-211.47841732932972,0.23907021871704642,SAM,True
31,0.41517016341682317,3.743601014357994,1.21,1,-141.07127029966645,0.4366524104971417,SAM,True
32,0.13705401110035878,2.0000000000000004,0.89,2,-4.770524721548663,0.19019700347840296,SAM,True
33,0.6076798250550374,4.23230752718352,0.88,1,-7.050934104960339,0.2774732507523922,SAM,True
34,1.0104679180524034,2.201496295113794,0.73,2,0.9657108255909597,0.11000431663905919,SAM,True
35,0.5809215114357958,4.0560081720054795,0.79,2,-9.728014211551645,0.24570453779680917,SAM,True
36,0.6051069269112295,3.9325503706706035,1.15,2,-37.798523621969466,0.3451089914035794,SAM,True
37,0.2818110786547342,3.6306415313370533,1.09,2,-586.760651319729,0.3709456106769051,SAM,True
38,0.3550165996963238,4.135731598963696,0.57,2,-5.561041391960678,0.15369806486149504,SAM,True
39,0.29379759392295374,3.6951681923018604,0.82,2,-316.41172966548544,0.2682780455081049,SAM,True
40,0.11869532668317133,2.0000000000000004,0.95,1,-8.98837819664251,0.2071308300370096,SAM,True
0,0.08576982144475669,2.0000000000000004,0.69,2,-11.187337519152067,0.15202493011943535,SAM,True
1,0.40182565653716434,2.643285673108775,0.92,2,0.5137364128545511,0.2144124567655323,SAM,True
2,0.08529462633709085,2.0000000000000004,0.69,2,-18.14798520689281,0.13968463382141846,SAM,True
3,0.5923129192668728,3.777407610980278,0.73,2,-2.7209284083607823,0.24424541329639812,SAM,True
4,0.39447556514920407,3.547627781386765,0.96,1,-21.75127958693925,0.31913835283474745,SAM,True
5,0.7517680650459725,3.8543233150304634,1.42,1,-34.651767526142905,0.47832133174738745,SAM,True
6,1.3448531798290861,4.784288907145056,0.93,2,-0.17621360126068542,0.24618418383993565,SAM,True
7,0.6855566528512506,4.003892057776106,0.91,1,-8.51051038187548,0.2646583703882773,SAM,True
8,0.08124669904698381,2.0000000000000004,0.93,2,-92.90065209678795,0.20514710152293028,SAM,True
9,0.23313625761340265,3.495473922965055,0.8,2,-56.727953655659974,0.28979357801736716,SAM,True
10,0.28525230588119377,3.6479625155381004,0.79,2,-70.56301613069371,0.24923221702148007,SAM,True
11,0.26322611722949485,3.6887678716130115,0.78,2,-155.01922645399333,0.28222220907828666,SAM,True
12,0.20696276271011152,3.562071097126205,0.92,1,-764.0923185532686,0.3182257363629005,SAM,True
13,0.2558227105771534,3.500627167945787,0.5,1,-6.30841539545739,0.17563083543240146,SAM,True
14,0.2670800830264763,2.0000000000000004,0.87,2,0.07666476711168724,0.16508182384772205,SAM,True
15,0.12834069960003758,2.0000000000000004,0.91,2,-11.243603093890338,0.19773118164758674,SAM,True
16,0.8388983309531931,4.039892162051272,0.69,1,-0.5674203641270095,0.2299577063828603,SAM,True
17,0.4518289715269878,3.755725474786379,0.67,1,-5.460053234360772,0.25259519152682375,SAM,True
18,0.17604707242599374,2.0000000000000004,0.87,2,-1.7042799502200596,0.15901901063872906,SAM,True
19,0.3459583444016807,3.7150216983995867,0.67,1,-23.991645167559593,0.2099238381899719,SAM,True
20,0.15981051933181686,2.0000000000000004,1.19,2,-11.950593746108892,0.25141322643473035,SAM,True
21,0.6902591357565467,3.625636804262607,1.03,2,-4.178926238228262,0.31722306472373063,SAM,True
22,0.1522610451780701,2.0000000000000004,0.79,1,-2.3654909827970565,0.1665576154878776,SAM,True
23,0.6171571970361505,3.935321492186456,0.99,2,-26.185239833907314,0.30260840911337333,SAM,True
24,0.5912317894406107,4.026129408891209,0.99,2,-18.788676001105063,0.2985487613391443,SAM,True
25,0.29906431303156694,3.53250846386804,0.75,1,-20.81893718894451,0.2504305897817088,SAM,True
26,0.39653370311800684,3.5585598642815284,1.01,2,-28.668316232313316,0.33162181953865366,SAM,True
27,0.2674728642257823,3.53116161152271,1.08,1,-256.39777520722964,0.39087213184365455,SAM,True
28,0.5423504253844866,3.9647120140675347,0.97,2,-25.98149078482462,0.32227671466023733,SAM,True
29,0.6254296173641625,3.742448471969317,0.83,2,-3.417245173177335,0.28160470945243504,SAM,True
30,0.2590917260638201,4.129032306503,0.4,1,-7.637654836665558,0.10482718209824,SAM,True
31,0.19882480214249043,3.6462483089381488,0.54,2,-57.1723929388032,0.189684492662366,SAM,True
32,0.38454982097996626,3.898989249373524,0.74,2,-9.742278407681143,0.1817718143815525,SAM,True
33,0.3505912975054702,8.538865444098942,0.14,1,0.9459204988710905,0.0185818361748191,SAM,True
34,0.04510075533017103,2.4572081540485025,0.34,2,-6.239241882196684,0.07651625234044448,SAM,True
35,0.5029334480815213,3.4804581589184433,1.1,1,-9.756452643421104,0.3719644623336546,SAM,True
36,0.14147323079269275,2.0000000000000004,0.98,1,-5.211305279344696,0.21345221884213328,SAM,True
37,0.7389266610675951,3.937722437330753,1.52,2,-37.06868873880898,0.47950691919697164,SAM,True
38,0.1337119491283325,2.0000000000000004,0.94,2,-6.2706172293259055,0.18350717038861183,SAM,True
39,0.7613253282849614,4.929083057159784,0.73,1,0.7400880869713465,0.08609121613259135,SAM,True
40,0.3993452097024162,3.554202022030922,1.11,2,-28.997551704444046,0.3672496319860211,SAM,True
41,0.12448720491362801,2.441153957694992,0.82,1,-9.078108588991805,0.1913659425313329,SAM,True
42,0.6726602473727257,3.605322684201098,1.0,2,-3.0636822851941314,0.3446541341145615,SAM,True
43,0.5769716766792915,3.8342597499628246,1.03,1,-19.673701775710917,0.34796919907953755,SAM,True
44,0.24446548694094747,3.6431982595107097,0.9,2,-652.5362343398566,0.30990915604187186,SAM,True
45,0.5869562992072205,3.9003555247593216,1.08,1,-25.018361310996085,0.37644291076330993,SAM,True
46,0.29003995730641285,3.6578813056230546,1.04,2,-585.8316719288373,0.3698043439797539,SAM,True
47,0.5423294451255792,3.7893057755709707,1.06,2,-22.431482542901872,0.3834968174756505,SAM,True
48,1.0780209522533855,3.9826209851484116,1.05,2,-1.5794980573462394,0.34072785190967614,SAM,True
49,0.19572149922401377,2.2753377913043664,0.94,2,-1.6536692343093966,0.1654254891639219,SAM,True
50,1.9399553959051492,4.732837714180998,0.77,1,0.6852094034025704,0.2649614094291154,SAM,True
51,0.2930949060391499,3.7773081850481796,0.82,2,-25.52800651451875,0.23658844803927873,SAM,True
52,0.13785287676273095,2.0000000000000004,1.03,2,-13.407835794839475,0.2200221624228542,SAM,True
53,0.1499071290842188,3.66580062566676,0.53,1,-332.04140775099233,0.1928835287417341,SAM,True
54,0.082687317315244,2.0000000000000004,0.89,2,-57.433971418229405,0.18393822183318748,SAM,True
55,0.6911659156015303,3.7983740192664692,1.18,2,-15.175665275509768,0.40126694389005974,SAM,True
56,0.12963701526904375,2.0000000000000004,0.89,2,-5.268325977469195,0.19344677653673117,SAM,True
57,0.3058836023643435,3.8835269171034237,0.72,1,-48.50512595364746,0.23948315904998432,SAM,True
0,0.6215596288890659,3.6341418778859396,0.87,2,-2.778728457642364,0.26247221024672174,SAM,True
1,0.22609632983158753,3.6674378084905848,0.63,2,-107.47199230430195,0.2174713513193764,SAM,True
2,0.339164404332218,3.717939401862735,1.03,2,-131.32954173472226,0.33637338088032004,SAM,True
3,0.2809438982522637,3.7506381764345713,0.7,2,-70.81664704350553,0.250436011846467,SAM,True
4,0.5910769507656556,2.432875793451399,0.97,2,0.6919522623244349,0.1969355963716994,SAM,True
5,0.33943814031182545,3.854824381432062,0.76,1,-54.56063858956984,0.2665705053649339,SAM,True
6,0.18856857684186226,3.65600890396353,0.66,1,-343.8557538619347,0.22457004574245726,SAM,True
7,0.5549138084393277,3.8160591246211384,1.31,2,-28.502022822082893,0.3789742108405738,SAM,True
8,0.38081514125574945,2.5528682188168474,0.92,2,0.35344202708763717,0.20849528615876747,SAM,True
9,0.9114731343176041,4.389512094209169,1.09,1,-3.3699572639048796,0.32739821202475555,SAM,True
10,0.27711041998121416,3.7270078606690396,0.57,1,-18.72902964057789,0.21512686622010277,SAM,True
11,0.2990443888735422,2.620311402865348,0.87,2,0.5136320141514708,0.15386975765055558,SAM,True
12,0.08916746366910004,2.0000000000000004,0.81,1,-17.516686808826005,0.17014184520407152,SAM,True
13,0.08853007896508368,2.0000000000000004,1.11,1,-47.799541108986475,0.23821431187729641,SAM,True
14,0.12362060403438929,2.0000000000000004,0.76,2,-4.333595432185593,0.15616375511080707,SAM,True
15,0.4461816578796264,3.8563385551309195,1.02,1,-48.29404431177249,0.3671263375447487,SAM,True
16,0.4377443271031813,2.0000000000000036,0.58,1,0.8955032978066031,0.08553482932794082,SAM,True
17,0.16750296534100848,3.5471897086200292,0.69,1,-397.59500520669854,0.24033393893602026,SAM,True
18,0.3329262839268173,3.714372021502382,0.99,2,-306.73865642376944,0.33748652436653126,SAM,True
19,0.38454131460453356,3.5740939095196844,0.84,2,-13.097015567639724,0.3086782987226339,SAM,True
20,0.1701641065453089,3.5008257465018495,0.87,1,-2038.5058936466392,0.3096074563078096,SAM,True
21,0.3171399795560622,3.6360669100580596,1.09,2,-235.62046657351922,0.3660220512062912,SAM,True
22,0.3113098453455948,3.6058326499880877,1.32,2,-1492.7531888664607,0.46178805229518016,SAM,True
23,0.09735224638249484,2.0000000000000004,1.15,1,-79.75775349861905,0.23779354789858795,SAM,True
24,0.35419764302772666,3.4990728410838967,0.99,1,-14.32642454366222,0.2734524565081086,SAM,True
25,0.7080526907188376,3.859120955086684,1.11,2,-14.460004011283608,0.35340841445296317,SAM,True
26,0.26203083113687,3.5626803161637155,0.73,2,-46.604402620492294,0.2391791936458349,SAM,True
27,0.28224665630132306,2.6042798500023774,0.7,1,0.5440155295611381,0.14396485812251683,SAM,True
28,0.1598380754070557,2.0000000000000004,1.23,2,-18.782321476778016,0.2547879017248183,SAM,True
29,0.0975946959813874,2.0000000000000004,0.83,1,-24.391431004465634,0.17688150657825286,SAM,True
30,0.08571655990310732,2.0000000000000004,0.88,1,-28.44689989036484,0.19038895947255843,SAM,True
31,0.10979937798353523,2.0000000000000004,1.07,2,-17.031616590522237,0.24251875531347986,SAM,True
32,0.3534432150030181,3.693168235111471,0.56,2,-5.861437156025818,0.20520373098986014,SAM,True
33,0.7313738793233092,2.0000000000000004,1.63,2,0.6009934021417759,0.2905961792884561,SAM,True
34,0.2976300143317855,3.593720735083176,1.26,2,-1107.466775168562,0.4347466731718501,SAM,True
35,0.5835864059262571,2.5026701061629115,0.53,2,0.8718706372723752,0.12969698666186244,SAM,True
36,0.4553898867755675,3.8508101051953743,1.09,2,-70.60672916530767,0.37329553871544635,SAM,True
37,1.0691213542131284,4.653969049515987,1.07,1,-0.6879142120885338,0.27591713389005595,SAM,True
38,1.1496141104775333,3.9686934083125522,0.8,2,0.09865036827954599,0.28769705189650113,SAM,True
39,0.14161956672633724,2.5954374328716474,0.76,1,-0.8706190324978631,0.17971653621842038,SAM,True
40,0.130600717843997,2.0000000000000004,0.78,2,-5.497860858273121,0.15584325300947754,SAM,True
41,0.20164786337137433,3.6600674822303207,0.7,1,-197.94511519764103,0.23221129176499716,SAM,True
42,0.282662827321995,3.5520592340192443,0.98,2,-110.6442577919887,0.34319774470492675,SAM,True
43,0.2559307954386361,3.715313743749444,0.83,1,-287.7341814970748,0.2818653887598389,SAM,True
44,0.13178592366189354,3.6079219929093616,0.53,2,-216.48664094311042,0.1750166235259603,SAM,True
45,0.077601038313937,2.0000000000000004,0.59,1,-10.539003672813246,0.12475268014638752,SAM,True
46,0.3676159355234023,3.8100076859792393,0.85,2,-58.59469531194388,0.2981826648509396,SAM,True
47,0.5956616892731733,4.032778415331504,0.87,1,-15.365352207135011,0.2458661715836345,SAM,True
48,1.2736794943920324,4.725035595544258,0.95,1,0.050026727596792386,0.19795004937569102,SAM,True
49,0.34936954843897056,3.9858100675436736,0.71,1,-15.163980475946346,0.20406918615756056,SAM,True
50,0.06886335284462919,2.496696920590993,0.89,2,-10.340056017178188,0.22324543800592342,SAM,True
51,0.4178169853772231,3.7249269376505953,0.78,1,-13.744297288824631,0.2798190595625428,SAM,True
0,0.24025022492978737,3.704677486692586,0.6,2,-48.88390564420588,0.2221949600128837,SAM,True
1,0.33614096752589784,3.8024975958898413,0.71,2,-67.96283601923972,0.21617579929325484,SAM,True
2,0.1614168001366625,2.0000000000000004,0.76,1,-1.4145471565380063,0.1504365785661376,SAM,True
3,0.2885812906448695,3.7909618533142972,0.83,2,-85.25433386656871,0.2730282869975991,SAM,True
4,0.2883038139270363,3.74144746389289,0.71,1,-99.15275792275372,0.24203377788357944,SAM,True
5,0.4249658608428136,3.6899900269154027,0.77,1,-10.75353700467667,0.2571129395238281,SAM,True
6,1.7303048098210303,5.099546368779574,0.65,1,0.8926080549900038,0.10903636259798306,SAM,True
7,0.18157380143897373,3.7776905908457588,0.49,1,-97.01089516014466,0.16474282072004123,SAM,True
8,0.5524077384596121,2.373363746810625,0.97,2,0.6669930465898997,0.19724010042239942,SAM,True
9,0.3035537115700407,2.3781813998648005,1.29,2,-0.8713021046847076,0.29299165986475845,SAM,True
10,0.4582179896818373,3.967505763528718,0.41,1,-0.8166763351847031,0.1318712448488125,SAM,True
11,0.3964516885933835,3.632620621361286,0.82,1,-14.698582399940825,0.2917523618011397,SAM,True
12,0.5894381588254164,3.584140932259753,1.4,2,-20.010388055799275,0.48566208294197316,SAM,True
13,0.5306149622285518,2.0000000000000004,0.85,2,0.8097201092754736,0.15575048131160849,SAM,True
14,0.2882610020863664,2.0000000000000004,1.21,1,-1.3107742766321318,0.24087553496001063,SAM,True
15,0.29100865620561506,3.6724624640135057,1.08,1,-474.3094321678331,0.3752408109273285,SAM,True
0,0.18309711572694434,3.557270607188904,0.76,1,-279.9077140341655,0.2612188599929937,SAM,True
1,0.17074572261977336,2.0000000000000004,1.12,2,-10.486599771463135,0.24337938156609024,SAM,True
2,1.2004691677875026,3.671135646084126,1.28,2,-0.721419987979723,0.3844321867804904,SAM,True
3,0.35287922869215,3.5965175338084947,1.28,1,-236.35940821821316,0.4678573208412515,SAM,True
4,0.1535296421305551,2.0000000000000004,0.77,2,-2.2134795077500313,0.1661372073640111,SAM,True
5,0.07476642309851439,2.0000000000000004,0.87,1,-34.401300101657675,0.1911390637857964,SAM,True
6,0.07401843298225651,2.0000000000000004,1.06,2,-251.74398809929946,0.22471253054148776,SAM,True
7,0.29719304103373506,2.0000000000000004,0.63,1,0.6410664515807144,0.11121499315507517,SAM,True
8,1.7884269022020658,4.312759382787845,1.35,1,-0.22348474805655627,0.3254546556106592,SAM,True
9,0.5457132055670502,3.671975356709474,1.07,1,-14.50240807864171,0.36959134665203247,SAM,True
10,0.24007013350488837,3.5823640548772864,0.86,2,-211.33994712293844,0.2873102059517594,SAM,True
11,0.10958597919649435,2.0000000000000004,0.62,2,-4.001302906978632,0.108613411901408,SAM,True
12,0.2840823530827181,3.5653522529033235,1.14,1,-261.13420283909596,0.40346665285135824,SAM,True
13,0.19057251099577732,3.483649389386723,0.83,1,-135.85924316184335,0.27019658523425816,SAM,True
14,0.23766965495405196,3.109197054342465,0.59,1,0.19230852575319102,0.10512798308003492,SAM,True
15,0.20028858201203678,2.0000000000000004,1.2,2,-5.30001248848779,0.2443566969887764,SAM,True
16,0.20348871305416516,3.77011943892521,0.55,2,-25.74490289867781,0.15752350129540765,SAM,True
17,0.05464456922440711,2.5264026113695883,0.54,1,-9.212792850201524,0.12502516636583388,SAM,True
18,0.07197595644349156,2.0000000000000004,0.95,2,-185.73464081826816,0.20426450534645965,SAM,True
19,0.29236508341246514,3.606087673797239,1.08,2,-310.23860527655586,0.3607726047534691,SAM,True
20,0.32618677040386296,3.7068429965489433,1.03,2,-302.89360072767835,0.3445960308598176,SAM,True
21,0.5516709742346867,3.903149760309987,1.04,1,-26.824170905916635,0.36157823917400767,SAM,True
22,0.2783178676823233,3.719070380645499,0.65,2,-53.038461542752614,0.20112844633787927,SAM,True
23,0.6120573965220253,3.8573205625555316,1.13,2,-38.53251861784973,0.34383080864803633,SAM,True
24,0.38250932761260786,3.692145235847879,1.24,2,-293.58579437286187,0.4257759410759554,SAM,True
25,0.28911624015812865,4.302024485584817,0.43,1,-1.989790378813411,0.10087211455164141,SAM,True
26,0.6344651673788042,4.450666972865788,0.57,1,-1.5425284050875434,0.1454299487245197,SAM,True
27,0.4043562753124952,2.0000000000000004,1.26,2,-0.01801099074408441,0.24123252755393276,SAM,True
28,0.5939195176375928,3.884647495313099,0.98,2,-14.802014742197988,0.3370470055966398,SAM,True
29,1.0337947631993853,4.215841431874263,0.78,2,-0.31286088739850393,0.24926053293875539,SAM,True
30,0.4064386375089187,3.8069777055880927,0.7,2,-19.9674586861669,0.21839783359191073,SAM,True
31,0.4586048591078707,3.590292369358587,0.98,2,-14.110079795275245,0.3206233186715897,SAM,True
32,0.24694433666838814,3.5389452584022254,1.17,2,-1990.4919512019283,0.4204104074225218,SAM,True
33,0.8753493297055054,3.726770141497603,1.21,1,-4.223824046104712,0.3604754789283375,SAM,True
34,1.0020880239746282,2.327035562536051,0.68,2,0.9768524404212526,0.08328698995103576,SAM,True
35,0.25800104749998076,3.5849430953492405,0.87,2,-136.04651993112242,0.3136955262214352,SAM,True
36,0.039617315912997476,2.5456309814718905,0.49,2,-8.519381608983563,0.1273901918976921,SAM,True
37,0.06311455980688738,2.6071532329455094,0.67,1,-5.615621837049468,0.17134237999541382,SAM,True
38,0.4456526410107465,2.0085235656420632,0.86,1,0.6790437958446994,0.14793654189621916,SAM,True
39,0.45764125940960976,2.942194816535698,0.32,1,0.807861558755692,0.12741101785101092,SAM,True
40,0.11886898776353512,2.527313874242767,0.87,1,-5.001730798120511,0.22487850861238715,SAM,True
41,0.1223153861547476,2.0000000000000004,0.97,2,-13.663770937283681,0.2073800712597598,SAM,True
42,0.2143531356717234,3.612608338878842,0.83,2,-408.0525787073125,0.2967711419957666,SAM,True
43,0.2911174825329933,3.7649245701545784,0.75,2,-156.6145637821527,0.25690678968018044,SAM,True
44,0.5619863268092666,3.674880523943268,0.8,2,-3.714571469229776,0.2635879219469749,SAM,True
45,0.6138506811816978,3.825389267149568,0.99,2,-11.811742772529323,0.3318387095109453,SAM,True
46,0.5910687618034278,3.779017246064724,1.05,2,-12.476849706028675,0.395670364731244,SAM,True
47,0.5698228170597761,3.933003822446654,1.1,2,-38.98648179282099,0.3431474788766626,SAM,True
48,0.07413276184779136,2.0000000000000004,0.86,2,-72.1087078189885,0.18921433694632353,SAM,True
49,0.2580583262451069,3.708418465115328,0.66,1,-28.76476084335968,0.19851585165071378,SAM,True
0,0.38942331100074784,3.815830696384842,0.82,2,-30.07650061152115,0.29470502215613625,SAM,True
1,0.22112338959195046,3.7076667934370637,0.72,1,-206.46483278948324,0.2620156251416466,SAM,True
2,0.36363122406751563,3.6050200779916914,1.09,2,-111.29976471684841,0.37824581987018024,SAM,True
3,0.2797827938158623,3.7980779965036273,0.72,1,-75.8466417475036,0.2539648693916093,SAM,True
4,0.20109390101166777,3.566076655218002,0.84,2,-281.01181678121156,0.2820059083287116,SAM,True
5,0.06635217782013776,2.0000000000000004,0.84,2,-91.9798507560944,0.17490103172581647,SAM,True
6,0.1630882513177698,2.483615399478695,1.35,2,-4.526116147968679,0.3395796664087032,SAM,True
7,0.32152116234853284,2.0000000000000004,0.84,2,0.40364104337201356,0.16250328392416494,SAM,True
8,0.35381590587346456,3.54340036647481,0.79,1,-12.872954341153102,0.27832294860572904,SAM,True
9,0.2623433064488376,3.717833486891222,0.68,1,-188.62148533754117,0.22120110324430817,SAM,True
10,0.33145503132238624,3.5609785954335966,0.84,1,-8.947381780281887,0.2530344290854551,SAM,True
11,0.22239597782366713,3.7356011219148693,0.7,1,-123.0569422884213,0.23045610767149577,SAM,True
12,2.325240484821792,4.771906296356017,0.86,1,0.9312562775563779,0.12570576779527604,SAM,True
13,0.5009950978354905,3.732195764331705,0.77,2,-5.978638472975929,0.26413097067326546,SAM,True
14,0.12019788496937986,2.0000000000000004,1.35,2,-61.08326785949307,0.2836939638454306,SAM,True
15,0.5431012364410261,3.817402798965334,0.97,1,-1.5529697429157694,0.18125605961298,SAM,True
16,0.5368766324846428,3.8294623903427163,0.55,2,-1.1080708870916087,0.16711709561160454,SAM,True
17,0.1599214201338342,3.642042728597276,0.63,1,-205.62264432556566,0.2132597248485993,SAM,True
18,0.4094697276175211,3.5618832999745687,1.12,2,-38.37625988629308,0.3921861437091353,SAM,True
19,0.24247279419341466,2.0000000000000004,1.21,1,-3.362271437109281,0.2415723540203456,SAM,True
20,0.299038894419514,3.7125846054926948,0.83,1,-68.48014837457218,0.29660240165236074,SAM,True
21,0.2854455498842522,3.699048627261694,0.83,2,-318.4205168229019,0.2780513295990782,SAM,True
22,0.08064031325297945,2.465190382343547,0.56,2,-3.400397144294069,0.12824830770835377,SAM,True
23,0.42435004787865815,3.766203549294694,0.99,2,-85.84219446957351,0.3319666795929135,SAM,True
24,1.5984196306837787e-13,11.103988400379793,0.52,1,-0.053336049874533664,0.5851010719233831,SAM,True
25,0.5620605144530758,4.011724532695199,0.76,2,-9.9605367457647,0.2399941294647093,SAM,True
26,0.0997479294300871,2.0000000000000004,0.72,1,-7.81495195150079,0.15418909822447144,SAM,True
27,0.2498416136475114,2.00000000000318,0.58,1,0.6020158245113565,0.10874419444941558,SAM,True
28,0.23875239851020513,3.5290419090431837,0.9,2,-234.87004041691156,0.31307851091323996,SAM,True
29,0.3873053683229917,3.6925521036913134,1.13,2,-197.9654061861412,0.4013903677385516,SAM,True
30,0.24203035049167143,3.5840163423663167,0.89,2,-178.6482745321664,0.2871559820206857,SAM,True
31,1.437141071257846,9.791693198578178,0.26,1,0.9652347282380352,0.04350536747596445,SAM,True
32,0.4359596940985783,3.7763948778264513,1.1,1,-63.499704266069216,0.4094322060946279,SAM,True
33,0.07488300449579312,2.0000000000000004,0.64,1,-18.71884246719412,0.13815589294179678,SAM,True
34,0.49670705782211344,3.664542687534266,0.88,1,-11.398075166708525,0.2680960371671147,SAM,True
35,0.5855675053367592,3.8507094761236687,0.93,1,-15.122017443935881,0.29084853516741205,SAM,True
36,0.3253910052665187,3.5721539779809466,1.45,1,-1912.8062516221457,0.5256206526423534,SAM,True
37,0.4131685628353335,3.779350061348477,1.09,1,-111.81655933475757,0.3469123705432627,SAM,True
38,0.1725958510748073,3.5299915716439747,0.5,1,-36.79073051014145,0.16770621119942958,SAM,True
39,0.23675126017484896,3.6310542479602286,0.92,1,-1004.5918734431762,0.3284966726455341,SAM,True
40,0.2300515532702599,2.826391280276296,0.76,1,0.24284155941439578,0.172287890071804,SAM,True
41,0.1918207312371847,2.0000000000000004,1.15,2,-4.537865440666041,0.243448738219038,SAM,True
42,0.22936749162157197,3.629703606403659,0.83,2,-490.98318157717773,0.3006772845537594,SAM,True
43,0.10517884356444641,2.4232777957585743,0.73,2,-6.001117670899204,0.15251650229643776,SAM,True
44,0.23949575553124527,3.757475175060832,0.72,2,-128.95206154314408,0.2570969011546131,SAM,True
45,0.12599610349184973,2.6563141132895027,0.85,1,-1.950178128507813,0.19806160801034423,SAM,True
46,0.8580455928026802,4.65553724363849,0.86,2,-0.3428136649368083,0.17869272065143546,SAM,True
47,0.29143217944643657,3.891055518230319,0.51,2,-18.909146426813393,0.17653324330945513,SAM,True
48,0.14549852154329293,3.649583667742246,0.51,2,-342.6183644920269,0.17972235882674845,SAM,True
0,0.9765762172380538,4.250892927011093,0.81,2,-1.202728971939513,0.27211805660560656,SAM,True
1,0.20117172680190507,3.596962075813637,0.79,1,-171.77599867333674,0.2659303367744708,SAM,True
2,0.19401231418106585,3.4741568496656474,0.89,2,-196.62282635954685,0.3120048525847782,SAM,True
3,0.41016643582592116,3.938070520408342,0.75,1,-6.2922380669446785,0.20230339897638308,SAM,True
4,0.3097294922195366,3.5120387018500354,1.13,2,-49.52860864483859,0.36528609139268353,SAM,True
5,0.9261501983088889,3.8547962122487407,1.25,1,-5.823506377730437,0.4205535463062617,SAM,True
6,0.3821156048986515,4.321601062880244,0.55,1,-2.3686050945431876,0.13487441397648842,SAM,True
7,0.5199751042069276,3.515610981109878,1.04,2,-7.198735613131923,0.3596518929073434,SAM,True
8,0.1301531431472694,2.0000000000000004,0.89,2,-6.22250128647938,0.18198347500256631,SAM,True
9,0.45493038722974694,3.8707232700212404,0.86,1,-31.061909533952083,0.2985129574856146,SAM,True
10,0.4535646831584004,3.8300276917429232,0.81,1,-19.99533395127519,0.27972193479045365,SAM,True
11,0.23114100262987292,3.721075968261048,0.78,2,-191.35513475008722,0.26508348548250676,SAM,True
12,1.0909899310767353,4.0099996253677155,0.82,1,-0.019703047229002513,0.25098967404359723,SAM,True
13,0.23139313893403113,3.5853476849656083,1.0,1,-984.1721285934198,0.3441759676997695,SAM,True
14,0.5504667891931896,3.789745199550739,1.01,2,-28.035739890975684,0.30063481119629754,SAM,True
15,0.40471012883326046,3.7643716245203778,0.67,1,-9.02956955798818,0.21920118694918575,SAM,True
16,0.09929171011029733,2.0000000000000004,0.52,1,-4.784655862717049,0.10882361356060942,SAM,True
17,0.3150826205875713,2.0000000000000004,1.11,1,-0.5773147888015366,0.2078237897004834,SAM,True
18,0.3024428335638355,3.7481147420953733,0.83,2,-258.0976368499643,0.2830927234212538,SAM,True
19,0.13548554911577215,2.0000000000000004,1.34,2,-24.271803483350787,0.2960496485028207,SAM,True
20,0.4667465680574262,4.023167507708946,0.85,1,-2.3021820498012,0.17731200452036305,SAM,True
21,0.3255627719649981,3.7172616783358334,0.62,1,-20.346928623033328,0.2029867684330501,SAM,True
22,0.48705821045755915,3.9150229344352963,0.92,1,-39.5400882528976,0.3024015252490364,SAM,True
23,0.2665884956976852,3.8055382069499757,0.68,2,-67.88893299747076,0.2499300702105623,SAM,True
24,0.33313727534314946,3.7509934858811564,0.96,1,-148.32028176267752,0.3410666684160097,SAM,True
25,0.12171165430585287,2.0000000000000004,0.85,2,-8.329379770087165,0.17493600171785884,SAM,True
26,0.18870461381309114,3.6916726739735872,0.65,1,-291.4217512210109,0.22476383548280576,SAM,True
27,0.2934046899780179,3.6348481552678296,0.84,1,-78.24085884026412,0.29970697013411257,SAM,True
28,0.22309293934313562,3.729565882543521,0.51,1,-41.07871716235928,0.1816121737674644,SAM,True
29,0.33128501506669444,2.0000000000000004,0.84,2,0.4186274937942911,0.15180570624967474,SAM,True
30,2.0402810649272523,4.951706699779271,1.19,2,0.6056444722498029,0.18815453174531502,SAM,True
31,0.13799172737886445,2.0000000000000004,0.85,1,-6.122712441008317,0.16996536674016008,SAM,True
32,0.5783529870985644,3.781137239887765,0.82,2,-4.994576200048209,0.29843471132349575,SAM,True
33,0.8508666879017966,4.103077532953903,1.06,1,-7.258121712893155,0.32330841578589464,SAM,True
34,0.6599536842305217,3.835655922846825,0.69,1,-1.2000681144434693,0.20642471084643357,SAM,True
35,0.3014796583453429,3.696272445837992,1.02,2,-135.9029475075656,0.33068504403910237,SAM,True
36,0.2802977449317807,3.6467357846653083,1.03,2,-306.27068055382233,0.34211471019200074,SAM,True
37,0.26167541874472044,3.5789711012084626,0.98,2,-91.02262584326455,0.3072645980423968,SAM,True
38,0.30698294959270656,3.7021285274797306,0.62,1,-26.98988960380412,0.19791101943213632,SAM,True
39,0.11041121299440171,2.0000000000000004,0.79,1,-11.154714314216108,0.16638784312753488,SAM,True
40,0.29105109173985977,3.55519709602354,1.03,2,-133.74790763460229,0.3701126523401495,SAM,True
0,0.4074041574540826,3.8539595984923345,1.01,2,-55.48723069052593,0.32467815609053924,SAM,True
1,0.15368171157097923,2.0000000000000004,1.05,2,-5.7740069385019375,0.23402473189282924,SAM,True
2,0.25349621235120035,3.971041790053185,0.43,1,-18.00894046200703,0.1439930616694227,SAM,True
3,1.067133857635543,4.020777961327142,1.26,2,-5.77562714123546,0.30559870636516456,SAM,True
4,0.25249616416091863,2.0000000000000004,0.94,1,-0.3649398614268735,0.19679343759038948,SAM,True
5,0.15324375563344803,2.0000000000000004,0.9,2,-5.857190805681328,0.17992366021729694,SAM,True
6,0.256432968109358,3.557462483928698,1.1,2,-638.7494441643015,0.38087161414872517,SAM,True
7,0.36631377291541706,3.8330211189622627,0.77,1,-24.19913739252378,0.2577225141595314,SAM,True
8,0.18101635838738717,2.0000000000000004,0.9,2,-3.697034712094963,0.179722935254238,SAM,True
9,0.2862619879187678,3.648414558899398,1.02,1,-306.59949183718425,0.3748280511069493,SAM,True
10,0.18514669920752383,3.7903532875412997,0.44,1,-97.79273797128057,0.14663305047658762,SAM,True
11,0.5556387700835143,3.672924100637079,0.84,1,-4.702924450457322,0.2764199882501358,SAM,True
12,0.3448627080908364,3.7226244184787722,1.06,2,-230.23239945000327,0.37556858716418495,SAM,True
13,0.07176448894294145,2.0000000000000004,0.64,1,-11.996924463986845,0.14141834212083096,SAM,True
14,0.2684324709317515,3.615635128242269,1.04,1,-2199.7046005941575,0.3663618069480467,SAM,True
15,0.08599151910642122,2.0000000000000004,0.95,2,-59.85412301215685,0.19636600139897717,SAM,True
16,0.3019672243274611,3.740225863694523,0.78,2,-130.31654637715778,0.26854011731672417,SAM,True
17,0.5181561266643719,3.7244462886768726,0.92,2,-11.249298683026437,0.31030909904040976,SAM,True
18,0.6558408040265118,3.8036936277983737,0.83,2,-2.923742225182263,0.2257691885821235,SAM,True
19,0.22522237439106213,2.0000000000000004,1.18,1,-2.3015841436264295,0.24088614261602712,SAM,True
20,0.5562328107424496,3.872908131197372,1.07,2,-35.314223759828224,0.3579596369408029,SAM,True
22,0.4045366922941061,3.7799244991652263,0.88,2,-48.871104798251054,0.28350355789134873,SAM,True
23,0.6620851587982063,3.8465286746141834,1.28,2,-47.649254341772306,0.40310104871073366,SAM,True
24,1.0172331733428006,4.237215260988992,0.99,1,-2.449374034312511,0.29659773068390155,SAM,True
0,0.14487326174663145,3.6187227898889454,0.59,2,-509.1069404499645,0.20164479716389058,SAM,True
1,0.17134908638259727,3.571909577086806,0.68,2,-301.56860514558707,0.2298378836753594,SAM,True
2,0.10802938433602298,2.0000000000000004,0.76,1,-7.011201691064802,0.16106257264757026,SAM,True
3,0.3647276089548397,3.4914244549391857,1.07,1,-27.617687781835954,0.38830918265036346,SAM,True
4,0.2379828469099915,2.0000000000000004,1.23,1,-3.53102731030479,0.24866183764371125,SAM,True
5,0.707118491175916,4.037981108152317,0.87,1,-7.107743512715341,0.25709195042649335,SAM,True
6,0.2978987909851494,3.564189998741314,1.09,2,-207.41670466516138,0.3862416251937068,SAM,True
7,0.19634043908034257,3.7545790059456805,0.59,1,-99.91496026017742,0.18988924258778847,SAM,True
8,0.1388891536042668,2.0356086303323644,0.29,1,0.6721790301983044,0.053317863870532604,SAM,True
9,0.08914932902941347,2.0000000000000004,0.96,2,-32.985059120187664,0.2117535056441437,SAM,True
10,0.45143979595757616,4.0504431772612435,0.62,1,-10.335950103173907,0.17724398968773772,SAM,True
11,0.3899048341657832,4.64923924063645,0.43,1,0.14868889915039163,0.07685884322079968,SAM,True
12,0.0668265231375719,2.0000000000000004,0.91,2,-124.12945902109155,0.192596409188262,SAM,True
13,0.08156556937242795,2.599239593844744,0.77,2,-6.453960559167493,0.19085678562461977,SAM,True
14,0.33424544026636716,3.5938413401174896,1.35,1,-965.8883679166978,0.4816788689212882,SAM,True
15,0.2613039917914715,3.6617618035001733,0.95,1,-328.4638898171342,0.31790933116268244,SAM,True
16,0.5716680073760245,3.6791694212497035,1.3,2,-47.10716197678544,0.43507431042082506,SAM,True
17,0.7528855606521904,4.150333142359018,0.67,1,-1.276377367690685,0.1916535386432733,SAM,True
18,0.5996401777460234,3.8599644783492106,0.78,1,-4.574492450303974,0.2700369155179089,SAM,True
19,0.1092415959853894,2.0000000000000004,0.76,2,-6.58737159169425,0.14669355750509144,SAM,True
20,0.9706008757667063,4.315305931768706,0.88,2,-1.814937250115885,0.23795924470041316,SAM,True
21,0.496358605203074,3.7706478741631595,0.97,1,-24.249902312820257,0.3310295093390767,SAM,True
22,0.12305609597137693,2.0000000000000004,0.98,2,-13.539394524682642,0.1988588112305131,SAM,True
23,0.6321043198643473,4.046828724188812,0.95,2,-10.158039032355337,0.3570436242577347,SAM,True
24,0.37118915695320365,3.8574166808630093,0.56,1,-10.796678075612437,0.15337225286828846,SAM,True
25,0.5197185511121291,3.9123374872784695,0.75,2,-10.58103860704235,0.24088967647879875,SAM,True
26,0.3317310229136336,3.6378491278938143,1.22,2,-1318.2273794327,0.4249887298719005,SAM,True
27,0.3662628012651207,3.9816703537687737,0.82,2,-8.29694630903078,0.2211916313246345,SAM,True
28,0.5579639747962678,4.072817570226027,0.91,2,-14.819755921580919,0.3151578901934791,SAM,True
29,0.7367955146778605,4.108811014236458,0.99,1,-8.169311300563434,0.3302246613591659,SAM,True
30,0.31446592500626774,3.807235980955709,0.8,1,-71.51192059579071,0.2527508695235125,SAM,True
31,1.1228855437987681,3.7240282165012197,0.93,2,0.1883760155226667,0.2773783331435112,SAM,True
32,0.5180999760453242,3.666962064383738,0.98,2,-14.554982894949301,0.32869617885278657,SAM,True
33,0.35732305434409617,3.7799487086729178,0.83,1,-43.2701621022154,0.30720247519025407,SAM,True
34,0.13009533235480866,2.4777140053374964,0.75,1,-1.627846301590743,0.17154312385118034,SAM,True
35,0.505596079999169,4.534058070931372,0.6,1,-1.20453332487351,0.15118538412697263,SAM,True
36,0.2951314920714542,3.691075384443701,0.7,2,-49.960211364030975,0.24120160799968215,SAM,True
37,0.2890941657815792,2.0000000000000004,1.26,2,-0.8827516518480665,0.24906688557258866,SAM,True
38,0.07798398488219917,2.0000000000000004,1.05,2,-94.19607043814767,0.2286747765985109,SAM,True
39,0.5541652103242064,3.912786364029565,1.18,1,-29.792370026296283,0.37335874328230617,SAM,True
40,0.5084518811391692,3.76026168581333,1.21,1,-61.79201233794121,0.4301655600798399,SAM,True
41,0.23769908178679205,3.55827873187312,1.03,2,-1089.1557685850933,0.3582209311586235,SAM,True
42,0.2625970129914736,3.6837866638795433,0.78,1,-186.11709491185692,0.24901552980254116,SAM,True
43,0.12986300866100633,3.634065099776925,0.51,1,-628.8751658533344,0.177180637390574,SAM,True
44,0.21107027470091455,3.705113290224025,0.73,2,-218.00565082006713,0.24637290066338424,SAM,True
45,0.17787494813838323,3.476295291126609,0.94,1,-999.1471690161382,0.3279875447320763,SAM,True
46,0.1031475977885491,2.0000000000000004,0.87,2,-11.819813578752672,0.1911263707703388,SAM,True
47,0.8322936413752281,3.802526733493285,0.95,1,-2.233082653616002,0.3249083730778793,SAM,True
48,0.14229182144529318,3.6013321237189038,0.63,2,-1198.0530913867294,0.22172319848598615,SAM,True
49,0.2943548513287548,3.7262204783369297,0.95,2,-166.67826908133878,0.34283488663678213,SAM,True
50,0.9263430279277498,3.8677942109825403,1.38,2,-13.064474489946361,0.40807603484046695,SAM,True
51,0.32307867646134425,2.6237994374443145,0.86,1,0.3775181435131916,0.18253987618218684,SAM,True
52,0.3995897086208279,3.81079174680017,0.47,1,-2.3918192799007936,0.1375676531069832,SAM,True
53,0.3099986992948863,3.5875350610386016,1.05,2,-150.80601126313928,0.34995642526825765,SAM,True
54,0.08194410803043352,2.411332837288564,1.01,1,-20.938088354737726,0.2560824305443781,SAM,True
55,0.21895251858052447,3.837359489477007,0.51,2,-21.64817792534654,0.14077341966677595,SAM,True
0,0.27955990695706734,3.6843196446452042,0.73,2,-52.406159718749734,0.27129731491113607,SAM,True
1,0.6598619211134575,2.9094981445061694,0.9,1,0.7400250340209802,0.22802937390715608,SAM,True
2,0.32649036665148473,3.71348745707051,1.07,2,-303.68668168308056,0.37549136068469735,SAM,True
3,1.1261399504288536,3.775396771168254,1.6,1,-5.053223262932499,0.556103956085679,SAM,True
4,0.9281098115336889,3.833210860518011,0.9,2,-0.7725554217046937,0.281563653066093,SAM,True
5,0.14716021672722232,2.0000000000000004,0.65,2,-2.2585789396479488,0.12492013956872391,SAM,True
6,0.29253781640746895,2.0000000000000004,1.17,2,-0.9103162074217985,0.22659186736833442,SAM,True
7,0.3726405964649493,3.7572170043590734,0.78,2,-50.60283680177871,0.2560909239308347,SAM,True
8,0.7676182410477028,3.790737065937734,1.1,1,-6.403271798044569,0.3471481887468392,SAM,True
9,0.7971314969770777,3.7329787223783173,0.78,1,-0.593800783090376,0.2449261371650918,SAM,True
10,0.41634542945969333,3.892286873979582,0.91,2,-38.78972633760362,0.3112523673813268,SAM,True
11,0.4583562233425261,3.728365936681597,0.97,2,-25.8496367665488,0.3474462841396462,SAM,True
12,0.37468015586258524,3.72601679386639,1.17,1,-133.08763177569065,0.37736776286674856,SAM,True
13,0.6428109893876414,3.8230150702773464,0.86,1,-5.17007005378122,0.2605434012384479,SAM,True
14,0.23784829972651791,3.5415262449420766,1.08,2,-806.7293534576768,0.38192649023198444,SAM,True
15,0.6964475100840145,4.159190065841254,1.09,1,-1.0224038075036912,0.21233410386767593,SAM,True
16,0.2569271869807203,2.620002130739554,0.48,1,0.8614298807538191,0.06199885086533685,SAM,True
17,0.5019403883266051,3.669883999154907,0.92,1,-11.218531602323585,0.3073535961151074,SAM,True
18,0.6675888496320713,3.732464479056422,0.98,2,-5.027646040165469,0.3435128186483656,SAM,True
19,0.6429575277610216,4.073969783112156,0.78,1,-5.4745012086666875,0.2756508417176672,SAM,True
20,0.07481932390608145,2.0000000000000004,0.8,2,-32.52413848006456,0.1627917894424526,SAM,True
21,1.234051469080119,5.144821851076552,0.7,1,0.5775039921036571,0.13102616106496764,SAM,True
22,0.2055194699973135,3.5504351386216895,0.59,1,-40.0655374432795,0.20912866225625948,SAM,True
23,0.2804555353758009,2.0726949771981533,0.53,1,0.7872851394243401,0.08276988785690803,SAM,True
24,0.1649085321608617,2.5902720550311122,0.56,2,-0.12754851024299807,0.13695535574738316,SAM,True
25,0.10908814257512155,2.6812835495342373,0.64,1,-1.8470873440826843,0.15171014459507376,SAM,True
26,0.21113115501364838,3.4307153395988355,0.74,2,-13.647125909138525,0.20803825014010985,SAM,True
27,0.36763896596608975,3.7343064194175115,1.18,2,-193.50087566328102,0.39899988939741815,SAM,True
28,0.08310067881394642,2.0000000000000004,0.8,1,-22.29294402995632,0.18045627578901247,SAM,True
29,0.16554768591162392,3.8043691700253515,0.46,1,-75.34797183424074,0.15102634401149828,SAM,True
30,0.2045170048924542,2.0000000000000004,1.25,2,-5.697474836024012,0.2703694806603224,SAM,True
31,0.25909368109751096,2.0000000000000004,1.02,2,-1.1557658302535887,0.20225701131363855,SAM,True
32,0.1195343001427846,2.0000000000000004,1.07,2,-14.913733318190483,0.23714086881532745,SAM,True
33,0.3906961067982926,3.7650546078319245,1.09,1,-104.37893555160068,0.3523299392327958,SAM,True
34,0.260670499269881,2.5321820120426897,1.15,1,-0.9886885501317124,0.2684718845391668,SAM,True
35,0.27422855766862436,3.676211577261889,0.87,2,-197.9087155292351,0.28313983949084764,SAM,True
36,0.11229201865078846,2.0000000000000004,1.28,1,-61.01898602712847,0.27040781151065985,SAM,True
37,0.47699540687802344,3.8141048891421168,0.94,2,-25.375644349184313,0.3386852185652668,SAM,True
38,0.17906681996440685,2.5043459549637084,1.12,1,-2.1940583511019156,0.26350587665050834,SAM,True
39,0.07905143784065258,2.0000000000000004,0.85,1,-44.23333407078251,0.17545755850129077,SAM,True
40,0.4406751652206855,4.075251407448397,0.72,2,-12.124965056495217,0.2566573949289099,SAM,True
41,0.41031523789781044,3.6162193846740234,0.95,1,-26.132243168052888,0.3288784873701117,SAM,True
42,0.40537189588847794,3.740351543414065,1.16,2,-171.7146434926027,0.40904649861585884,SAM,True
43,0.06262168009612894,2.4396970471875385,0.59,1,-7.116406964642341,0.14767110892877053,SAM,True
44,0.62536942097685,2.4841970963383098,0.38,1,0.9339713182394281,0.09326982188059348,SAM,True
0,3.5637142846299157,7.275981064075908,1.1,1,0.9585509037128357,0.10424339960933707,SAM,True
1,0.8738940312637933,4.435003636742706,0.65,1,-0.2859110471743227,0.19419472650594705,SAM,True
2,0.17603282173567297,2.4944844150416965,1.08,1,-3.3984105435832035,0.2778520065771987,SAM,True
3,0.5067573034276673,3.5235677244296735,0.79,2,-3.0148936298351625,0.2823333840781968,SAM,True
4,0.17794337167376853,2.0730592233687672,0.78,1,-1.5613466695758795,0.12994983105996627,SAM,True
5,0.11040225921153336,2.769880023213101,0.93,1,-1.8738628331727027,0.1893143276507841,SAM,True
6,1.0275076159589915,4.357707961158907,0.99,1,-2.052966581235104,0.26401831150335736,SAM,True
7,0.52272035370236,3.835312454271163,1.18,1,-23.845787831504744,0.33343468490699324,SAM,True
8,0.3345559372679375,3.953950210236144,0.66,1,-3.4080798078327286,0.1578632785317531,SAM,True
9,0.6296744431615984,2.0000000000000004,1.15,1,0.7163008689719456,0.20289467798480187,SAM,True
10,0.8149854333212911,4.250275037988231,1.24,2,-4.214148053445264,0.3603811499946973,SAM,True
11,0.852753171790977,2.0083375222159616,1.36,1,0.8167311731741664,0.24624227754736072,SAM,True
12,0.4136495053588436,3.687672008639,1.07,1,-28.337589989957813,0.3050915250226375,SAM,True
13,0.8037275920526292,4.2328014585023785,1.06,1,-5.778246838688593,0.3414621790045161,SAM,True
14,1.0899916090151893,4.63834477294118,0.84,2,-0.40955168998138736,0.18046423304659978,SAM,True
15,0.9280571195505686,3.9744635740238263,0.71,2,0.13079995394095556,0.18373499306574853,SAM,True
16,0.21878634720090304,2.6342096010388234,0.82,2,0.07317375402687931,0.1775733310691272,SAM,True
17,0.7992123056318854,4.3955237208574784,0.69,1,-1.254123408497168,0.1816945228303533,SAM,True
18,2.893292311111816,5.064068096778822,1.0,2,0.9593860937943874,0.10607617166329054,SAM,True
19,1.6326056819173502,5.239601899960631,0.54,1,0.7698897552917545,0.18006444152081744,SAM,True
20,0.8420663846215771,3.991318934886071,1.17,2,-8.183302452662934,0.4085858891221511,SAM,True
21,0.4916109515487192,2.4814689895063418,0.89,2,0.4538616062691655,0.1896312837560197,SAM,True
22,2.673871500219776,5.571369565435089,0.91,1,0.8876828964710215,0.16870426920398723,SAM,True
23,0.08351994488893308,2.0000000000000004,0.57,1,-10.277113179497194,0.12697860189621676,SAM,True
24,0.423932632103076,3.7743424822092773,1.22,1,-131.05645233142647,0.4041035614647792,SAM,True
25,0.8948339917893143,2.378885730182437,1.0,1,0.8507844179466493,0.20923767673213756,SAM,True
26,0.3986589596295165,3.5281084748518725,0.75,2,-6.435035433723012,0.26970216259625485,SAM,True
27,0.2631851272342843,3.1817704010831833,0.6,1,0.07001684908246175,0.11505769402341208,SAM,True
28,0.5044966677981044,3.7595462599636784,0.95,2,-18.377061759134765,0.31655905848841376,SAM,True
29,0.38016129296013346,3.708868735686934,0.88,1,-19.32872876726126,0.24165495940697226,SAM,True
30,0.6731394918923235,4.081931103125321,1.23,1,-8.770421221343629,0.35094948226120665,SAM,True
31,0.9229000213012877,4.413520192992418,0.76,2,0.09681481953891424,0.1029334808475659,SAM,True
32,0.4518849784871903,3.6154778230345057,0.83,1,-8.694386528485238,0.2612951218899607,SAM,True
33,2.290367153312221,3.9859612175129606,1.66,1,0.3507619897711437,0.37909201430347694,SAM,True
34,0.7540235330243282,3.7724329219831274,0.84,2,-1.5514839486346932,0.2533326868865701,SAM,True
35,0.22313184759900298,3.561103904593788,0.96,2,-602.4424421755331,0.3363171886201803,SAM,True
36,0.6080800838241386,2.0000000000000004,0.85,1,0.869717060282485,0.13731890050078388,SAM,True
37,1.3074340822492008,4.049633820395143,1.3,1,-1.8075479323176538,0.4347752373778119,SAM,True
38,0.43913672934482045,3.9142465618561553,0.8,1,-41.86012802648959,0.25192287425961235,SAM,True
39,0.46292140984875385,3.716316257313378,0.71,2,-6.016622594187621,0.2343768478196202,SAM,True
40,0.7509764887301614,7.338535183912239,0.56,1,0.995655836939073,0.013354311085799578,SAM,True
41,0.26908395162812226,3.7145010084274355,0.62,2,-26.478544825973156,0.21802931776974518,SAM,True
42,0.5233427275704303,2.597309433999865,0.64,1,0.8215561292273614,0.1503279371320863,SAM,True
43,0.9014691242064891,4.383716978036564,0.63,2,-0.2726360918617614,0.1934991499361246,SAM,True
44,0.30217819898064235,3.8546516272216915,0.72,2,-48.138875280703004,0.22543600060840832,SAM,True
45,0.414535968221944,3.8446264633798295,0.77,2,-44.022535162340915,0.22350660866007294,SAM,True
46,1.0156079297598726,4.1282886197644455,1.03,2,-2.4565404819656855,0.244746842641023,SAM,True
47,1.5718583380342015,4.2039008117875625,0.91,1,0.8431221726885662,0.1119127013643479,SAM,True
48,0.5480371662318069,4.186885767363613,0.75,1,-7.87167374466028,0.24020720843426846,SAM,True
49,0.1520994880169609,3.572049352923292,0.58,1,-347.6135330605679,0.19759735752986068,SAM,True
50,0.5221959033304131,3.8478965541386256,1.07,2,-25.263526005986336,0.4097180027869448,SAM,True
51,0.481416989956748,3.9566020894586598,0.48,2,-1.5474101830814786,0.14058560087133434,SAM,True
52,0.11409930980203695,2.737050432609323,0.83,1,-2.210890724004984,0.19937319589784647,SAM,True
53,0.12032699144154071,2.0000000000000004,1.13,1,-16.464855421310737,0.2504597633427567,SAM,True
54,1.1243863983969486,4.210755798261144,0.71,1,0.4316413362761078,0.16974583123666315,SAM,True
55,0.30682547558749146,3.5242165508374814,1.1,2,-116.5818252848698,0.3849005021897537,SAM,True
56,2.8032071433066315,7.223965582665825,0.63,2,0.9986827267500619,0.015956030847001187,SAM,True
57,0.6222127726267125,4.491072391654566,0.68,1,-1.1921633249933645,0.18744270100895272,SAM,True
58,0.6490568017438664,3.945830983352412,1.26,1,-27.59778598524456,0.39209033906491275,SAM,True
59,0.9659737500299951,4.3562334951932336,1.3,2,-3.014096255671906,0.33572429944665544,SAM,True
60,0.520028921960652,4.190229069893675,0.85,1,-4.655526872347427,0.21959036180564426,SAM,True
61,0.330962163619274,3.6776874057486215,1.07,2,-407.468331205699,0.37552577363671813,SAM,True
62,1.1503381695773123,4.448812520066525,0.53,2,0.6921099788312906,0.1458608841066424,SAM,True
63,0.4890790051878663,3.433867016180452,0.76,2,-1.3441371877711057,0.21530147898673774,SAM,True
64,1.506506523391778,4.134420080730037,1.35,2,-1.1820464320824953,0.317408163489969,SAM,True
65,0.8166095644173037,4.37347542608991,0.66,2,0.15362954748823654,0.08612597602676483,SAM,True
66,0.736187702006222,4.352499749630607,0.97,2,0.3206731561048095,0.13955956165388306,SAM,True
67,1.2802993946504573,5.0566669058671545,0.6,2,0.796751400616032,0.09305641303068633,SAM,True
68,0.21939357839039167,2.0000000000000004,0.91,1,-1.1566134541769668,0.18321904816316714,SAM,True
69,0.6264687486672399,4.22088958738821,0.5,1,-0.5325113468811968,0.12287789099128525,SAM,True
70,0.28917967867118294,3.6070028103608753,1.15,2,-595.2152400748595,0.39308414063378394,SAM,True
71,0.676150789410997,2.0000000000000036,1.06,2,0.8328934930094549,0.16951794925127667,SAM,True
72,0.14833436856770155,2.0000000000000004,0.71,2,-3.3842507635892503,0.14326105557528376,SAM,True
73,0.5910405188538232,3.774053020641178,1.01,2,-15.501594452010586,0.33179399042725705,SAM,True
74,0.1337752970616192,2.0000000000000004,0.95,1,-15.384683166859606,0.1927704889822029,SAM,True
75,0.19155208370952184,2.0000000000000004,0.86,2,-0.9024518257290968,0.15714383908957605,SAM,True
76,0.30409673894456185,4.120507649821014,0.46,1,0.583771878553099,0.054007462159822536,SAM,True
77,0.33239133458746734,2.00000000000049,0.84,2,0.5955099082011701,0.1403147447039465,SAM,True
78,0.5917280726321301,4.332017281111693,0.72,2,-4.817308351749505,0.2302159902391298,SAM,True
79,0.2269699164931048,2.511473121138152,1.23,1,-3.3291844752034754,0.23709625382509977,SAM,True
80,0.30372510347089976,2.570187956980837,0.74,1,0.3694405067308484,0.1705673673950327,SAM,True
81,0.6287075408460593,2.4114286336804014,0.81,2,0.8323063505133407,0.1414330055383247,SAM,True
82,0.11214452752447403,2.0000000000000004,0.86,2,-12.600965186240133,0.18225183987885613,SAM,True
83,0.8024498461642965,3.6889060400344937,1.04,2,0.38496366841624785,0.199361960985877,SAM,True
84,0.6585188360724079,9.284609006178231,0.52,2,0.9531294458274415,0.05683851414575567,SAM,True
85,0.5039797789221906,2.495280882250725,0.8,2,0.7141019250227092,0.18031251633918677,SAM,True
86,1.3795601057514701,4.390993008150369,0.86,1,0.512654538424089,0.16340618061894202,SAM,True
87,0.6351777836562694,2.5603766243240282,1.21,2,0.540445620360704,0.28598030987178996,SAM,True
88,0.44893827934384445,11.999999999999998,0.8,2,0.6872445810486112,0.24700435455404765,SAM,True
89,0.2512556844120066,3.8251213981966345,0.7,2,-28.409070886749596,0.20961190783160166,SAM,True
90,0.8136992559069101,4.680158547551984,0.38,2,0.8191260106948208,0.062079643121762965,SAM,True
91,0.9462935536204825,2.5661063006618163,0.98,2,0.8525352039439991,0.22740029919145985,SAM,True
92,1.0518444194362706,3.877994202017036,1.17,2,-2.39858124237051,0.30772189709325826,SAM,True
0,0.7594464179796921,3.7906539746367183,1.01,2,-4.606861352911017,0.3428884109810635,SAM,True
1,2.2904353929628,4.339762796472635,0.85,2,0.8291938949029629,0.25804223467892895,SAM,True
2,0.6543343902172586,3.6543141933756735,1.07,1,-6.528662623055036,0.3498258277932815,SAM,True
3,1.2827695139284236,4.6060125851383225,1.26,1,0.23324760393424615,0.20133879344829939,SAM,True
4,0.7099603128476341,3.9263499085495916,1.08,2,-18.89715762719333,0.32218669622964363,SAM,True
5,0.23498099124241276,2.597047637249922,0.6,2,0.6040622667199221,0.10469546412393267,SAM,True
6,0.6132400968676452,3.8980649773967415,0.92,2,-15.649823391285874,0.27784510998594236,SAM,True
7,0.29055920766490995,2.0000000000000004,0.86,1,0.12115918346298737,0.174942417005067,SAM,True
8,0.3796003979215816,3.8735357742408127,0.78,2,-30.02807337637221,0.2882050527463882,SAM,True
9,0.7091766720310222,2.0000000000000004,1.39,2,0.7089458741365401,0.2561596315626369,SAM,True
10,0.55942388023443,2.0000000000000004,1.47,2,0.4110361951025565,0.2906830888962269,SAM,True
11,1.4967344073588886,4.437258480169935,1.48,2,-0.7079374481797625,0.25331234002830527,SAM,True
12,0.6642591557127133,3.760145473070934,1.1,2,-11.087088682462195,0.32581878111289847,SAM,True
13,0.43059845719331336,3.5532629676477274,0.57,2,-1.782336295854296,0.18198690623423727,SAM,True
14,1.3999563988497876,6.196355096555566,0.87,2,0.9728733210689354,0.044613564680236355,SAM,True
15,0.614677631341517,3.9718522411262125,1.05,2,-6.848444205823376,0.2832626096211299,SAM,True
16,0.09113596125634475,2.0000000000000004,0.8,2,-13.221211265654983,0.1728136095852276,SAM,True
17,0.28372726494814987,3.5689225355128977,1.09,1,-354.4806938772297,0.37407408402324827,SAM,True
18,0.3758148070554493,3.8519487252400664,0.73,2,-7.192704329402064,0.17660004871446472,SAM,True
19,0.05087286984730887,3.5262951429363305,0.27,1,0.0,0.09708018589245317,SAM,True
20,0.0885588111053382,3.5263065547143957,0.47,1,0.0,0.16899143481315798,SAM,True
21,0.5360338347409134,3.789174025073111,0.74,2,-3.6885799811678197,0.19754680223190907,SAM,True
22,0.2666734467153474,2.0000000000000004,0.98,1,-0.29047329495872165,0.17869465835343093,SAM,True
23,0.5361394801111328,4.174279257233323,0.68,1,-0.37848519619189025,0.11721408359413635,SAM,True
24,0.5060747123040709,3.783270791841272,0.95,2,-46.59532433637166,0.28907367035171344,SAM,True
25,1.2247539227807702,4.067786472111692,1.18,1,-1.875784757637717,0.25877003137033633,SAM,True
26,1.290833670583795,3.9660366441845114,0.95,1,0.12746239716053276,0.28140701370882854,SAM,True
27,0.7214473027226359,4.405329952240049,0.6,1,-1.0508684052433521,0.17182493810115584,SAM,True
28,0.21550773413562696,2.569548868955853,0.74,1,-0.14975417327914897,0.17906760371445993,SAM,True
29,0.09398617021793113,2.6465024170659857,0.8,2,-3.395408465400357,0.19813905507900642,SAM,True
30,1.5068084591847433,4.1452623765969845,1.0,1,0.07147100787687388,0.3600038437220734,SAM,True
31,1.1945493746489289,3.778744679061878,1.21,1,-0.6772276743559635,0.32735049178370024,SAM,True
32,0.04378971651608553,2.0000000000000004,0.42,1,-19.520180169641783,0.09171942576328279,SAM,True
33,0.6455613170878663,3.859241518005913,1.31,1,-60.25800004178369,0.42420979625975813,SAM,True
34,0.2956511395238411,2.8011243456378425,0.98,1,0.14742451108903865,0.23190989865570819,SAM,True
35,0.37434493251542494,2.8065126145628776,0.77,2,0.6595868823752253,0.17219087257488147,SAM,True
36,0.5129067116292251,4.552714646093265,0.52,1,-1.0845674683565019,0.12065046469671575,SAM,True
37,0.825937262164017,3.966504758106616,1.35,1,-14.680760688755706,0.4617818833592132,SAM,True
38,0.34895300377987915,3.681509708321483,0.77,1,-10.251316756671464,0.24459505126518147,SAM,True
39,0.15215611205142554,2.5331555998861477,0.8,1,-1.066825144603183,0.18964824579495645,SAM,True
40,0.9884322077882827,4.249903190063248,0.78,2,-0.7480229616093648,0.2295474614756843,SAM,True
41,0.7598166020045886,4.22144607385281,0.82,2,-5.1186966239637846,0.2135648079328254,SAM,True
42,2.0400473230038307,4.642111465641598,1.25,2,0.12694123216659237,0.33805665410687197,SAM,True
43,1.1719333618513188,5.352227783718813,0.8,2,0.4406579057344704,0.15956012744154016,SAM,True
44,0.46393166704881905,3.540759795040688,0.75,2,0.536212191270632,0.09711300086759815,SAM,True
45,0.4317408340295214,3.8106905153110207,1.07,2,-58.98233297236851,0.3718516818050212,SAM,True
46,0.740618721206576,4.425081008895403,0.34,1,0.6637613895260415,0.10380336939375152,SAM,True
47,0.7368336494265153,3.886668090945881,1.36,2,-41.960424432119396,0.40186881683230974,SAM,True
48,1.458892188155237,4.789136854968489,1.57,2,-0.07796310919407667,0.34804102904263323,SAM,True
49,0.30080804159660246,2.821917618998109,0.77,1,0.4608889497920269,0.18757938622396983,SAM,True
50,0.40522374601744193,4.056622676637462,0.69,1,-2.4309477906349497,0.15062262969106438,SAM,True
51,0.24488460881603574,3.6639797056212933,0.82,1,-494.18085623325095,0.2884274325496557,SAM,True
52,0.4982212277937257,2.000000000045666,0.98,1,0.6820073692276529,0.17002714951274267,SAM,True
53,1.5068091025627506,5.0348858645450765,0.77,2,0.8781667751810815,0.07959699884586093,SAM,True
54,0.5858857729692222,3.786611677664784,1.11,2,-19.202069542955325,0.40649797736145427,SAM,True
55,0.7471380814468009,4.015597544077547,1.37,1,-17.72736251901318,0.45950661644990914,SAM,True
56,0.3940163387171309,2.4443430854061585,0.78,2,0.7907785680409991,0.1190540683596901,SAM,True
57,0.7103430026044968,4.371262358526566,0.98,2,-1.6100391573161206,0.22770106576451374,SAM,True
58,0.3407536704111047,4.050676716377914,0.61,1,-12.465343235924687,0.17627581985328916,SAM,True
59,2.1104869294031072,4.695037359204355,1.01,2,0.6733543075320213,0.24263624246268098,SAM,True
60,1.2100770465136974,3.8971811828022145,1.11,2,-0.16108226813809856,0.237319628285888,SAM,True
61,0.24185545348713205,3.536543300362107,0.98,2,-354.6745469231893,0.3402843009842116,SAM,True
62,0.08475631003111038,2.0000000000000004,0.81,2,-15.455098610569916,0.1832599194047317,SAM,True
63,1.3656215864132901,4.289922464233745,0.92,1,0.639238059573904,0.11171382413254283,SAM,True
64,0.3770780041323225,3.8304334687251287,0.56,2,-9.781451111191782,0.17116013033815664,SAM,True
65,0.5148955678748205,2.7968384451014376,0.72,1,0.9807063243269029,0.04023719524390406,SAM,True
66,1.6239076727681725,5.0303308987647615,0.78,2,0.825754344962246,0.10674012676639787,SAM,True
67,0.4865657112647535,2.806773597605268,0.94,1,0.7457314050083315,0.18498842118570605,SAM,True
68,0.21250296878728003,2.397437588564445,0.81,1,-0.5123778083388588,0.17902646976320571,SAM,True
69,0.3118251920519752,3.838669711021295,0.77,2,-69.57190469510496,0.2628495666660072,SAM,True
70,0.3264249451681421,2.0000000000000004,0.62,2,0.7128050014097682,0.10446638761644679,SAM,True
71,0.3496152002838932,2.0000000000000004,0.93,1,0.38318707083072434,0.17622688265626177,SAM,True
72,0.9381498007320528,6.064705117254252,0.87,1,0.9865551702632221,0.037186352398061756,SAM,True
73,0.49373831438664817,3.833911714794373,1.01,1,-65.97690665351135,0.30819469485982987,SAM,True
74,0.5172199067968268,4.845986321031244,0.36,2,0.9311952330466979,0.022136736859026507,SAM,True
75,0.2906377087718757,2.742234077506476,1.01,1,0.06627187533677781,0.1759572902665814,SAM,True
76,0.5385812161234097,2.0000000000000004,0.93,2,0.7791750118750989,0.15880712897264265,SAM,True
77,0.7078459474006772,3.9389948093378564,0.79,1,-3.10021633368327,0.22177036529376695,SAM,True
78,1.1718910747691142,4.648190508123755,0.64,1,0.658293493629376,0.11241550737544262,SAM,True
79,0.380098707163457,3.612521080658027,0.71,1,-8.69931124024648,0.21857387646401952,SAM,True
80,0.8424881977027875,4.121663618783849,0.92,1,-4.505107894529673,0.22739125082212136,SAM,True
81,0.6553798270755384,5.09064923790958,0.62,2,0.7663670668521502,0.08086373867540796,SAM,True
82,0.8357810643843698,4.3084618972478435,0.85,2,-2.7921845221831925,0.21000739509119798,SAM,True
83,0.6331894433730737,4.086154507480296,0.66,1,-2.917558407602386,0.18395871748543816,SAM,True
84,0.13609826981433792,2.618975677970058,0.94,1,-1.9298978662184805,0.22199667306651222,SAM,True
85,0.507390585383094,2.0000000000000004,1.16,1,0.582697129504089,0.22729091624823872,SAM,True
86,0.6950371699715248,2.047630684241369,1.36,1,0.7159410755052102,0.2383772543129624,SAM,True
87,1.05163203220402,5.017928572658162,0.53,1,0.7122716001546455,0.08253298520637016,SAM,True
88,2.3247716503243154,10.258774203108425,0.6,1,0.9805226083345476,0.062052172556188806,SAM,True
89,0.34860219577358537,3.733509655696416,1.07,2,-262.40370447590686,0.3734810112204652,SAM,True
90,1.7105986438056082,4.228232949541007,1.21,2,-0.011510569635161394,0.3184363345593056,SAM,True
91,1.6581942423816405,4.622501212186223,1.25,1,-0.21324347612768224,0.2616613570580197,SAM,True
92,0.5365504100978707,3.739482028312365,1.15,2,-50.17462114162489,0.3695734731833243,SAM,True
93,2.220817879660789,4.78195026587952,1.05,2,0.7047662926703695,0.22896091245791064,SAM,True
94,1.1783044700949947,4.7265158803356035,0.84,1,0.15151666354847249,0.17371173487005204,SAM,True
95,0.7238758632750846,3.9144659003187696,1.17,1,-23.463254786298013,0.3531828650364194,SAM,True
96,0.957374501191934,4.280730247782185,1.21,1,-2.8460293591782198,0.2986497781627584,SAM,True
97,0.4782542573958627,3.984798225493668,0.78,1,-25.118333476855515,0.21714439575798866,SAM,True
98,0.3487977779178971,2.0000000000000004,0.79,2,0.6540841335131081,0.1376528838722983,SAM,True
99,1.3070825544315272,4.391097360205831,1.13,2,-1.238219062172738,0.30057772014452006,SAM,True
100,0.3814727182965848,3.6013587836597014,1.04,2,-65.19186210046509,0.34556822818955746,SAM,True
101,0.47048158651868416,4.622070388264636,0.56,1,0.5166294857768052,0.08211762211618744,SAM,True
102,1.0378692237596512,4.066073394701842,0.92,1,-1.4249951514758297,0.36293292030212376,SAM,True
103,0.19368176439374787,2.4274678667816287,1.37,1,-4.508323375525561,0.34434661700653957,SAM,True
104,0.33560822884220604,2.7860367209202774,0.94,1,0.5305621086108816,0.19227789183632696,SAM,True
105,0.5749999455072172,3.5223355714862565,1.12,1,-6.538057032659096,0.3359389312605359,SAM,True
106,0.590915734902852,2.5739899534623976,0.91,1,0.6857088373220257,0.20272828728927042,SAM,True
107,1.2697691187536464,4.07489582602907,0.89,1,0.19978875739711877,0.23475122926668607,SAM,True
108,0.09769654396938554,2.6024924755558363,0.68,1,-1.861789435267919,0.17289159934175755,SAM,True
109,0.23001633517688289,3.766739482700022,0.67,1,-117.2824161836227,0.22293740927936767,SAM,True
110,0.8217571838928402,4.054446252554305,1.02,1,-8.033484360629345,0.2989716865814173,SAM,True
111,0.2433852108101229,2.6224474015724564,0.88,2,0.10419975459108066,0.17009306737186386,SAM,True
112,0.13167418750370674,2.6111279693176512,0.66,1,-0.7025580355045682,0.15456573605908197,SAM,True
113,0.5001850638122639,3.821952569670777,0.62,1,-1.664443763816624,0.160457138966524,SAM,True
114,0.17916527831127033,2.0000000000000004,1.11,1,-6.27341323264151,0.24072710271707468,SAM,True
115,0.09668545185668043,2.5499386940223054,0.96,2,-5.786606307576368,0.22613373859957348,SAM,True
116,2.978724248559544,6.542865337652337,1.29,2,0.9096408765772239,0.16158866042279313,SAM,True
117,0.3828373322532288,2.0000000000000004,0.92,2,0.6220020742664611,0.15096059692725217,SAM,True
118,0.07917215812932853,2.491850471815303,0.55,2,-7.598512163022184,0.12489729693245254,SAM,True
119,0.6969687538366152,3.7334268372891573,1.21,2,-14.521321231228539,0.3493757222239072,SAM,True
120,0.5276443563616172,2.0000000000000004,0.9,2,0.7828778837174497,0.1521731605354695,SAM,True
121,0.7280989051700979,3.6015812993064023,0.82,2,-0.679170837582441,0.2296533775859303,SAM,True
122,0.4585358061112043,3.8240208166763723,1.11,1,-25.302343065411225,0.31946737494794564,SAM,True
123,0.20546621678500573,3.6031400946301657,0.75,1,-570.5367739949128,0.25385186875011667,SAM,True
124,0.13797768168501343,2.0000000000000004,1.04,1,-10.094005332490093,0.2145292881671759,SAM,True
125,1.1689923781841007,4.562413878115858,1.29,1,0.20672007084672228,0.23790349242939934,SAM,True
126,1.3140611302050342,2.0681672406234823,1.46,1,0.9209246222400038,0.22700921412365868,SAM,True
127,0.33160085082612667,2.0000000000000004,0.7,2,0.650162243703108,0.11533946808990769,SAM,True
128,1.004033960209941,4.097396268756563,0.91,2,-1.26032309227495,0.25248452358307544,SAM,True
129,0.5959332020025339,2.917012252079356,0.77,2,0.7742378574176558,0.1539196331870909,SAM,True
130,0.9340176468498751,4.078038625777547,1.02,1,-4.1188842910882375,0.2533667289963457,SAM,True
131,0.9899904990082727,4.834236368131147,0.98,1,0.6400012390045886,0.12797149540597802,SAM,True
132,0.19191440510940833,2.0000000000000004,1.33,1,-6.192593528768163,0.27455372292915786,SAM,True
133,0.9591632054734369,5.096406095246069,0.91,2,0.48653089539949756,0.17111686454127273,SAM,True
134,0.5803428225869897,4.0010222034056255,0.94,2,-12.897572129627529,0.36035942332515686,SAM,True
135,0.6237402595570338,2.0000000000000004,0.99,2,0.8334295339758996,0.1543751749564988,SAM,True
136,0.6056307813408371,3.887390254807978,1.1,1,-47.582289608576716,0.31645403993795895,SAM,True
137,2.464298513895383,4.293575861460427,1.35,2,0.6520522205658633,0.30267495387561766,SAM,True
138,0.5570739217644672,2.0000000000000004,1.3,1,0.49840631630647414,0.22003852456941572,SAM,True
139,1.7732906336158525,6.1672312866341095,0.59,2,0.9978318994535131,0.012326831903429123,SAM,True
140,0.16424080054987406,2.0000000000000004,0.76,1,-1.8390568130258114,0.16024752376813334,SAM,True
141,1.0185103030120917,4.172051587569532,0.9,2,-1.2051183174299411,0.2594090291671247,SAM,True
142,0.6433698336128959,4.052955675330976,0.69,2,-3.3618240217142246,0.21512249520080792,SAM,True
143,0.2039175826538492,3.434211207994548,1.01,2,-168.73906424046118,0.3517063307153228,SAM,True
144,0.2470565292052362,3.7025373053712523,0.69,2,-221.15605166051705,0.2389018862045744,SAM,True
145,0.41353394949779476,3.7551734419195424,0.78,2,-19.34913021628807,0.2676738453632523,SAM,True
146,0.11475174436203674,2.0000000000000004,0.97,2,-26.871177678794943,0.20136559818950714,SAM,True
147,0.09683397630574034,2.0000000000000004,1.02,2,-36.71426418265516,0.2179942234113391,SAM,True
148,0.293482431090043,2.0000000000000004,0.56,2,0.6654997443488779,0.1015363434166342,SAM,True
149,0.38055862166764015,2.0000000000000004,1.01,2,0.2124845695240598,0.18279769242016125,SAM,True
0,0.07854472380171536,2.0000000000000004,0.67,1,-16.36844910703588,0.14691711992742318,SAM,True
1,0.24144723227725337,3.54323156229567,0.63,2,-24.55109495452619,0.22542125030886942,SAM,True
2,0.7539276526530329,4.074982414002797,0.44,2,0.5162371884210589,0.12743213903518175,SAM,True
3,0.2367737261221256,3.636270003822723,0.79,2,-154.09940434132508,0.27256671601553756,SAM,True
4,0.5202678951044001,3.761491337861409,0.92,2,-13.942673924928354,0.3170193793091266,SAM,True
5,1.1658229526099413,4.244025627928271,1.08,2,-1.7783806274644398,0.2997399703233074,SAM,True
6,0.25622328724572946,2.5399337688318284,1.09,2,-0.6594377801905851,0.19648073514061762,SAM,True
7,0.269788903196167,3.7920372611459006,0.71,2,-75.78360911844125,0.24846332069588611,SAM,True
8,0.14395331842709233,3.532596192928906,0.68,2,-985.6714767092395,0.24076326392676206,SAM,True
9,0.14363194525461126,2.618855536751178,0.63,2,-0.6542318709185384,0.15547762002851923,SAM,True
10,0.45509225696090727,3.7583690754824333,0.96,1,-36.95476190629702,0.32702524699324387,SAM,True
11,0.21307803681947166,2.5689862759886557,0.88,1,-0.16749816611753077,0.18226157204640503,SAM,True
12,0.22252767322834763,3.6886565000287,0.75,1,-334.37607990696176,0.2645999063517925,SAM,True
13,0.21454054333856976,3.5342571778442062,1.01,2,-732.5978820012501,0.3476496096067216,SAM,True
14,0.5351626960595273,3.9246905094979496,1.19,2,-31.21958757025603,0.3745296853780344,SAM,True
15,0.1812353595584026,3.6517704446102193,0.66,1,-631.584955798971,0.22679392133832502,SAM,True
16,0.8292066414263466,3.987441868115596,0.9,2,-2.749997627407449,0.31915223335453935,SAM,True
17,0.31229503407260895,3.7469097172987396,0.74,2,-19.1379100558053,0.19968038560182186,SAM,True
18,0.9157306997172748,4.311152515863714,0.66,1,0.024350650628999437,0.13560388829735312,SAM,True
19,0.32568910432883613,3.7076028434975976,0.68,1,-5.2788707399607,0.15140393803424707,SAM,True
20,1.692067142671777,5.200927715734285,0.62,1,0.7150210240360503,0.19974968779049432,SAM,True
21,0.21381451693887207,3.706427798856554,0.65,2,-133.50505936757034,0.23625033213768615,SAM,True
22,0.05753286404825563,2.0000000000000004,0.68,2,-78.2427078597384,0.1411327284779255,SAM,True
23,0.468539390482942,3.7582640615073823,1.03,2,-42.80829214723109,0.3595674959122338,SAM,True
24,0.22385542452860957,3.6002896695875424,0.8,2,-380.1177453664123,0.2840066189886207,SAM,True
25,0.8700642245905316,2.270749907561598,0.65,1,0.8953840228515828,0.18599706797551896,SAM,True
26,0.17119702086132418,2.0000000000000004,0.7,2,-0.9302098761403632,0.1308807218745382,SAM,True
27,0.22299928693809024,3.6479375293444556,0.71,1,-407.7133256553121,0.24610409937435154,SAM,True
28,0.30605784627147425,3.7516910756815327,0.9,2,-150.6035239802658,0.3144066821428777,SAM,True
29,0.5290874722889144,2.3704969825130298,0.85,1,0.7151671266670585,0.18423229042880776,SAM,True
30,0.676526200863884,4.187904934683984,0.79,2,-5.966458286088822,0.22124385605716387,SAM,True
31,0.8409325906679336,4.099632069043379,0.95,2,-4.85469846259389,0.2841259725869152,SAM,True
32,0.27021025950741273,3.6825135374684077,0.58,1,-27.862594960128032,0.18712280914369822,SAM,True
33,0.07485792073543054,2.0000000000000004,0.91,2,-68.23699890095887,0.19516138313049147,SAM,True
34,0.20665835930410745,3.575116169209808,0.95,2,-1978.4872232538587,0.3344560105396157,SAM,True
35,0.3493321962550281,3.868734406582638,0.77,2,-51.17069400810594,0.25026274166098167,SAM,True
36,0.20948930815445155,3.6539820340974174,0.7,2,-452.38280903054573,0.24142678792745223,SAM,True
37,0.18218433424366612,2.0000000000000004,0.83,1,-1.5498259609015324,0.17560636426719603,SAM,True
38,0.19622546508196032,2.0000000000000004,1.09,2,-3.04348908316394,0.23077354874494335,SAM,True
39,0.4543973782370572,4.222713507834364,0.66,2,-6.842436913054843,0.18564075811429906,SAM,True
40,0.2931054303706184,3.5454868699798947,0.99,1,-85.76764725276168,0.3517771323372459,SAM,True
41,0.09359967316511937,2.0000000000000004,0.93,1,-23.271980830465154,0.20184641721562865,SAM,True
42,0.650915177252765,3.9407560661220185,1.03,2,-20.29377308428714,0.29924853396396867,SAM,True
43,0.23829595647992807,3.549432228747441,1.03,1,-837.7925783604146,0.36965889538964825,SAM,True
44,0.3994835318734572,3.663055306161492,0.96,2,-32.4229426416278,0.3490252203244048,SAM,True
45,0.20444728555943356,3.618052110385871,0.82,2,-747.8868804535546,0.2819606909286281,SAM,True
46,0.34783617865892213,3.7153377976740765,0.89,1,-90.27356922002225,0.31095267853633735,SAM,True
47,1.14246797252813,4.0881377731271025,1.06,1,-1.2425451992610541,0.24768050234537617,SAM,True
48,0.651806350130569,3.9828315816567157,1.01,2,-13.887240110637089,0.34943951116476,SAM,True
49,0.16721657557696865,2.0868418560569997,0.57,1,0.042877178281120254,0.11315017894793986,SAM,True
50,0.6571460480763502,4.106222993078581,1.1,1,-8.006675064839255,0.32062836658205685,SAM,True
51,0.2722611783776812,3.6398031642877515,1.03,2,-1049.933296473427,0.36682625216914005,SAM,True
52,0.7161998472855869,3.93171260013748,0.89,1,-4.5845415511736505,0.2819501607297669,SAM,True
53,0.3486204979430143,4.14207967476245,0.52,2,-5.311171929397852,0.12288019349270107,SAM,True
54,0.16330194099756265,2.0000000000000004,1.11,2,-6.6934927041759416,0.23790711394531633,SAM,True
55,0.31462692220297933,3.7267497830186787,1.01,2,-222.2443638348979,0.3413701186715333,SAM,True
56,0.24517805852668167,3.534926010998294,1.19,2,-1669.10083999258,0.4146728620076748,SAM,True
57,0.22830614650847456,3.766755183900169,0.67,2,-97.66226259877934,0.219775106137748,SAM,True
58,0.10369128448675596,2.5975861909806586,0.78,2,-3.285672056116139,0.18403235893163697,SAM,True
59,0.41833101384007504,3.841857299341797,0.84,2,-56.6958086313319,0.27258042005496824,SAM,True
60,0.09008430045204718,2.0000000000000004,1.13,2,-63.805604511545596,0.24745800403099624,SAM,True
61,0.2153946716660638,2.4396642885168336,0.82,2,-0.9266240729064583,0.19820643650153139,SAM,True
62,0.25896584017321284,2.0000000000000004,1.17,2,-1.3234507559850823,0.22658616761621247,SAM,True
63,0.7398703891014564,4.052258646099784,0.83,1,-4.061826892449895,0.2606017382123096,SAM,True
64,1.0045301403623887,4.3112683490764185,1.16,1,-3.959955748688812,0.438313730072094,SAM,True
65,0.2073860758394556,2.0000000000000004,0.7,1,0.14393175297332783,0.1280805285775725,SAM,True
66,1.2069625289913575,4.638230399033891,0.84,1,-0.06229617033719137,0.1871313915775108,SAM,True
67,0.27108293995351224,3.719614239446982,0.79,2,-257.9375094080051,0.26301662497538564,SAM,True
68,0.2175450847491567,3.6915463186665707,0.72,2,-284.25351062845124,0.2534768248458868,SAM,True
69,0.4795552567061778,3.8000017509019726,0.95,2,-35.600980997254226,0.320437242030147,SAM,True
70,0.17920533261643823,3.635075199907821,0.65,2,-266.85877331857773,0.22677937401176262,SAM,True
71,0.49012381422773527,3.6684837754195385,1.12,1,-34.208486478180106,0.3820562670031396,SAM,True
72,1.0308620857884072,4.046580725861962,0.73,2,0.1824403840886144,0.20240862914186644,SAM,True
73,0.08776952813258691,2.0000000000000004,0.96,1,-31.097594754454768,0.2124937937841404,SAM,True
74,0.22463573748413218,3.547339323854923,0.79,2,-114.22986506462884,0.2761171633951085,SAM,True
75,0.28662201255829106,3.802434127209902,0.79,1,-87.28979827647473,0.2591121266968462,SAM,True
76,0.1982476905199928,2.0000000000000004,0.99,1,-2.333185988439912,0.21012039795849866,SAM,True
77,0.21680813196549525,3.628035165009318,0.83,2,-543.7249025338197,0.28450074387864127,SAM,True
78,0.2507482056999183,3.531008321472616,1.05,2,-382.0858944516531,0.3761603460954684,SAM,True
79,0.1524067914830777,3.5080565073542003,0.65,1,-163.041012292156,0.22099015763037452,SAM,True
80,0.32002402006807174,3.608205456911028,1.01,1,-52.502788285158935,0.31262792341682155,SAM,True
81,0.11790936909105251,3.5965523136310047,0.49,2,-1270.111655527072,0.17360316054884134,SAM,True
82,0.5432940863812503,3.8222036189634276,1.18,2,-86.96226020296623,0.3691920908146711,SAM,True
83,0.5244656914302995,3.8043014334931726,1.27,2,-87.11432516814423,0.4442891289446828,SAM,True
84,0.3577619234631278,3.832097890955077,0.9,2,-50.60843342233954,0.2794749854257185,SAM,True
85,0.156101341504386,2.0000000000000004,1.04,1,-5.286720311756522,0.21598882813288586,SAM,True
86,0.21249300483146488,3.843241704785665,0.39,1,-30.087592232620764,0.12215072970706588,SAM,True
87,0.09412254613247785,2.4699603517725643,0.3,1,-0.016664432562877085,0.06410260631899697,SAM,True
88,0.30668297545248147,2.6162202519731936,1.03,2,0.24405486269191967,0.17669442465127114,SAM,True
89,0.21278445465666465,3.5901424567378073,0.87,1,-559.9643592474403,0.294338810968201,SAM,True
90,0.11681842178392597,2.626051921249052,0.93,1,-2.535757357140802,0.222828010690232,SAM,True
91,0.5018598832397955,3.557969964599264,0.97,1,-8.26954526985033,0.33390730825449116,SAM,True
92,0.5961282341066833,3.7159621933524267,1.25,1,-22.56258085373766,0.45247030222204987,SAM,True
93,0.27475327027183455,3.520115860805875,0.75,2,-10.865148484720482,0.19881508245229523,SAM,True
94,0.49837723661882544,3.703677634130849,0.61,2,-2.2126094229213216,0.18851494751439654,SAM,True
95,0.38211683470522634,3.4772722303306782,1.03,2,-20.096116624415554,0.33296641370783525,SAM,True
96,0.17155697097196843,3.5242202278727706,0.64,2,-60.372333253355876,0.20078869350006245,SAM,True
97,0.9068083706329167,4.4316615259633965,0.57,1,0.622846032365546,0.0797392278107667,SAM,True
98,0.5787141740533143,2.5636187523495417,0.92,2,0.8377201896965398,0.14891585557187978,SAM,True
0,0.9002018486870825,3.295129075088972,0.8,2,0.8349604631827681,0.1361313821670533,SAM,True
1,0.13847938355387585,2.0000000000000004,0.88,2,-5.366760721440638,0.1710335175931966,SAM,True
2,0.6652553934248587,4.614463633579703,0.73,1,0.7216225931831466,0.08234943546501314,SAM,True
3,0.1629401221429816,3.732402972234032,0.33,2,-20.607887533651095,0.12104136509192542,SAM,True
4,0.27679738071832855,3.729617853220797,0.42,1,-7.229078950235142,0.12714762814332772,SAM,True
5,0.08736813179439318,2.0000000000000004,0.85,1,-27.093464880838972,0.17547204195939448,SAM,True
6,0.2670868030695379,3.734716496155377,0.84,1,-198.07208853344113,0.28893402542342406,SAM,True
7,0.13842533705851282,2.0000000000000004,0.93,2,-5.874795031232382,0.19980044055909543,SAM,True
8,0.21884987051806384,3.5439709724587427,0.89,2,-450.55179259579,0.305553348266887,SAM,True
9,0.14146861273382755,2.0000000000000004,0.89,2,-4.064536955792423,0.17583669215151518,SAM,True
10,0.4212145649430651,4.18453189397717,0.68,2,-6.618061096170381,0.20322519589403068,SAM,True
11,0.32647321915961297,3.8519549221964895,0.8,2,-72.23900595192995,0.2646118274950746,SAM,True
12,0.3188633861671776,3.700298401835112,1.06,1,-78.4444196573296,0.3314389405021271,SAM,True
13,0.46143479333209664,3.910828317084913,1.03,2,-36.03427456977904,0.32193576912173166,SAM,True
14,0.25676839858106015,3.7123925324783116,0.71,1,-127.46424781494218,0.24385935486672417,SAM,True
15,0.3587443069629647,3.843890087452292,0.55,1,-14.085424782780093,0.15652600181427037,SAM,True
16,0.35438733842648346,3.9054325097910962,0.83,2,-36.606800882165324,0.26367702427572853,SAM,True
17,0.21453253269873748,3.6137615993758168,0.86,1,-1258.9859499507616,0.30722230959162383,SAM,True
18,0.23249739797742314,3.680486861028914,0.77,2,-409.706242180539,0.2729432271904323,SAM,True
19,0.18660302298016368,2.0000000000000004,0.96,1,-2.175008142418808,0.1965463076965206,SAM,True
20,0.2607248084869881,3.6363460486978108,0.97,1,-521.3640804261881,0.32684656658432226,SAM,True
21,1.4387216516873689,4.375130467618342,0.75,1,0.6607980801057006,0.17630782844512832,SAM,True
22,1.0102487783776737,4.029818344292845,0.84,2,-0.4965305984322992,0.24232067850157607,SAM,True
23,0.7442798794936488,4.115459318186439,0.82,1,-4.33639216147154,0.23246583122064104,SAM,True
24,0.08281231253228145,2.509028459613912,1.36,1,-19.555930879294166,0.3509513087071282,SAM,True
25,0.17872159290077855,3.6722064802933527,0.65,1,-318.5700496339904,0.22082389787713352,SAM,True
26,0.4042818235915951,3.6011955092960544,1.26,1,-210.94877141140884,0.41712212353139416,SAM,True
27,0.6852017403020879,4.231031154879428,0.7,1,-3.096082738535009,0.20943716486403927,SAM,True
28,0.25450410827647396,3.5732781383348806,1.15,2,-3568.3063264068287,0.40853489914912194,SAM,True
29,0.21228168694452793,3.6214487179115875,0.78,1,-401.3379191089916,0.28363971919502734,SAM,True
30,0.248166545084919,3.6150216435664317,0.85,1,-666.606106715716,0.29227876661732205,SAM,True
31,0.5752747514149991,3.8733912958941863,1.09,1,-48.708421283347974,0.3212230437184744,SAM,True
32,0.40189114201394954,3.745963539250285,1.03,2,-127.21006743878755,0.3491356779497439,SAM,True
33,0.11121058785552895,2.0000000000000004,0.9,1,-13.466288642047674,0.19264089627161549,SAM,True
34,0.33972806043052844,4.019558684639385,0.56,2,-1.0483847239116981,0.10289610792233993,SAM,True
35,0.15950563653988595,2.0000000000000004,0.97,1,-4.231706071691613,0.20507970428672093,SAM,True
36,0.27037317765590246,3.590564751333076,1.03,1,-405.04424786603255,0.3732802487377385,SAM,True
37,0.19886274843572566,2.0000000000000004,0.98,1,-1.7283354503350687,0.21148938134655496,SAM,True
38,0.04690653182335848,2.0000000000000004,0.58,1,-125.01661207490385,0.12399204278153608,SAM,True
39,0.40499343722158165,3.846853941209394,0.76,1,-29.10107025665481,0.2515975888337064,SAM,True
40,0.15751631390998777,2.470063558767826,0.83,1,-1.2314785221623024,0.18199626105149258,SAM,True
41,0.4262255308492845,3.583003713890569,1.35,2,-116.27466566641213,0.4497229321055774,SAM,True
42,0.3711545131082468,3.5927471285300587,1.12,1,-67.34394562261126,0.3500815577094735,SAM,True
43,0.43353687524733103,3.674648634262042,1.06,1,-52.498892240733184,0.3536670893069274,SAM,True
44,0.2734693507428917,3.601811650457029,0.8,1,-25.245723030574656,0.23028929151070043,SAM,True
45,0.11467031219573585,2.0000000000000004,0.91,2,-14.90940847824803,0.17393667680674937,SAM,True
46,0.26501796454152304,3.679193109105723,0.79,1,-174.5977988837243,0.28359088823293627,SAM,True
47,0.059066976760910314,2.5286019069758527,0.59,1,-4.733200022639091,0.14602584763048557,SAM,True
48,0.24176264870569714,3.5816393495374568,0.96,2,-560.1654537626519,0.3313995940792453,SAM,True
49,0.47465678677539036,3.8802527827650946,0.83,1,-22.567127503629685,0.27862647107010774,SAM,True
50,0.9308368085219679,4.405559736648178,0.58,2,0.31113105564099675,0.14853419027613068,SAM,True
51,0.06750120663118138,2.0000000000000004,0.6,2,-29.002895135142076,0.11680674878921103,SAM,True
52,0.30155325377864184,3.7277199028379333,0.71,1,-51.955819633735864,0.2542772847503413,SAM,True
53,0.2232335169787918,3.5330997330938594,1.03,2,-448.1128749850601,0.3650674535641551,SAM,True
54,0.5073665389132677,3.586552599812108,2.05,2,-643.1614487643745,0.7174110090793476,SAM,True
55,0.26955477417054236,2.0000000000000004,0.77,1,0.340748721901893,0.146984631356002,SAM,True
56,0.28733358451031027,3.69361616380164,0.79,1,-187.0919847385593,0.25532489300993993,SAM,True
57,0.40501605748045805,4.008670093366603,0.7,2,-21.261725933223804,0.2353183111348079,SAM,True
58,0.11166236518521022,2.0000000000000004,1.04,2,-23.64118489017621,0.2226081949559359,SAM,True
59,0.09121187494292562,2.0000000000000004,0.92,2,-45.733762870162,0.19162250604956352,SAM,True
60,0.3009575930362062,3.6647362238787813,1.0,1,-1103.8298858687633,0.3411006233955597,SAM,True
61,0.36032967333567834,3.7777802973925176,1.02,2,-90.0558497521023,0.32669170796476704,SAM,True
62,1.181508002842592,4.9041487371242205,0.95,1,-0.025351822578110195,0.2067358937557896,SAM,True
63,0.324205888314492,3.8193650684766403,0.81,1,-76.71349293289649,0.26606389805365316,SAM,True
64,0.2883623001957435,3.6833690216041917,0.91,1,-244.51931852349574,0.3213341012065811,SAM,True
65,0.20674535655504198,3.539288617015937,0.93,2,-577.1755762047395,0.321982394812623,SAM,True
66,0.16427322009557213,3.583407403606558,0.63,1,-382.5968701469223,0.21507660628487094,SAM,True
67,0.25701422358933806,3.581472109121053,0.87,1,-136.7739601739203,0.3096621970487333,SAM,True
68,0.15816692851812067,2.0000000000000004,0.82,2,-2.6666041510155813,0.17523382411428948,SAM,True
69,0.19377018007244343,3.6335813552647203,0.65,1,-144.80533952295036,0.22224211743816571,SAM,True
70,0.4934179548311443,3.751776728909603,0.9,2,-20.801728446996993,0.2846485827640066,SAM,True
71,0.4098505472652398,3.9172557568629514,0.85,2,-42.75076962626187,0.2656501296953578,SAM,True
72,0.276894297394789,3.6224451038232175,0.98,2,-304.1661365820253,0.3549046673040958,SAM,True
73,0.22848843603277708,2.3811619502352896,0.5,1,0.7399681562435487,0.06990519890980919,SAM,True
74,1.139851672836988,4.095993316078356,1.23,2,-3.845837511511494,0.3546168605718811,SAM,True
75,0.2519488330026038,3.699882085328354,0.79,2,-271.541988858468,0.27205055135839296,SAM,True
76,0.16958881725393396,3.548372135407043,0.67,1,-196.12098896063205,0.22588226309865497,SAM,True
77,0.45063306186734586,3.6517651299755873,1.29,2,-149.6328719034044,0.4509483086447891,SAM,True
78,0.22524423203436297,3.54924738078777,0.86,1,-175.73929241819022,0.3137321777258658,SAM,True
79,0.25267312006125264,2.0000000000000004,0.84,1,-0.33195001227878085,0.16033687632292287,SAM,True
80,0.5449667840683831,4.410889513256926,0.5,2,0.7019022121328152,0.04550144554903543,SAM,True
81,0.2846069692953282,3.5647676640151995,1.28,1,-2672.0259367486574,0.4547365022371489,SAM,True
82,0.23155439957911608,3.6597982862025322,0.76,1,-290.87816021159546,0.2727685132480247,SAM,True
83,0.46411821498197287,3.8249740616561967,0.82,1,-27.62373087144232,0.2524120542345218,SAM,True
84,0.20886850318587688,3.823417662015654,0.47,2,-46.536466426390604,0.1573737557795121,SAM,True
85,0.3273161079687668,3.720513706735037,0.93,1,-266.21980504414114,0.3168761807763192,SAM,True
86,0.6053246916520403,3.8700162514854712,1.25,2,-34.265098532982414,0.4290811296445618,SAM,True
87,0.2060331329882754,2.0000000000000004,0.94,1,-1.5138069633646145,0.18774905409978104,SAM,True
88,0.42469288443083475,4.049002118857462,0.52,1,-5.650109520051925,0.16154861746506088,SAM,True
89,0.15674518028631196,2.0000000000000004,0.76,1,-1.2818381108062673,0.1583328061207986,SAM,True
90,0.4979305783236698,3.7093564259157477,0.75,2,-4.929634348097201,0.27262883953245187,SAM,True
91,0.6611145154842366,3.700076586728992,0.96,2,-5.089792694290805,0.3189395485279099,SAM,True
92,0.21060457858692233,3.5813057623026703,0.87,2,-1485.142070290612,0.30693084862183845,SAM,True
93,0.3717042788229912,3.580478213202696,0.95,2,-26.637750743109653,0.3368733362909419,SAM,True
94,0.05974696873860353,2.0000000000000004,0.7,1,-57.057518653406554,0.1423938475304172,SAM,True
95,0.641725814802092,2.002529732719042,0.96,1,0.8157211559523025,0.19829169731768911,SAM,True
96,0.6885650592400908,3.88580132736293,1.02,2,-12.31795446078697,0.30505192407752724,SAM,True
97,0.1344785198302752,3.497879027864078,0.63,2,-365.7147151346353,0.2143066749391202,SAM,True
98,0.12897438647495257,2.317988781590555,0.55,1,-1.0191344440765362,0.10584177321477409,SAM,True
99,0.0639802017667092,2.54082053681338,1.01,1,-10.804139265456888,0.26374547323119085,SAM,True
100,0.15707429008551407,2.0000000000000004,0.84,1,-2.4950141911692842,0.15299329672134848,SAM,True
101,0.5648555133587264,3.90131379561937,0.91,1,-19.019008478904755,0.2874951847549416,SAM,True
102,0.6931882946015219,4.312932225900837,0.71,1,-2.378515213392806,0.16210768696585753,SAM,True
103,0.06843412552723423,2.0000000000000004,0.73,2,-54.15437503531508,0.14989224868013004,SAM,True
104,0.21805820320168368,2.0000000000000004,0.91,2,-1.992494591956588,0.17949516281678762,SAM,True
105,0.22229208117491248,3.635465886439419,0.71,2,-367.5582450864254,0.23965833370502382,SAM,True
106,0.1502939489787625,2.430361778912603,0.9,2,-2.543692325318502,0.1961565988395708,SAM,True
107,0.16620220121616738,2.0000000000000004,0.72,2,-2.0307627131964074,0.13617188448520176,SAM,True
108,0.1402016846600055,2.0000000000000004,1.13,2,-9.37423446486087,0.24061244587979633,SAM,True
109,0.265102129470877,3.5695785397005744,1.13,2,-1085.501717607901,0.3938249867498604,SAM,True
110,0.16139186296888106,3.543403205977687,0.74,2,-1249.1364835945596,0.2669181114125714,SAM,True
111,0.08887280389612716,2.0000000000000004,0.95,2,-49.43824771318675,0.20218977262466808,SAM,True
112,0.207508123232467,3.77609999986401,0.48,1,-64.72918376507215,0.16153787777092293,SAM,True
113,0.4212294665077134,3.5239428271105973,0.86,2,-8.931295286114182,0.285347358117343,SAM,True
0,0.3929287916257333,3.8946417255794206,0.65,2,-21.57908843922326,0.21546482202617517,SAM,True
1,0.3186758825644136,2.0000000000000004,0.88,2,-0.0342113761446845,0.17262881487337284,SAM,True
2,1.3429808179793412,4.249596381845959,1.23,1,-1.7532744536129221,0.44565396072666985,SAM,True
3,0.29467206516783845,3.6481883534808652,1.0,2,-478.59842156909195,0.352272751686818,SAM,True
4,0.2846944199899276,3.599255145766764,0.83,2,-64.08694756417208,0.28157825918343177,SAM,True
5,0.38446767925084796,3.636671204663954,1.05,2,-63.442037378180615,0.3713734023545686,SAM,True
6,0.5948144354510988,3.926318221801279,0.76,1,-6.052319920507492,0.22018841107903225,SAM,True
7,0.4746006760149936,3.9102900902673716,0.74,1,-15.455417654389223,0.2479278631435194,SAM,True
8,0.22742791080835398,3.585751849540371,0.96,1,-1088.0199557786464,0.34352030858185667,SAM,True
9,0.053745316216931786,2.0000000000000004,0.68,1,-57.31404682728441,0.1465286623884141,SAM,True
10,0.06050515789117534,2.0000000000000004,0.82,1,-170.47276268583113,0.17752458718168848,SAM,True
11,0.21556317253672577,3.51476353253883,0.87,1,-195.3184010618542,0.2958223968149338,SAM,True
12,0.15541233406447613,2.0000000000000004,0.92,1,-3.3647736804685584,0.19600431217144418,SAM,True
13,0.10207747522384013,2.0000000000000004,0.97,2,-27.783120013140756,0.1955507655946616,SAM,True
14,0.39115363506492257,4.030712770490255,0.58,2,-17.454938878942926,0.18163975757035963,SAM,True
15,0.8010129922977569,3.744885740946811,0.89,2,-1.1864677424113448,0.24787795872484977,SAM,True
16,0.42482559533806147,3.55789419045482,0.72,1,-4.787097743840308,0.2640948731209362,SAM,True
17,0.10622394462365845,2.3932747073357308,1.07,2,-11.650934173361724,0.266647058359521,SAM,True
18,0.10537520327633343,2.0000000000000004,0.84,1,-14.24910910289293,0.1738602715634555,SAM,True
19,0.5372722795912448,4.0014742057551445,0.91,1,-14.938669356687706,0.33574870862794876,SAM,True
20,0.40664453393744726,2.0000000000000004,1.22,2,0.28715874988703316,0.21883324897050957,SAM,True
21,0.3617037717017428,3.838034404002477,0.85,2,-44.63711796211012,0.2971079585723544,SAM,True
22,0.12244294178310372,2.0000000000000004,1.11,1,-20.92258814822549,0.2244877919433812,SAM,True
23,0.2803091465008637,3.5478440790299577,0.87,1,-62.533739110682475,0.2901406020953689,SAM,True
24,0.6423799052792865,4.103587827485102,0.78,1,-5.957357164422467,0.2509541732116686,SAM,True
25,0.09210912389264868,2.0000000000000004,1.18,1,-131.9633450810993,0.24841420669033626,SAM,True
26,2.1134167805040485,5.75110953963729,0.86,1,0.9832408892363286,0.04098985106707654,SAM,True
27,0.7852479163188512,3.6884908758452366,0.92,1,-1.2757416553158287,0.2936312219967297,SAM,True
28,0.12324557327102942,2.0000000000000004,1.08,2,-24.21683432343397,0.2190786455502569,SAM,True
29,0.21651208891498208,3.548322971706454,0.85,1,-428.7365739652507,0.2951836508636517,SAM,True
30,0.2450417084311824,3.498376908442741,0.79,1,-18.373108348474506,0.2229622635033102,SAM,True
31,0.5474612644588662,4.079680387346632,0.63,1,-4.702214200405763,0.20618010319279836,SAM,True
32,0.07992393758557197,2.0000000000000004,1.09,2,-173.43885415364306,0.23323167083239799,SAM,True
33,0.3573739405672187,3.7383189389331664,0.98,2,-157.18154802423462,0.3441051868092387,SAM,True
34,0.4279716524914348,3.896892420522922,0.85,2,-35.31771869310721,0.247526653401244,SAM,True
35,0.2255021251975108,3.706398620649996,0.78,2,-286.364832520245,0.2689899462438559,SAM,True
36,0.40892114024323417,4.0338868293492585,0.35,1,-0.694566270857182,0.11956852422629598,SAM,True
37,0.3529447950867832,3.6652801519014293,0.99,1,-90.61285364320537,0.35431989799967895,SAM,True
38,0.17889320841288822,2.0000000000000004,0.86,2,-1.8232534382212267,0.17033532770405976,SAM,True
39,1.4704302700315819,4.193311185627673,0.83,2,0.4550247904913839,0.27311172761190494,SAM,True
40,0.9713072306680434,4.72159368886951,1.01,2,0.6387538720645234,0.1346470456807213,SAM,True
41,0.1848191662669546,2.0000000000000004,0.94,2,-3.5393961107595695,0.1906387462351734,SAM,True
42,0.6918606194426127,2.0000000000000004,0.98,2,0.8735054756551514,0.15334356615971528,SAM,True
43,0.5862420861024514,3.8980131053366773,0.75,1,-4.986726904398593,0.20709797218483575,SAM,True
44,0.8629335726918052,3.917207443777184,0.85,2,-1.4093225881295202,0.3104994536551304,SAM,True
45,0.40751001610355914,3.703096851521548,0.86,2,-24.076861545591097,0.3039608290620915,SAM,True
46,0.28483607092926566,3.6232129788939718,0.88,1,-216.54842578394172,0.3004561444925106,SAM,True
47,0.24909464670185927,3.61281590367664,1.04,2,-862.2979436862925,0.36157688061026866,SAM,True
48,0.5965442060609973,3.9069016230634834,1.0,2,-27.057042269396813,0.3021823442882728,SAM,True
49,1.487158583550541,4.394645064422801,0.84,1,0.3891615769975387,0.2564477618840892,SAM,True
50,0.28412169007148885,3.620732709883941,1.07,2,-482.9355545415473,0.37888605529790165,SAM,True
51,0.2903648975014649,3.7087155794004114,0.88,1,-124.34671996486173,0.2974196256913833,SAM,True
52,0.5372391733596701,3.9017499245702103,0.66,1,-3.8106532310478975,0.23799049683880763,SAM,True
53,0.09983913160825722,2.424897825755079,1.12,2,-17.831245893982125,0.2726817975678747,SAM,True
54,0.46139128739448104,3.813212600840684,1.08,1,-100.74772699746994,0.3536658002624226,SAM,True
55,0.4921799451699878,2.562925917091087,0.87,1,0.6875896067292366,0.19171155618190383,SAM,True
56,0.2899055107267642,3.6939536053770547,0.88,1,-293.5671890193405,0.2888837661085672,SAM,True
57,0.08720452305179767,2.3753099555857378,0.74,2,-8.475553904542062,0.16957128625797563,SAM,True
58,0.0923472524543473,2.0000000000000004,0.93,1,-42.46820142305992,0.1993444131621128,SAM,True
59,0.6799716951016435,4.074113419945787,0.93,2,-13.440209039593423,0.2676158410130633,SAM,True
60,0.365826365815931,3.7614029626817547,0.87,2,-103.9999391717373,0.2848946348735843,SAM,True
61,0.2035351824193686,3.840329090449484,0.47,1,-96.1726619644097,0.1496411314548196,SAM,True
62,0.5618327169881994,3.881623952175193,0.92,1,-17.19564792517403,0.30877899426935584,SAM,True
63,0.10135636924655789,2.0000000000000004,0.97,1,-22.281786914399465,0.193040398148467,SAM,True
64,0.21016257313499107,3.7683264623849606,0.6,1,-39.04561139442796,0.18195523960673216,SAM,True
65,0.24715825470007988,3.714996427997397,0.8,1,-72.30888999104232,0.252073825473086,SAM,True
66,0.6556652921198923,3.684395745512357,1.28,1,-14.067868237482656,0.4538163511106878,SAM,True
67,0.27354027760758387,3.495673771077806,1.11,2,-152.36027774119788,0.38827733314051077,SAM,True
68,0.5475722713443679,3.783002781652803,0.94,2,-15.454012000544445,0.3105109579075598,SAM,True
69,0.35752939729964417,3.646425504629522,1.1,2,-191.33929229405967,0.3859646425188092,SAM,True
70,0.29899206859319183,3.6893340899201474,0.71,2,-62.814459048721936,0.2395173491424171,SAM,True
71,0.1889192099607504,2.0000000000000004,0.93,1,-2.1043002766394396,0.19870666886303398,SAM,True
72,0.18794660831230842,2.0000000000000004,1.08,1,-3.8513513122159777,0.21580772135693704,SAM,True
73,1.4164699233682478,4.3859072329124995,1.25,1,-1.2215372083369456,0.3433425003043772,SAM,True
74,0.25400915593450146,2.5661516952639114,0.72,2,0.30609329205956115,0.15240051823758452,SAM,True
75,0.717198108978153,4.5477056919634355,0.81,1,0.5211362080028032,0.10676306357148053,SAM,True
76,0.07145874980858404,2.0000000000000004,0.66,1,-19.148771413401278,0.1500682621225179,SAM,True
77,0.8453871731863984,3.9054625525978834,0.78,1,-0.8031473990309226,0.2534766207273039,SAM,True
78,0.29140115029983893,2.4661339738194923,0.74,2,0.48003713578801155,0.14808728699251444,SAM,True
79,0.23196334717055062,3.55970301388357,0.95,2,-798.5589737347896,0.32901715677750476,SAM,True
80,0.06485441216025242,2.0000000000000004,0.84,2,-109.82356327515508,0.17468937112327904,SAM,True
81,0.17723806018179308,3.61876997710298,0.51,2,-25.92350720586492,0.1603419042731889,SAM,True
82,0.23948952811892008,3.705656236479806,0.71,1,-323.13993881228566,0.23946523040993123,SAM,True
83,0.23598171720190622,3.634500365993118,0.72,1,-252.3387846570524,0.24324844612967456,SAM,True
84,0.5405522076665571,3.9770853665590877,0.72,2,-8.560412328930857,0.21622198305085566,SAM,True
85,0.2809727151935724,2.0000000000006626,0.56,1,0.6808611683700763,0.08896964229178782,SAM,True
86,0.13996785599819422,2.0000000000000004,0.56,2,-0.7579203793347222,0.10664602988867418,SAM,True
87,0.5478687890227593,3.656051070601886,0.84,2,-4.4610843301044305,0.29959511882186446,SAM,True
88,0.4567651107060118,3.5410991273768833,1.27,1,-30.83838088735931,0.4317266855395552,SAM,True
89,0.480934891178187,3.9279112245683616,0.83,2,-27.712141907524394,0.2642817990002807,SAM,True
90,0.1618944577965465,2.0000000000000004,1.33,2,-20.306526410103828,0.272065663048017,SAM,True
91,0.6522980980950394,3.7875315116374324,1.36,1,-54.08376804766469,0.4161901171964135,SAM,True
92,0.4351675702419582,3.6463981106560768,1.04,1,-10.406996183750591,0.2599035127330379,SAM,True
93,0.5182632622300214,2.0000000000000004,1.18,2,0.48732721325146466,0.20591700448436584,SAM,True
94,0.19565442646515271,3.7317165650699935,0.64,1,-188.13583500647505,0.2171833002149678,SAM,True
95,0.23397208805623096,2.0000000000000004,0.85,2,-0.6217079380761306,0.16508024810963767,SAM,True
96,0.40248967321391377,2.0000000000000004,1.11,1,0.5501720319141785,0.16124548377066866,SAM,True
97,0.19959736292368965,3.4985362898224097,1.03,2,-1925.4780695632712,0.36395690962416205,SAM,True
98,0.3455587149760176,3.7224915380179127,0.9,1,-111.79690143288502,0.314575665931242,SAM,True
99,0.10282954009334,2.0000000000000004,0.94,1,-22.15415434874192,0.19805065925904608,SAM,True
100,1.4638473769626748,4.140780187658551,1.25,1,-0.9210074564863466,0.40060024900554364,SAM,True
101,0.24326189945000445,3.9001566562904175,0.55,2,-16.16107438553979,0.15940048658798492,SAM,True
0,0.12225528842699629,2.0000000000000004,0.62,2,-1.9055356203278389,0.12276867035824908,SAM,True
1,0.13027618430452495,3.598460545125769,0.52,1,-475.47715488445743,0.17941793830047745,SAM,True
2,0.20408989829405974,3.587329166608557,0.86,2,-1084.6733453607128,0.2979339737537361,SAM,True
3,0.07067758308346492,2.0000000000000004,1.0,1,-275.65062669965255,0.21019959940542582,SAM,True
4,0.387472120535134,3.5773409098265176,1.23,2,-121.043931417528,0.4272854311152735,SAM,True
5,0.6896398607223836,4.348948947137823,0.97,1,-1.2300736146917766,0.20985248746636248,SAM,True
6,0.47277235218812086,3.8852521718261137,0.69,2,-11.245425435558031,0.2190937418261587,SAM,True
7,0.16122537214790086,2.512924482086857,1.58,1,-6.577944611377199,0.3807133627373706,SAM,True
8,0.2030516105707436,2.0000000000000004,1.37,1,-6.2154028174176155,0.29037966834610346,SAM,True
9,0.16842987494165756,3.528109428571109,0.55,1,-52.19354774068576,0.2027720016709419,SAM,True
10,0.579712591966122,3.6404617323065827,1.19,2,-13.588976941415297,0.42419576422081334,SAM,True
11,0.25360413404188065,4.020089810614781,0.48,1,-18.841459689587793,0.16906158965728474,SAM,True
12,1.1972172894417838,3.809697911495823,1.15,2,-0.5312292052196976,0.3238318847918251,SAM,True
13,0.2072576405305417,3.467980933010249,0.88,1,-82.02765627600566,0.2956136642766344,SAM,True
14,0.5103052772120167,3.839226665027576,0.82,2,-13.17811566812568,0.2577489832517156,SAM,True
15,0.2525447378831111,3.6661860178562615,0.88,1,-489.6542978999798,0.31244292136353485,SAM,True
16,0.3295961022141907,3.6540307738580684,1.14,1,-205.90429051125471,0.3838686841345754,SAM,True
17,0.6673734442104181,4.21962657092497,1.05,2,-5.52515317895427,0.30238449734220846,SAM,True
18,0.3035531684182829,3.7638782900190666,0.84,2,-166.8063693278482,0.2878327337202145,SAM,True
19,0.31949071881231683,2.5731894202958445,0.62,1,0.6252760382250234,0.13552061066084714,SAM,True
20,0.3047279295889494,3.7397101201546037,0.87,1,-213.18800978156065,0.2989982163871978,SAM,True
21,0.9687416749135678,4.460345367968099,0.8,2,-0.849831663350175,0.19490067908701397,SAM,True
22,0.08174068030806995,2.0000000000000004,1.04,2,-165.68543327090276,0.21910135732582767,SAM,True
23,0.6873808408623449,3.916741331084973,0.99,2,-8.570959841314012,0.32859356452036836,SAM,True
24,0.22171253237504396,3.574810337440923,0.98,2,-1708.5629183047993,0.35044971115841544,SAM,True
25,0.2896508487453663,3.786664453428994,0.61,1,-45.64002569401198,0.1989909088732853,SAM,True
26,1.1032276046109848,3.888489052627923,0.97,1,-0.35618793640561064,0.27530871592731077,SAM,True
27,0.5618712682800202,3.7557968770857113,0.95,1,-10.018543417740283,0.34953341673709004,SAM,True
28,0.19612965235760169,3.5445273708783387,0.95,2,-6648.068999303376,0.33778399018906424,SAM,True
29,0.6424914079793949,2.0000000000000004,1.07,1,0.7902188103209405,0.165249184511608,SAM,True
30,0.3869621094220138,4.037029576434064,0.65,2,-9.241993371048403,0.1823366038449053,SAM,True
31,0.8217209448036917,4.318947036624232,0.73,2,-1.3580453271157147,0.16062411063730264,SAM,True
32,0.1602977107880857,2.0000000000000004,0.91,2,-4.771399307265605,0.1830367546498221,SAM,True
33,0.2136641156596325,3.7807307702121706,0.61,1,-122.54464796539966,0.20868810185126285,SAM,True
34,0.1766977371416704,3.5225080985762696,0.55,2,-31.6606557472085,0.16315557256865243,SAM,True
35,1.1501338574874354,4.75658714072752,0.72,1,0.21570750957694396,0.16116133283621636,SAM,True
36,0.16850853099725255,3.5694199850821486,0.74,2,-2001.3103338442302,0.2618379381045201,SAM,True
37,0.21361185993743761,2.0000000000000004,1.16,2,-6.178511331215298,0.23615261993968825,SAM,True
38,0.3843485824943144,3.754739611020549,1.11,1,-123.1763464969793,0.362069345236967,SAM,True
39,0.11214940196767176,2.4723425254314693,1.26,2,-13.148260496159956,0.31158161018097685,SAM,True
40,0.9513091142860932,3.6802600442329085,1.06,1,-0.9871386795505812,0.3428346490077199,SAM,True
41,0.3024282554808887,3.4997002648064326,1.15,2,-112.24986402935056,0.4126132003389652,SAM,True
42,0.11618692181505583,2.0000000000000004,0.67,1,-4.50448598055911,0.14045883114913676,SAM,True
43,0.10693160756824362,2.4818448496329113,1.07,1,-10.976351958851874,0.2588362260424451,SAM,True
44,0.1527691212149011,2.0000000000000004,1.0,1,-5.155003793896146,0.20252321529080858,SAM,True
45,0.22135309746367482,3.6133090087536646,0.79,2,-302.55431817801,0.28336046425227607,SAM,True
46,0.3161317130288274,2.0000000000000004,0.83,1,0.35646550354252815,0.15220120992771438,SAM,True
48,0.46555497770606963,3.9174387071264536,0.76,2,-21.292184139342726,0.23706431174398343,SAM,True
49,0.5249842250403809,3.9055664527985963,0.92,1,-25.878203499345286,0.30539882329646934,SAM,True
50,0.8691340359477696,4.18109757337596,0.7,1,-0.3081140095984063,0.17764185435924065,SAM,True
51,0.3278439601274046,3.6700144010504334,1.23,1,-492.1046472580455,0.4265105337737457,SAM,True
52,0.11092023149517125,2.0000000000000004,1.15,2,-41.42748534995444,0.25159513318567595,SAM,True
53,0.2625424421064847,3.5608283441540305,1.08,2,-458.7490606509166,0.36200396717154537,SAM,True
54,0.21542823751916784,3.5295132708411394,0.78,2,-126.8489623173932,0.27903178951809293,SAM,True
55,0.5355794978622441,3.8766386788988196,0.88,2,-21.005865744313375,0.26096485014693804,SAM,True
56,0.2595324696107105,2.0000000000000004,0.88,2,-0.0762234009265943,0.16141338714864364,SAM,True
57,0.24621348219313025,2.0000000000000004,1.29,2,-3.34735070182664,0.26486243870677667,SAM,True
58,0.40694261492762174,3.8987082518720673,0.63,1,-11.472841662104752,0.2278649691915722,SAM,True
59,0.32039767131563346,3.8133727288944703,0.85,1,-90.09211723165988,0.2844113220350308,SAM,True
60,0.23789813192760983,3.534626766839558,1.11,2,-1599.9876216419952,0.3883259250712725,SAM,True
61,0.1026826060251713,2.0000000000000004,1.05,2,-32.54459174596591,0.22374827486563853,SAM,True
62,0.09606053425745617,2.0000000000000004,0.9,2,-20.386988846477262,0.18801401715034835,SAM,True
63,0.30235653173793153,3.779861369572944,0.7,1,-48.27791991366884,0.24828749024467517,SAM,True
64,0.07894962052167637,2.5231101350590355,0.65,1,-5.371717751534724,0.15334731108381566,SAM,True
65,0.3167297066416672,2.4924850797573757,1.12,1,-0.05234258682352699,0.23767525969007314,SAM,True
66,0.39353160151233096,3.4921238594786876,0.89,2,-10.246358832899523,0.3022924316063644,SAM,True
67,0.46819535493091397,3.851201163824565,0.79,2,-17.480653057757333,0.2630214665191383,SAM,True
68,0.4957461672633511,3.9015508641239087,0.94,2,-41.449317674197474,0.29605274642840124,SAM,True
69,0.20191078888850203,2.0000000000000004,0.54,1,0.416947340998414,0.09753218675758908,SAM,True
70,0.34135875751800326,2.615086192155725,0.63,1,0.556347555386977,0.14134589970140754,SAM,True
71,0.4196756551894295,3.720483291198492,1.16,2,-248.65185023468337,0.37681492781069104,SAM,True
72,0.18088385539821022,3.439377476432569,1.0,2,-288.50161358014225,0.34677957734713166,SAM,True
73,0.9897508299546411,3.8816569435829016,1.14,2,-2.7850153205462616,0.4307803745944587,SAM,True
74,0.8797934242969915,3.9983547754227993,0.76,2,-0.5636543947821677,0.22676301016776368,SAM,True
75,0.23123740920323252,3.675160966055176,0.52,1,-33.268344244171054,0.1710816632558526,SAM,True
76,0.19616463966018904,2.0000000000000004,0.89,1,-2.1927286212693526,0.17369368884034755,SAM,True
77,0.15080062891999793,2.5740780910387615,1.12,1,-2.459505918374707,0.2725227936442532,SAM,True
78,0.22641174666492445,3.533423034571666,0.9,2,-190.7437801109828,0.32797600619902273,SAM,True
79,0.4508097015524466,3.972014954198603,0.67,2,-13.419363352742806,0.21055724005333362,SAM,True
80,0.2416495749401953,3.5506424381355512,0.92,1,-194.34159070216157,0.32061902421894034,SAM,True
81,0.5281178505552286,3.91607319976133,1.08,2,-10.95021328191641,0.27865423705573067,SAM,True
82,0.3502654293560033,3.774124554781403,0.82,2,-92.43229032128548,0.2838986278986809,SAM,True
83,0.5908683115291515,3.6341814959871384,0.76,1,-1.6376928170602785,0.22323366898726452,SAM,True
84,0.1393821141266272,3.600122139706371,0.51,2,-325.3960138106214,0.17501143372931008,SAM,True
85,0.43536242827017013,3.878439014900624,0.98,2,-39.09233079552044,0.34129731462464974,SAM,True
86,0.5060194534049376,3.7996976187868516,0.82,2,-10.641496069988582,0.24511557437717085,SAM,True
87,0.2527361342117304,3.5566273494048235,0.79,2,-30.498489945912485,0.2473735865900429,SAM,True
88,0.22015197664308267,3.510961111693414,1.09,2,-1870.408506327138,0.39008233188579505,SAM,True
89,0.18601903736932301,2.4731083141327055,1.05,2,-3.270140101053884,0.2574382512953364,SAM,True
90,0.18849423947527427,3.5689904047920513,0.57,1,-69.63398973863067,0.20110772283640063,SAM,True
91,0.15896313283762065,2.0000000000000004,0.7,1,-1.411515447585722,0.1377783395156415,SAM,True
92,0.5870473826036766,3.875168755948245,1.04,2,-21.214846000992544,0.35122505583103214,SAM,True
93,0.22248417613795107,3.673551384891903,0.74,2,-360.36267445594586,0.25624833965391847,SAM,True
94,0.12776474432446389,2.617818520504247,0.91,1,-1.7136439585957945,0.22531133095029948,SAM,True
95,0.13828568357729393,3.473856811544043,0.63,1,-264.22238533525984,0.22619471778762865,SAM,True
96,0.13129016313506126,2.0000000000000004,0.81,1,-4.474239357074124,0.16881792635634751,SAM,True
97,0.30764187740317733,2.0000000000000004,0.59,1,0.7163321963600893,0.10314796547203343,SAM,True
98,0.3341897434976016,3.8727705967500463,0.78,2,-56.10390006031011,0.2654751634624869,SAM,True
99,0.3331429633669365,3.851821062268725,0.81,2,-33.2878726650214,0.24353812690670715,SAM,True
100,0.17182336618270225,2.0617728063476246,0.53,2,0.37027894650973747,0.07416374288321409,SAM,True
101,0.4761453202874698,3.7396057693201636,0.81,2,-16.41607129552248,0.23708028398150843,SAM,True
102,1.1168514146598767,3.9326778596615233,0.84,2,0.08389584242702763,0.2468983004019104,SAM,True
103,0.18166458516501624,3.4981864175940194,0.93,2,-717.3661313738813,0.32668099497354264,SAM,True
104,0.0952539202686008,2.4439437859035387,0.66,2,-3.6474036078247813,0.15051940934027683,SAM,True
105,0.30922036980519385,3.994776288049331,0.65,1,-14.489922799370417,0.18965126084510509,SAM,True
106,0.10602956908503447,2.0000000000000004,0.7,2,-6.257703896917686,0.14971997755470376,SAM,True
107,0.044010048073842734,2.0000000000000004,0.57,1,-145.15764606315665,0.11999162351465027,SAM,True
108,0.06643971694229948,2.6293085235028317,0.69,1,-4.8526252189536985,0.18335325379634002,SAM,True
109,0.6713525587655481,4.427822267349201,0.5,1,-0.47050422834535555,0.13871258126731653,SAM,True
110,0.10609811873108545,2.0000000000000004,1.19,2,-67.70343470478467,0.25493273837100267,SAM,True
111,0.520031035605553,3.7390975864674427,1.23,1,-112.11729216764196,0.3838560323931991,SAM,True
112,0.07155992532901323,2.0000000000000004,0.91,1,-105.6840951630526,0.18852817599638153,SAM,True
113,1.4221861058189005,4.171362910724417,0.94,1,0.15719220931575584,0.2926567502013143,SAM,True
114,0.3672923793344356,4.069314835732744,0.52,1,-8.884740741100382,0.1918211519210061,SAM,True
115,0.23347921075542977,3.544053539205955,0.88,1,-159.27125517255013,0.29748172423877617,SAM,True
116,0.2849159099444238,3.5157748058495226,0.98,2,-76.65637430475529,0.3386991325320405,SAM,True
117,0.20391907687416272,3.5772660123796527,0.76,1,-183.7953913990461,0.248717223510618,SAM,True
118,0.3258676890709529,3.6812790860568776,1.04,2,-252.06106032087126,0.3667933779513856,SAM,True
119,0.14954549278451643,2.5695843615917315,0.71,2,-0.9882238100226175,0.1354284593115721,SAM,True
120,0.8259013254085091,4.467516940028251,0.59,1,-0.39864628324884044,0.17749978005410935,SAM,True
121,0.2844640581933817,3.5842228608024813,1.09,2,-553.6801544008617,0.38193629548117347,SAM,True
122,0.5355613210410968,3.853740701656534,0.75,2,-0.5881713370787136,0.1471143439546025,SAM,True
123,0.7453061615320172,4.050394878697731,0.72,2,-1.6585985815103297,0.23339100601119947,SAM,True
124,0.1907809357444362,3.5450844730264723,0.96,2,-4860.83219500233,0.3400926166783167,SAM,True
125,0.5187800363716657,3.629353256243909,1.21,1,-8.881056037745084,0.3042844922993037,SAM,True
126,0.4347810651548773,3.7356858365988788,1.0,2,-66.33430069053134,0.33731114410115814,SAM,True
127,0.24670130163418413,3.5328120745701366,1.09,2,-240.98406778441802,0.3701374066705851,SAM,True
128,0.15953465704250244,3.594989444699832,0.64,2,-771.4456336301396,0.2315167434929824,SAM,True
129,0.734357822513238,3.92261692587114,0.87,2,-3.9200758376461113,0.2803874187577131,SAM,True
130,0.4685739123764471,3.8909700234521027,1.01,1,-22.49546269179331,0.2896362197883521,SAM,True
0,0.3635595240353087,3.6881667714316624,0.8,2,-8.144937476326106,0.20472035905016792,SAM,True
1,0.09218796435077949,3.6946208153507487,0.26,2,-97.16821480758695,0.09451098277630134,SAM,True
2,0.4049151251486695,3.549895582208772,1.27,1,-89.8422139721215,0.4239998030998231,SAM,True
3,0.37428252308242665,3.602146087250655,0.67,1,-0.9525248521522729,0.1426367093648497,SAM,True
4,0.24823253456915517,3.675838400986925,0.82,2,-363.25033489856963,0.2913251242707479,SAM,True
5,0.31177783502801454,3.5742002239391257,0.94,2,-72.78751566010344,0.33275004808252806,SAM,True
6,0.23306820954481478,3.6340160364854017,0.78,2,-467.64263101418345,0.27705410398298225,SAM,True
7,0.310451879929681,3.5882491744836074,1.13,2,-319.4352281555453,0.39472575965897183,SAM,True
8,0.22250489169296583,3.6150946031251485,0.78,2,-124.69804550818486,0.24963940791169764,SAM,True
9,0.6295404454707507,3.7428208173234236,1.15,1,-18.183901762514544,0.35804769246451246,SAM,True
10,0.22788462430871473,3.594748517998548,0.73,2,-83.59335658766938,0.26999063188407224,SAM,True
11,0.44316836437898194,3.8617672650127415,1.07,1,-50.632213933204305,0.35782048407407124,SAM,True
12,0.599434538520883,3.9429806073831632,0.9,2,-16.909951815602618,0.2740294319491723,SAM,True
13,0.31379704353626564,4.023380281296576,0.6,2,-13.069184378710743,0.17123136466556935,SAM,True
14,0.6555266822611154,3.6743133505343675,0.88,2,-2.772896231834518,0.293527809926857,SAM,True
15,0.313740057152924,3.7338546329184408,0.83,2,-149.9101103244146,0.282862212734224,SAM,True
16,0.32697441537728944,3.7198971807452548,0.47,1,-4.608102814904787,0.1436633714748655,SAM,True
17,0.13165605897668603,3.572835243496087,0.35,1,-37.37805108422757,0.11956675043416379,SAM,True
18,0.2585264460064913,3.613043321600659,0.6,2,-26.612864463768435,0.1936447002677779,SAM,True
19,0.4666841751716832,3.8112098142912307,0.87,2,-22.68160725840901,0.3016665926288886,SAM,True
20,0.3449222919590571,3.8477208285996536,0.68,1,-51.42357561888766,0.22292947244970887,SAM,True
21,0.14289129286897198,2.3679944727450577,0.67,1,-0.9696821107199152,0.13661732704140667,SAM,True
22,0.40943641256113167,3.711030461198942,0.83,2,-21.57004291692717,0.29963314155258197,SAM,True
23,0.17216617987836721,2.0000000000000004,1.0,2,-4.8130925762835615,0.20435841444777997,SAM,True
24,0.31904648407157665,2.0000000000000004,0.91,2,0.23761322351822467,0.181244311173845,SAM,True
25,0.11496233586554457,2.511619199840667,1.38,2,-7.2801944346853205,0.3477577734492914,SAM,True
26,0.2704362602865298,3.6542152204133385,0.75,1,-59.60602149555392,0.22430896768830685,SAM,True
27,0.1290786176294238,3.3645059085437046,0.59,1,-17.0249578368826,0.18086125133505707,SAM,True
28,0.2881034502913314,3.7189949294948588,0.91,1,-267.40871543486764,0.32295656477432877,SAM,True
29,0.566863567220707,3.8731543674648075,0.72,2,-4.083027011824479,0.26294465681547485,SAM,True
30,0.2663947221887615,3.441560185737166,1.14,2,-68.46376131978643,0.36367430697379954,SAM,True
31,0.37015026533137957,3.796754667998973,0.78,1,-66.98948060515464,0.25527208580493943,SAM,True
32,1.262131240849795,4.492836005487224,1.05,1,-0.9358903293115515,0.2922355687582356,SAM,True
33,0.45433732895867573,3.754885369401589,0.95,2,-50.203820313368595,0.31474927067348873,SAM,True
34,0.7028780121794551,11.999999999999721,0.77,1,0.8964698358407943,0.19328005175646926,SAM,True
35,0.46531435502065166,4.071095388221209,0.65,1,-9.858440917959195,0.21868387436312423,SAM,True
36,0.5728754265036977,3.7057081958991804,1.08,1,-12.820967947924236,0.36001503588150563,SAM,True
37,0.1920995694809947,3.6411019310608768,0.7,2,-664.4793061957608,0.2507876576479818,SAM,True
38,0.36918496906875214,3.7783911519187723,0.68,1,-17.41475913852005,0.23601792780725736,SAM,True
39,0.40122692698339896,3.6722112471803854,1.36,1,-392.56418058985633,0.4845458157622297,SAM,True
40,0.46530678745102116,3.6664618772246946,0.81,2,-8.78435483437327,0.2801739330263759,SAM,True
41,0.1451225292471194,2.0000000000000004,0.99,2,-6.147584028029552,0.2095509754957997,SAM,True
42,0.2171030545244968,3.631553041750894,0.7,1,-102.07007969442186,0.24198169967003294,SAM,True
43,0.47243492422059646,3.6880924979343916,1.1,1,-50.00548012765428,0.3697114088925213,SAM,True
44,0.6446083299393903,3.9649895489285147,1.08,2,-24.43469946354196,0.34105270882767014,SAM,True
45,0.2848990865440827,3.561597652285195,1.02,1,-142.44149473213994,0.37164667318909894,SAM,True
46,0.3459212278821349,3.70478938005765,0.96,2,-292.24703139023893,0.32408233022293553,SAM,True
47,0.24357721115614311,2.474235075713995,0.69,2,-0.010078604016708681,0.14797771166430393,SAM,True
48,0.09412226215145222,2.0000000000000004,0.97,2,-16.323102166793547,0.21840970598332182,SAM,True
49,0.07428402885136436,2.0000000000000004,0.71,2,-34.69159769488939,0.1565252066655076,SAM,True
50,0.45997034488197164,3.814147915476128,1.11,2,-49.259555376399014,0.3487371065778011,SAM,True
51,0.27475425767862854,3.70071816669758,0.95,1,-314.4769249303964,0.3361181958579813,SAM,True
52,0.3499111116800494,3.68669651319202,0.64,1,-12.068969153450842,0.2209463840324936,SAM,True
53,0.25009724060737876,3.5711585293641126,0.89,2,-255.78856756349785,0.3030137294216292,SAM,True
54,0.766602304413276,3.8795035393681454,1.15,2,-11.148676602042904,0.37003353672233685,SAM,True
55,0.31793348543962274,3.5398731429716785,1.11,2,-48.00525658712779,0.35258202541734374,SAM,True
56,0.2911584745000598,3.5421037931562256,0.82,1,-35.290717544095344,0.26867832757781696,SAM,True
57,0.19737140346608312,3.4544270533472856,0.92,1,-153.4438348169381,0.30585646173812936,SAM,True
58,0.8101678480259407,4.434658560263398,0.72,1,-1.2371487841348543,0.1642965238324286,SAM,True
59,0.37307731383155085,3.893314459818201,0.82,2,-20.559208022199616,0.23013128883012315,SAM,True
60,0.18549657208972092,2.4184285385742945,1.18,2,-2.5071792770463888,0.2727624188975948,SAM,True
61,0.5143534517559726,3.8340960636098265,0.77,2,-9.665441020203852,0.24214173965285182,SAM,True
62,0.745013145020669,3.993615495968973,0.74,1,-1.677675035078336,0.20777748956951334,SAM,True
63,0.8750043028247501,4.3923409363272015,0.72,2,-0.9024837526172063,0.22012346460695664,SAM,True
64,0.26567650485088595,3.663051114843283,0.85,2,-93.2849732219054,0.2674672380537862,SAM,True
65,0.9624763664986453,4.018116373310665,0.91,1,-1.3993418634637225,0.29805206367223575,SAM,True
66,0.2862902308379422,3.8311879859029117,0.67,2,-90.82285396979556,0.22752154217570686,SAM,True
67,0.2904286020290132,6.806650100293143,0.5,1,0.9295755643510473,0.06169348270012178,SAM,True
68,0.40161126974819816,3.7809349223499806,1.07,2,-34.12839452604962,0.3130648908189156,SAM,True
69,0.17360837082810515,2.0000000000000004,0.68,2,-0.45066032550327995,0.13140867484034927,SAM,True
70,0.3709462296101623,3.9090253827437085,0.77,2,-30.882969935465255,0.22328751211450035,SAM,True
71,0.6144402946850221,3.7042955738026975,1.17,1,-15.88671056095438,0.39058231297341395,SAM,True
72,0.2414354804992455,3.999243291470034,0.43,1,-4.956335302588027,0.1001391425069393,SAM,True
73,0.9216451967577222,4.158051152929526,1.01,1,-3.603328377381918,0.32614496140207494,SAM,True
74,0.7212957585887869,3.7571631647879067,0.7,1,-0.6371625640947527,0.23539387099536338,SAM,True
75,0.3116239056742131,2.482136444014574,1.24,1,-0.49967978586127715,0.26695675339643926,SAM,True
76,0.42559509227182,3.6903313163337588,0.75,2,-9.925638198482858,0.24124834802944498,SAM,True
77,1.128861215781098,4.2823345224324,1.28,2,-4.492458319103259,0.33447647209816495,SAM,True
78,0.255030474968928,3.5909320517614582,0.78,2,-31.088180617658914,0.2639231291035007,SAM,True
79,0.3056169344032418,3.8101966833377956,0.8,2,-73.016036282339,0.2510972328536252,SAM,True
80,0.26899369934287426,3.7492920465353716,0.75,2,-126.96172392593299,0.27009675752850804,SAM,True
81,0.15322633197640295,2.0000000000000004,0.92,2,-3.614963499641563,0.1889542570693022,SAM,True
82,0.07649002766932635,2.0000000000000004,0.85,1,-35.13231329343886,0.18963207398054288,SAM,True
83,0.6642412954211839,3.972926272133866,0.82,2,-5.29644932207352,0.2504052970424344,SAM,True
84,0.3681023151484384,3.758360170994214,0.57,1,-7.322224503814542,0.1972704671878997,SAM,True
85,0.5379507442370756,3.885756959216408,0.66,1,-4.522200921056735,0.1705956693650702,SAM,True
86,1.0897650758955666,4.78637070670663,0.47,1,0.9172458879709944,0.05584858590830429,SAM,True
87,0.18726158146397037,3.6302891799518235,0.68,2,-494.76884009856417,0.24597485490518906,SAM,True
88,0.293566694865384,3.6053756446567458,0.88,1,-75.91133665122042,0.31549624844147195,SAM,True
90,0.29987348000300845,3.685660199919115,0.93,2,-334.0820236068298,0.32125575990307725,SAM,True
91,0.06292918946766299,2.0000000000000004,0.75,1,-76.69916553743488,0.15711715973406098,SAM,True
92,0.8520049880839239,3.9541729919745694,0.71,1,-0.12156021992683419,0.19596127163299357,SAM,True
93,0.4374128318874796,3.609256913073668,1.0,2,-13.34901951706352,0.2559447641414945,SAM,True
94,0.9080601707706651,3.987461752377109,1.08,2,-4.770853184186786,0.29602423531417915,SAM,True
95,0.334534047441398,3.6037104131523385,1.01,2,-102.42390562978679,0.3455846568150796,SAM,True
96,0.16449858736768166,2.4153465032972874,0.85,1,-2.5460916702226313,0.212807745912627,SAM,True
97,0.4040968589422587,3.682281776519067,1.13,1,-151.268433607964,0.390995533660419,SAM,True
98,0.08430752664639549,2.0000000000000004,0.93,1,-50.84328399273771,0.20419217105050672,SAM,True
99,0.2235704972789839,2.0000000000000004,1.08,1,-3.2369551656031534,0.2104931482746453,SAM,True
100,0.3229318893723133,3.6855808867329793,1.11,2,-445.4136670643683,0.3940565060390069,SAM,True
101,0.19771053854818604,2.0000000000000004,0.88,2,-1.0945331184322797,0.17799947745581848,SAM,True
102,0.3571314572365699,3.7872419448079686,0.75,1,-30.194108649492282,0.27119947904206304,SAM,True
103,0.25448726080848016,3.534034517753248,1.07,2,-218.8336829428529,0.37627341809183784,SAM,True
104,0.7541740565411157,3.9551033261641972,1.13,2,-10.855514827945997,0.38721522314172846,SAM,True
105,0.26600008194026076,3.6184715884420955,0.96,2,-1232.8849141366284,0.3301909614346106,SAM,True
106,0.4469914084006285,3.802659805925014,1.09,2,-82.76016049529049,0.36914005404474654,SAM,True
107,0.3292934678430583,3.497236933938328,1.35,1,-174.19715799720825,0.48245745112238736,SAM,True
108,0.14966674185984116,2.0000000000000004,0.81,2,-2.5641482312901926,0.16641461418225936,SAM,True
109,0.22515335261138433,3.512876057122719,1.02,2,-302.1093907423692,0.34993741420419333,SAM,True
110,0.2912197590704088,3.5618946798171796,1.25,1,-1660.6796421987458,0.43468332394332626,SAM,True
111,0.38684918269357965,3.826637686225968,0.9,1,-54.323348659234554,0.3248407953116073,SAM,True
112,0.419895175214089,3.4975254564362643,0.87,1,-7.681622208914206,0.27291450718706717,SAM,True
113,0.4220792080608086,2.0000000000000004,1.02,2,0.4631723781652767,0.18052939919199992,SAM,True
114,0.9983804539454343,4.44592544468501,0.69,1,0.23138666823947152,0.1262473622332447,SAM,True
115,0.41206159295988276,3.608273906550317,1.15,1,-50.27785188015164,0.40125334945315444,SAM,True
116,0.06393654517323233,2.564608370113758,0.69,1,-8.005789095997159,0.18016188505960165,SAM,True
117,0.3803414593072393,3.639099133941064,0.7,2,-8.551455792815718,0.25526537853148146,SAM,True
118,0.2562031556722351,3.6277850827443587,0.95,1,-1130.5073234109307,0.3312947484806545,SAM,True
119,0.5602230944785235,3.721016351940607,0.79,2,-4.041451123384424,0.26862520335454537,SAM,True
120,0.28566128509949695,3.6408861826662267,1.0,2,-462.6053963959426,0.3598466663279663,SAM,True
121,0.5280836216776351,3.7170229542721054,0.86,2,-7.579501967437979,0.31231451754249656,SAM,True
122,0.49595513734976204,3.938343310495853,0.94,1,-19.32906376151825,0.346436896627097,SAM,True
123,0.05922472870486166,2.4469927277050014,0.57,1,-9.580049057663045,0.13042105148516267,SAM,True
0,0.15832128239686047,2.0000000000000004,0.84,1,-2.7217465526368385,0.17599763100950605,SAM,True
1,0.05111434093143113,2.0000000000000004,0.71,1,-171.6731209032992,0.1525432062496675,SAM,True
2,0.6050751698687837,3.7937195604914273,0.83,2,-4.538701488871636,0.2441578262614685,SAM,True
3,0.09576719419187228,2.0000000000000004,1.23,1,-97.03960789036051,0.2658233386799916,SAM,True
4,0.2253950460100684,2.5824791803907363,1.28,2,-2.9807522668648128,0.27446805147174014,SAM,True
5,0.10146072289516421,2.0000000000000004,0.73,2,-11.96820419168375,0.1556008908260925,SAM,True
6,0.6455535832486354,3.656002186732033,0.98,1,-4.808462966250543,0.3086680833790384,SAM,True
7,0.2725469959531826,3.7079096751648595,0.85,1,-311.43660267745423,0.300302682300409,SAM,True
8,0.2677027608067372,3.6713907641571226,0.85,1,-139.69774977457868,0.28927493268244087,SAM,True
9,0.6370185503449229,3.753305981439093,1.41,1,-41.48244187243559,0.500083507719021,SAM,True
10,0.19873796564607607,2.0000000000000004,0.82,2,-0.7505761938068727,0.15713153471163402,SAM,True
11,0.22263180287664686,3.6797647020255155,0.75,1,-314.40047875959556,0.2710872766305821,SAM,True
12,0.49721674590330117,4.159893306979255,0.78,2,-6.565249401797135,0.20833670114846475,SAM,True
13,0.32852275907471906,3.64677040384372,0.68,2,-17.806237156682865,0.23057587133510404,SAM,True
14,0.10405460845730002,2.0000000000000004,0.96,1,-12.594274211568258,0.2190251551962708,SAM,True
15,0.5501632674468598,3.7809797938981338,1.1,2,-27.969416500523927,0.39355208950666387,SAM,True
16,0.08844749461401763,2.4746147789032666,0.5,1,-4.235902289639874,0.10148176472901702,SAM,True
17,0.1690217169065002,2.0000000000000004,0.9,1,-3.318525209474073,0.17554573458439107,SAM,True
18,0.31568344062411985,3.601182724546637,0.83,2,-37.13537061838356,0.2694980421012696,SAM,True
19,0.3875344374297005,3.7836235463726307,0.81,2,-28.32621067485127,0.29791218662206975,SAM,True
20,0.34352288934030334,3.757643363411046,0.84,2,-71.95557799906202,0.2982112193693199,SAM,True
21,0.7558090172307715,4.057880669876234,0.78,2,-2.4176026893052125,0.25096625155195557,SAM,True
22,0.6842279166531094,3.886215971585079,1.11,1,-17.75621239505002,0.3559255851951682,SAM,True
23,3.078257755905098,5.174328905726866,1.27,1,0.9229026843114814,0.1350295241613189,SAM,True
24,1.0565712391030886,3.8688067244005304,1.07,2,-1.4190276712906185,0.3613866076494691,SAM,True
25,0.28293625573044984,3.6175736628205724,1.17,2,-540.658805617102,0.4009272591816764,SAM,True
26,0.31734765021282735,3.6396796690959787,1.12,2,-782.1843910689817,0.3910357023499364,SAM,True
27,0.2769917319900858,4.045908086425224,0.48,2,-12.389062703218839,0.13146076480904756,SAM,True
28,0.774061744080924,3.781595066970642,0.89,1,-1.8622205408952328,0.29300056043425926,SAM,True
29,0.3816422459890924,3.6848294565883646,1.12,1,-194.40607703620392,0.389832348801156,SAM,True
30,0.24988911109616604,3.7683224129418624,0.62,2,-51.87729728372696,0.23171905997087872,SAM,True
31,0.11581037268614883,2.0000000000000004,1.29,1,-48.65690123334871,0.27263241927937626,SAM,True
32,0.8872333876955687,4.102492335447486,1.02,2,-4.792740122616945,0.31359336768499096,SAM,True
33,1.493381326818031,4.928922094580615,0.68,1,0.7152645698066455,0.14884835670643226,SAM,True
34,0.19678770130056059,3.662525479548438,0.65,2,-170.87503264324081,0.21163391683872915,SAM,True
35,0.8513369475852185,4.280741008234784,1.05,2,-5.281539516462553,0.298047333016947,SAM,True
36,0.0978183369811893,2.3961139262094853,0.62,1,-3.804197537372527,0.15015742422637063,SAM,True
37,0.31563716646236434,2.0000000000000004,0.83,2,0.36532509809278957,0.1679633110175184,SAM,True
38,0.3191322409385766,3.6214500069794457,0.95,1,-154.24632014442494,0.32597053756382677,SAM,True
39,0.2617927039211858,3.8556081190589717,0.65,1,-66.07156934372536,0.21571644372875984,SAM,True
40,0.5209779449077226,3.7626579404533933,1.2,1,-13.210392121818485,0.3076794567942572,SAM,True
41,1.1051111159933127,4.104859890696708,0.97,2,-0.868195873328276,0.24453988275919164,SAM,True
42,0.09199109588889817,2.0000000000000004,0.97,1,-33.53045829511496,0.2054802128681781,SAM,True
43,0.3268760709067201,3.5671032767976683,0.95,1,-68.48896843862184,0.31085473234464855,SAM,True
44,0.2867331105020883,3.6713680356355325,1.0,1,-413.5828671789934,0.35522167931391574,SAM,True
45,0.2607139613362383,3.8124920958025292,0.68,2,-94.78455646026589,0.22278178959567446,SAM,True
46,0.10579241141389084,2.0000000000000004,0.91,2,-12.730313077031761,0.18662197871278638,SAM,True
47,0.5503876901980824,3.646496993901262,0.86,1,-4.976602831911297,0.29847245673225886,SAM,True
48,0.329072079052834,3.8137256125167336,0.82,1,-75.14127637959211,0.2912097319468127,SAM,True
49,0.6518222344505272,3.788920413462389,0.86,1,-3.897836278378044,0.30079182412027666,SAM,True
50,0.47684398483883167,3.6921885154989784,0.84,2,-8.640507641242834,0.2452080310934857,SAM,True
51,0.6476670080595507,4.067146003201953,0.81,2,-7.521019860236651,0.2490524946247664,SAM,True
52,1.1037625685700334,3.991727439219959,1.29,2,-4.310386927615849,0.43757792927706535,SAM,True
53,0.34456438247781157,3.7256800614502597,1.12,2,-220.14669341577317,0.3828380480847008,SAM,True
54,0.05541471232438959,2.0000000000000004,0.67,2,-72.14138378716812,0.14666837554716422,SAM,True
55,0.4360635089566726,3.739116593068923,0.99,1,-76.97199361522459,0.3239170163612755,SAM,True
56,0.17931612590846005,2.0000000000000004,0.72,2,-0.5643097946078108,0.12828761542573053,SAM,True
57,0.3516430977065877,3.7740305659375135,0.92,2,-74.35349290335826,0.2843542017010115,SAM,True
58,0.13817251714712087,2.0000000000000004,1.02,2,-15.457024367485978,0.2162425130901206,SAM,True
59,0.2602817432593471,3.66582768217413,0.81,2,-295.30999734182075,0.28623884670845584,SAM,True
60,0.7597054234317901,3.9064087070956255,1.31,2,-27.76077191875702,0.41628181967961514,SAM,True
61,0.29698206325580806,3.66830788615795,1.0,2,-426.98050364752066,0.35686114759855314,SAM,True
62,0.0580431201234997,2.0000000000000004,0.72,2,-58.221211583034176,0.1540548621170424,SAM,True
63,0.37268497471256284,3.7502315978312244,0.86,2,-89.23295314001324,0.2853780898843679,SAM,True
64,0.7593605316256828,3.782729479543606,0.7,1,-0.3768751026235224,0.21387197773261496,SAM,True
65,0.20445210321644222,3.541737011700442,0.79,2,-276.20213536380663,0.27887601384427024,SAM,True
66,0.2435004308593626,3.5549815896797714,0.95,2,-254.71684577768806,0.3452162783042448,SAM,True
67,0.38652642232222967,3.7634491640988794,1.04,2,-158.3944619208223,0.3438679799448369,SAM,True
68,0.2871399173273992,3.668036266275459,0.93,1,-99.12785766247171,0.29477951081070647,SAM,True
69,0.08832453711477267,2.0000000000000004,0.87,2,-23.17928334919291,0.18751145745010456,SAM,True
70,0.39837219607463864,3.724333726832031,0.69,1,-12.323045731091325,0.21410574396604232,SAM,True
71,0.4264709350454202,3.764090089364583,0.7,1,-8.591850509611517,0.24484968394750742,SAM,True
72,0.25853017427972763,3.6549085809998565,0.94,1,-477.13215108056545,0.3408538270154328,SAM,True
73,0.367029706664861,3.66005600582864,1.06,2,-53.053391464451956,0.33819665335242505,SAM,True
74,0.6318323163717307,3.9248670597302175,0.8,2,-5.354746239575098,0.24659380206937834,SAM,True
75,0.2200435419476356,3.6946222628990966,0.77,2,-242.3755292754042,0.260934355863859,SAM,True
76,0.19201560745841048,3.6444672027867537,0.73,1,-193.69990560279186,0.2419190869384705,SAM,True
77,0.5127022776137001,4.050901875547759,0.87,2,-13.454133100006914,0.3007582997931799,SAM,True
78,0.07321362679100037,2.0000000000000004,0.68,2,-31.56217189041928,0.1445853185964923,SAM,True
79,0.4201729110154865,3.6582257474308486,1.26,1,-250.0602206925896,0.4302432002005996,SAM,True
80,0.14339986036467164,3.5092767268200795,0.72,2,-858.1119492541488,0.2510467139742808,SAM,True
81,0.3237594130336376,3.779465008764261,0.92,1,-119.98987989259038,0.3164715037349925,SAM,True
82,0.38062455320242383,3.9637058891376324,0.64,1,-14.602023961813225,0.23939991395379634,SAM,True
83,0.34084251494997403,3.8466148797452986,0.86,2,-68.2020384058667,0.2855401016134303,SAM,True
84,0.1285811140814691,2.0000000000000004,0.75,1,-3.8480218785327365,0.16518129752867722,SAM,True
85,0.2602171394235514,3.6372141689088098,0.85,1,-212.66613065941436,0.2887097058145848,SAM,True
86,0.20298775060428192,2.4308292750742138,0.86,1,-1.4682867939897535,0.19590180055778772,SAM,True
87,0.19993885992185018,2.0000000000000004,1.03,1,-2.9053852129383437,0.21197041509337017,SAM,True
88,0.4388557318906368,3.8346313477210328,1.12,1,-21.472049673137832,0.31896560756322506,SAM,True
89,0.08271706482571002,2.5203358402344174,0.46,1,-1.43328194693302,0.10211924780760144,SAM,True
0,0.2797756662145987,3.6604790330099863,0.91,2,-88.77111529058985,0.2861315381865794,SAM,True
1,0.11610127302899115,2.0000000000000004,0.89,2,-8.981761145191278,0.19412763919133458,SAM,True
2,0.38770839687998204,3.70524521222986,1.0,1,-89.70362468549392,0.35267043867290143,SAM,True
3,0.18219567101938167,3.581681087949467,0.67,1,-460.3695700375499,0.23272338478697838,SAM,True
4,0.8041069581249299,4.27047236606196,0.63,2,-0.7005640072664023,0.20361045321098828,SAM,True
5,0.06004009231233642,2.0000000000000004,0.66,2,-57.56801397660178,0.13665220662799304,SAM,True
6,0.6733760665686849,4.043341062864464,0.96,2,-11.712993873267457,0.25723132558436346,SAM,True
7,1.0502449701776448,4.989531363190278,0.94,2,-0.08955180722652978,0.2238535352089147,SAM,True
8,0.2797903814508415,2.0000000000000004,0.81,2,0.07270678775759354,0.15678758983086521,SAM,True
9,0.15889608494592336,3.509663787361666,0.75,2,-273.7952851309698,0.2603953467442665,SAM,True
10,0.25213706847505135,3.6461628577794434,0.93,1,-593.321388787537,0.33215933317388263,SAM,True
11,0.2043872772542603,3.7663993760418357,0.61,1,-133.63319165542808,0.21205538430540455,SAM,True
12,0.27022248865501525,3.598994000796668,1.13,2,-2486.097475837942,0.3990911203630843,SAM,True
13,0.18248879926187006,3.5705500395914425,0.78,2,-989.1319503055964,0.2766714677702159,SAM,True
14,0.3869197718106392,2.0000000000000004,0.67,1,0.7774472786990171,0.11795966906615626,SAM,True
15,0.1525900685106809,2.0000000000000004,0.89,2,-4.384517892910525,0.17160006476354966,SAM,True
16,0.24582612232068618,3.64393332280568,0.78,2,-510.21552815971825,0.2607521145556495,SAM,True
17,0.18334386229747696,3.598202228572363,0.63,2,-485.2735324777781,0.2151134336822908,SAM,True
18,0.19326277845592232,3.555967498994848,0.65,2,-107.35459542841873,0.2112329019150865,SAM,True
19,0.3048125373797309,3.513284519929679,1.01,2,-56.11627614888067,0.36559707984687817,SAM,True
20,0.32818160894885295,3.5479640880604344,0.85,1,-25.73107478659745,0.27198648056001096,SAM,True
21,0.24285582606782352,3.7324231151971103,0.78,2,-224.597403304566,0.2724363149200235,SAM,True
22,0.2851583493352541,3.629454095374798,1.16,2,-1095.972046160721,0.4110154438810676,SAM,True
23,0.31046917293912196,3.6822872184040065,0.98,2,-116.45007614623432,0.3639443609601297,SAM,True
24,0.7516251186221752,3.835759303606712,1.22,2,-13.780558409859227,0.3686108765652927,SAM,True
25,0.39737717949751633,3.747149724448716,0.7,1,-12.842178942229914,0.23535381225377447,SAM,True
26,0.2992937382437059,3.748040640207915,0.85,2,-166.9070103116614,0.29956004838924083,SAM,True
27,0.3272321556090485,3.6983079871403266,1.07,2,-264.8179118335803,0.3781666782867922,SAM,True
28,0.33486702641465843,3.7449975366314696,0.97,2,-163.15601969630964,0.34397013125577514,SAM,True
29,1.017044470739763,4.2700103305035375,0.69,1,0.11731923664171606,0.18353866973977234,SAM,True
30,0.2636308173101406,3.7690112406783367,0.56,1,-46.52636680431816,0.19240878016840002,SAM,True
31,0.06601286584113543,2.0000000000000004,0.8,1,-51.82533558277903,0.17196248022718175,SAM,True
32,0.47713664596348715,4.280196900769457,0.66,1,-0.19879249761685513,0.11862562000343951,SAM,True
33,0.3745554195592833,3.862681696429931,0.89,2,-60.57892657299827,0.30113204990856,SAM,True
34,0.11671126213163452,2.0000000000000004,1.3,2,-31.501216962306692,0.28550490738595935,SAM,True
35,0.3888148046738124,3.7671568162961373,1.04,2,-24.14120180083802,0.2947212064201239,SAM,True
36,0.1115901714919292,2.0000000000000004,0.69,1,-4.415596609669465,0.1398260802721102,SAM,True
37,0.2695680504354836,2.0000000000000004,0.81,2,0.35615996812009654,0.1365999268723519,SAM,True
38,0.2941469677214812,3.831664895770323,0.71,2,-63.069926395014704,0.24058289799150806,SAM,True
39,0.4020551785839025,3.760527587356654,0.9,2,-44.095057409305085,0.3157891052654654,SAM,True
40,0.283518293480199,3.769591032365412,0.83,2,-135.51340952455845,0.274198395866297,SAM,True
41,0.10475503515619107,2.0000000000000004,0.95,1,-18.823208685968638,0.21222422826545553,SAM,True
42,0.19721795249353474,3.5093415418600977,0.82,2,-237.1185348724325,0.2861375141964737,SAM,True
43,0.6705704773016316,3.6015855663215297,0.72,1,-0.5049088032653746,0.22666209521548988,SAM,True
44,0.18465820713697714,3.5060225037724555,0.93,2,-729.7447319496489,0.3252311484924403,SAM,True
45,0.28844461148264683,4.350609263078422,0.36,1,0.9791397549274145,0.013009828894627871,SAM,True
46,0.12330372183917225,2.0000000000000004,0.62,1,-2.161191096264504,0.11302810796100542,SAM,True
47,0.10019898892125079,2.0000000000000004,0.91,2,-16.907233117271744,0.19402166473566165,SAM,True
48,0.724226380096288,4.175942997237027,0.72,1,-2.4621293168521476,0.18292469823969323,SAM,True
49,0.7652954326182924,4.355050133300437,0.63,2,-1.0706549517238884,0.18105076352771315,SAM,True
50,0.08979187288485885,2.0000000000000004,1.07,1,-74.78239622380589,0.2255649418697442,SAM,True
51,0.4991068561123854,3.8604886249542507,1.23,1,-51.543705597172796,0.4199246075000987,SAM,True
52,1.0516108704114957,3.871224422381446,1.11,1,-1.6784027026637354,0.3865599509495562,SAM,True
53,1.0275221377580581,3.7672969105893612,0.79,1,0.12793692852716565,0.27721226994913595,SAM,True
54,0.6365653654355955,3.7539239428587585,0.94,1,-6.331473377906148,0.3074247062287843,SAM,True
55,0.23411027572307036,3.6138761865979343,0.83,1,-267.9360398025626,0.28021164533394427,SAM,True
56,0.6547400033416646,3.9870690876963994,1.1,1,-19.779819521386816,0.3024391521645657,SAM,True
57,0.23965156239825014,3.6489514138895305,0.87,2,-231.4162482631575,0.28643138032850834,SAM,True
58,0.18170363199305506,2.0000000000000004,0.97,1,-2.5714174990301273,0.1927908538785136,SAM,True
59,0.0979363057482884,2.0000000000000004,0.78,1,-11.698822538940766,0.15721798924644678,SAM,True
60,0.8533887992353829,4.088771688857268,0.84,2,-2.2707525121710748,0.21927733056753515,SAM,True
61,0.3532940535877065,4.1654227295355515,0.52,1,-10.308643029715052,0.16473452511491785,SAM,True
62,0.5779971171606244,3.7962205663835267,0.5,1,-0.051964137944718214,0.13932774435257556,SAM,True
63,0.38512473190970026,3.6205031495448834,1.09,1,-69.87081070212822,0.3853154163123966,SAM,True
64,0.3812136268989251,3.727710865124572,0.84,1,-65.53958912879793,0.2599006142739769,SAM,True
65,0.18720501621830093,2.0000000000000004,1.14,1,-5.978372386271281,0.23736819033233958,SAM,True
66,0.07005708169267554,2.0000000000000004,0.98,2,-140.40116410100924,0.20861894520548616,SAM,True
67,0.35413436994692626,2.417406294968359,0.76,2,0.5075240156585699,0.16550375992717195,SAM,True
68,0.09062261727733428,2.0000000000000004,1.16,1,-77.6531181605406,0.24587788176840533,SAM,True
69,0.28837017098441364,3.6235750736751604,1.08,1,-519.2335142106215,0.38975400722699577,SAM,True
70,0.38341014978371835,2.0000000000000004,0.86,1,0.5363408861170003,0.16683833016064545,SAM,True
71,0.078938726178722,2.0000000000000004,0.98,1,-74.4693683485443,0.21154984148111947,SAM,True
72,0.6219802770785833,3.8464738506441223,1.27,1,-75.74975903269043,0.39518790425578526,SAM,True
73,0.18935233985018873,2.0000000000000004,1.05,2,-4.882229432937621,0.20899133242956766,SAM,True
74,0.23292400241160133,3.6524998635370367,0.79,2,-197.6360339122571,0.27371073517556255,SAM,True
75,0.14173301130503546,3.441245142487278,0.71,2,-331.71067809434084,0.24479485336005688,SAM,True
76,0.2191751058200678,3.5696987663167543,0.75,1,-114.34346842687003,0.27100729422067127,SAM,True
77,1.2285539299331567,3.917370730465394,1.4,2,-2.7563508777212937,0.46260136533569474,SAM,True
78,0.9175175872848351,4.033785904001698,1.04,1,-3.955782829345859,0.2706990746133544,SAM,True
79,0.10302188605247163,2.0000000000000004,0.63,1,-4.685776011119524,0.13571457531400402,SAM,True
80,0.527789564457898,2.1225482427581412,0.9,2,0.7774416231137884,0.14569318093149952,SAM,True
81,0.25071431395455546,3.5809714178319125,0.62,2,-29.639538147450754,0.2088620330093875,SAM,True
82,0.7403546127565729,4.1545753532310306,0.64,2,-1.0580663269785417,0.17075938054257825,SAM,True
83,0.2806655379624978,2.0000000000000004,0.91,1,-0.31415934396031986,0.16377116183604706,SAM,True
84,0.2241320531497666,3.553661818402134,1.04,2,-2535.0019367537316,0.3706074269285249,SAM,True
85,0.3910404564414873,2.4922423591390572,0.97,1,0.42149235534757246,0.21480984165600345,SAM,True
86,0.07312685806517817,2.0000000000000004,1.19,2,-356.5459406090015,0.25799370593828774,SAM,True
87,0.4646099490924893,4.071490208203848,0.84,2,-12.168641529895813,0.24591239079634086,SAM,True
88,0.04450886465272656,2.0000000000000004,0.51,2,-52.023515316601504,0.11245727472317044,SAM,True
89,0.46160959719897426,3.888667091029871,0.84,2,-35.60967797769031,0.27662793296427496,SAM,True
90,0.9672653360543121,4.109784057028922,0.93,1,-1.8267757462674017,0.2809384374049449,SAM,True
91,1.825491814463431e-15,8.38028797080551,0.83,1,0.6932747961498749,0.29807286091812,SAM,True
92,0.2703886367432224,4.154737816899066,0.41,2,-10.302669731644142,0.13485169023019172,SAM,True
93,0.1121359009301436,2.0000000000000004,0.76,2,-6.137911686502229,0.16279214235970096,SAM,True
94,0.14533414942365863,2.0000000000000004,0.81,1,-3.0910660755726695,0.16582908983686673,SAM,True
95,0.564179425433124,3.775855678844433,0.93,1,-13.180529357597543,0.30061431846076414,SAM,True
96,0.43459340184144185,3.697231544281577,1.01,1,-45.89911607270064,0.3473610526182241,SAM,True
97,0.0570580010213649,2.0000000000000004,0.59,1,-32.511874788921936,0.11814411101842476,SAM,True
98,0.7641690708902013,3.888850229734782,0.97,1,-4.732615865233268,0.34466865630602556,SAM,True
99,0.16357256862796551,2.0000000000000004,1.02,2,-6.746216856774395,0.21280782970269577,SAM,True
100,0.17618460101802197,3.439868461941287,0.95,2,-450.28181215885223,0.33085180422245114,SAM,True
0,0.7483222365362128,4.1890023466785085,0.63,1,-0.3569219232049783,0.13288220070251436,SAM,True
1,0.17275486728297496,3.6220944227817515,0.58,1,-76.91223884893876,0.19832603122257608,SAM,True
2,0.43837688222326826,4.0628517320178,0.76,2,-16.266592945494846,0.2457650126616174,SAM,True
3,0.04905373655936094,2.0000000000000004,0.51,1,-16.839082022485012,0.11444722619700923,SAM,True
4,0.3752864890103797,3.5803986492953532,1.21,1,-131.14996911992225,0.4207769089757429,SAM,True
5,0.20773395465367353,3.7022395705424693,0.69,1,-127.67486136753305,0.22427726156965258,SAM,True
6,0.28747371669049876,3.6489671670798316,0.95,2,-550.2541149960103,0.3299084910468542,SAM,True
7,0.2494656661672855,2.52066177132595,0.46,2,0.8670917073764011,0.052533667337518485,SAM,True
8,0.09463706357046661,2.0000000000000004,1.26,2,-155.4381875834995,0.2657341406242635,SAM,True
9,0.9671890317484836,4.444980637624107,0.85,1,-1.148050496147878,0.2483671314677778,SAM,True
10,0.24636336384000243,3.5650407782829436,0.52,2,-12.683553026560265,0.1803961561394441,SAM,True
11,0.2573388500079108,3.6935303994200557,0.9,1,-193.10730340521764,0.30081702706874563,SAM,True
12,0.5393318767800422,3.812737092054018,0.93,1,-17.840407569668866,0.29488433446582485,SAM,True
13,0.6106281314730676,3.8373364944848793,1.04,1,-17.974226532302595,0.3460435722609168,SAM,True
14,0.635551518646866,4.071468341465187,0.73,2,-5.057723460669882,0.23085159449706139,SAM,True
15,0.3095963439492967,3.6641224580051563,1.09,2,-471.5296878220157,0.3920274935093613,SAM,True
16,1.1203776090240023,4.011216366311465,1.22,2,-3.267418574309919,0.3636497718067721,SAM,True
17,0.08800573498274951,2.41328973840143,0.91,1,-12.667005903112168,0.22837095814984015,SAM,True
18,0.27775696093312974,3.700041120315711,0.69,1,-57.56573853240764,0.24434454462802654,SAM,True
19,0.26984879473690093,3.626660525726604,0.94,1,-348.88267755614237,0.3142465384271489,SAM,True
20,0.18470718232063135,2.0000000000000004,1.13,2,-4.739930017773332,0.22661371601430866,SAM,True
21,0.39325388341671086,3.731071632626669,0.79,1,-18.031406488130706,0.29394316705124035,SAM,True
22,2.3919978868124856,4.595219015544602,1.21,1,0.5439477499982275,0.335057805041703,SAM,True
23,0.21224169150236072,3.622140062789956,0.86,1,-1240.8595635297834,0.3010084280466796,SAM,True
24,0.5904175100677004,3.7553680883642,1.01,2,-13.736312643438373,0.3220138942566185,SAM,True
25,0.18599535423607066,2.0000000000000004,1.12,2,-4.618372372761994,0.233609593171733,SAM,True
26,0.4600354958954948,4.073361717932535,0.8,1,-14.007193142848369,0.25493048138010765,SAM,True
27,0.2473561614745165,3.5863814036195,1.03,2,-2728.1110107044888,0.3593247026248395,SAM,True
28,0.19427661418263026,3.5388571207824495,0.8,2,-146.76217434427926,0.26296900500462533,SAM,True
29,0.319269685328781,3.5665885856328994,1.12,2,-199.0033771566095,0.39653581816369987,SAM,True
30,0.2219079332719888,2.0000000000000004,0.91,2,-1.2173350873232356,0.17020261038569953,SAM,True
31,0.08622193668452964,2.0000000000000004,0.89,2,-33.42108668482808,0.19660756886802475,SAM,True
32,3.4094065531510647,11.999999999999998,0.44,2,0.9670615407079078,0.0829386445528029,SAM,True
33,0.6550614834725822,3.9236653080948805,1.1,2,-7.114128381144244,0.31873966324919745,SAM,True
34,0.5851282374788412,3.7343053631585024,0.73,2,-2.416050274675903,0.24317564082848817,SAM,True
35,0.5944406170333016,3.7231461398716,1.38,2,-52.790478845878845,0.4732826466596493,SAM,True
36,0.2693489850568287,2.0000000000000004,0.78,2,0.17122920248101758,0.146983328279903,SAM,True
37,0.32173158237420585,3.6741341395622995,0.63,1,-16.97367753472917,0.21647851896452613,SAM,True
38,0.2601369748473429,2.595043763803073,1.22,2,-0.6151782290937675,0.25046464253319706,SAM,True
39,0.09601459347064072,2.0000000000000004,1.22,2,-125.58832952105024,0.2697907033077839,SAM,True
40,0.32855268210469285,4.000475524016482,0.47,1,-7.146899712829743,0.19102858181354823,SAM,True
41,0.714874784598937,3.8541637934103434,0.97,1,-6.3968292664143585,0.31086002119195244,SAM,True
42,0.40591369446448927,3.6208070423214087,1.17,2,-71.19991340585088,0.4254674028497195,SAM,True
43,0.519300873863618,3.833060294076002,0.95,1,-19.00394493780924,0.32982033377553704,SAM,True
44,0.766728141426432,3.475031438707315,0.81,1,0.7208104204047963,0.13146820837087927,SAM,True
45,0.23023372694429525,2.0000000000000004,1.23,2,-3.149471301687294,0.25416621143325957,SAM,True
46,0.2871568017215743,2.56217610818575,0.92,1,0.11897839389281473,0.20142384358358245,SAM,True
47,0.4643227794935794,2.0000000000000004,1.08,1,0.5612376219732795,0.19558984890353828,SAM,True
48,0.3540605675299155,4.109541676846034,0.58,1,-9.653737705925636,0.16803896145029446,SAM,True
49,0.3296027553578385,3.60569553206509,0.92,2,-51.16357656615401,0.3322909127502684,SAM,True
50,0.4390959423411045,2.0000000000000004,1.24,1,0.3603793658160711,0.23161612976398294,SAM,True
51,0.24780061066644254,3.5709068416043266,0.83,2,-155.52341498151813,0.2879444706012949,SAM,True
52,0.6631527668822063,3.7847978930471107,1.07,2,-9.018438330096888,0.3903207546382848,SAM,True
53,0.09987320583809613,2.0000000000000004,0.7,1,-8.316575725536788,0.13622010511781615,SAM,True
54,0.1647346228884389,3.6639089173111437,0.57,2,-475.1476804424122,0.2008818456642969,SAM,True
55,0.24979572060222507,3.667742557018725,0.89,2,-629.1208204582333,0.3157694073676407,SAM,True
56,0.15296928844180882,2.0000000000000004,1.08,2,-5.893907800763627,0.23378741536345843,SAM,True
57,0.06177272113776344,2.0000000000000004,0.83,2,-114.7995542914652,0.17410253108824672,SAM,True
58,0.21011053185490064,3.551751764896129,1.0,1,-4605.928626436106,0.35986214539614875,SAM,True
59,0.3028383649332581,3.6153404510601086,1.0,1,-160.7389079032576,0.36145687490373246,SAM,True
60,0.3122081932787095,3.7585223037469606,0.88,2,-174.8483700647881,0.3070408273755032,SAM,True
61,0.15518487186468236,3.5599301194793282,0.66,1,-536.855510178229,0.2371799059986764,SAM,True
62,0.28806931091654414,3.5508625333708204,0.78,1,-10.666332134775741,0.23769836596410232,SAM,True
63,0.2549799055893086,3.6733602463479222,0.75,2,-224.19179065060212,0.259484769118594,SAM,True
64,0.1423339198983029,2.690895015280177,0.6,2,-0.3372201403073547,0.14438692087659927,SAM,True
65,0.22919064979430362,3.5475471052023893,0.95,2,-509.47784684537197,0.34178611802133635,SAM,True
66,0.2702403098224099,3.72738528996722,0.47,2,-9.150807850263394,0.17046796379795243,SAM,True
67,0.3388280455686727,2.0000000000000004,1.2,2,-0.14587312610512426,0.22933952828234816,SAM,True
68,0.9839277258353487,3.951041785508835,0.81,1,0.2335432149489488,0.1586697259814061,SAM,True
69,0.16597014801842563,3.755318795155844,0.52,1,-57.30274990701466,0.16500722471024057,SAM,True
70,0.13497417061326988,2.0000000000000004,0.86,2,-8.174379677886222,0.17806646328980466,SAM,True
71,0.1709397933672538,2.494993347903251,1.17,2,-3.070873870364222,0.29019109281366595,SAM,True
72,0.1722582353579945,3.6385285624760604,0.66,1,-314.9236235852256,0.2268149088235122,SAM,True
73,0.7358775328436546,3.9660599047648297,1.0,1,-11.41734998742876,0.2714661449203066,SAM,True
74,4.99999999999936,6.004720231066451,1.06,1,0.9412915627327654,0.24248289209129348,SAM,True
75,0.3477806622905557,3.5980316192779696,1.35,1,-745.1902934309353,0.48450387450508375,SAM,True
76,0.30584780847800963,3.8245361511558293,0.75,2,-48.84558664028054,0.2721398063023166,SAM,True
77,0.1150949708262476,2.0000000000000004,0.72,1,-5.006101437702937,0.14264371772564152,SAM,True
78,0.3190348213188894,3.690470076564015,0.86,2,-34.05080965677,0.24545210056229408,SAM,True
79,0.2263566564699987,3.580735897556788,0.74,2,-106.3008553402827,0.2611603256402038,SAM,True
80,0.2789052231339645,3.7800925015357056,0.81,1,-71.30284407512947,0.2594437428811544,SAM,True
81,0.1887797879807211,3.5090347858898743,0.87,2,-283.00480202313184,0.3018187208390488,SAM,True
82,0.4878830561728999,4.040177232422411,0.59,1,-6.601034073474536,0.15560093137439499,SAM,True
83,0.2744236953189353,3.5687331886971263,1.05,2,-323.47026870860094,0.37130938835016225,SAM,True
84,0.5464446526044211,3.62197728234527,1.2,2,-25.9047278794868,0.39011962195240446,SAM,True
85,0.31623261425706045,3.674407281445021,1.09,2,-343.34136776910884,0.3959571544484996,SAM,True
86,0.46391635173097345,3.7697302962648203,1.25,2,-175.12144249534404,0.4194058782280297,SAM,True
87,0.8689255279787681,3.6480783131842376,1.22,1,-2.7619450356265265,0.37149079562553705,SAM,True
88,0.6927615449719644,3.9257667144887827,1.0,2,-10.436786505969447,0.314524723275404,SAM,True
89,0.15285549205442095,3.4892268492702123,0.73,2,-195.15928051509417,0.24136964662729019,SAM,True
90,0.38323728883682306,3.8025543535856707,0.74,2,-30.5804714931239,0.25506713847083373,SAM,True
91,0.24299483936628738,3.6429346573752794,0.78,2,-143.1799116332311,0.28508885980825116,SAM,True
92,0.09545365635507579,2.0000000000000004,0.85,2,-19.97495094530837,0.18625040368114318,SAM,True
93,0.2436641749969993,2.0000000000000004,0.7,1,0.23429821751317104,0.12377745373297407,SAM,True
94,0.5306901841710661,3.7345740457592522,0.94,1,-18.16287956110497,0.2988601932662291,SAM,True
95,0.35099099237741777,3.82421992726711,0.89,2,-86.32720857789424,0.288748424047205,SAM,True
96,0.07563742398328593,2.0000000000000004,0.48,1,-3.769103735948872,0.09859952158488973,SAM,True
97,0.10171296991470645,2.0000000000000004,0.82,2,-9.06476604532558,0.17887367221150677,SAM,True
98,0.40388184965605783,3.743464040998349,0.87,2,-25.251080547997116,0.3295362763899099,SAM,True
99,0.5597663585150141,3.7760078482855333,0.72,1,-3.495722366134519,0.2506042678492445,SAM,True
100,0.29798455158832,3.8200107756864865,0.78,2,-49.16827481081243,0.2483796070888352,SAM,True
101,0.27186673075898593,3.5660178209990674,1.12,1,-400.7747435755518,0.4079351431803318,SAM,True
102,1.5738452984845765,4.300824567492525,1.03,2,0.20103194579691452,0.27785271971600056,SAM,True
103,0.5593440074677299,2.7052856818422515,0.74,1,0.7785457600152894,0.18508855409829214,SAM,True
0,0.6196818246549368,4.173715351958685,0.88,1,-8.544222783715933,0.25112551582180975,SAM,True
1,0.1809112430215505,2.0000000000000004,0.84,2,-2.5911891527785196,0.1616474166401162,SAM,True
2,0.3069414422668833,2.492795101193752,1.05,2,0.11906782241498848,0.1925465440947036,SAM,True
3,0.20570195202066371,3.534718725605646,0.82,2,-264.0425797730745,0.27321528538368556,SAM,True
4,0.0919726381762282,2.0000000000000004,1.15,1,-88.7355590784451,0.2516936933795106,SAM,True
5,0.808245766200904,3.6555214164988117,1.05,1,-2.2318682889153822,0.33480672298325825,SAM,True
6,0.6300137751627717,3.5713779644093244,1.75,2,-42.859725946551514,0.6295684204307352,SAM,True
7,1.8123664553823767e-11,10.669528008171923,0.65,1,0.18797106052323254,0.24452161363343783,SAM,True
8,0.9893771599814459,3.8491213683503704,0.83,1,-0.02630033867481596,0.2265553630744699,SAM,True
9,0.08509436496476896,2.464323777782419,0.73,2,-10.485938615677226,0.19361886760177055,SAM,True
10,0.1677541706678496,2.0000000000000004,1.22,1,-9.316280412772496,0.24670293993872291,SAM,True
11,0.6817024274308564,3.611103719723435,0.81,1,-1.332052223045689,0.2777276134582879,SAM,True
12,0.3931714373578938,3.8977041855782932,0.79,1,-48.79047554633952,0.25506514259668855,SAM,True
13,0.20094637753376995,2.523902802206645,0.55,2,0.3032423145703591,0.12323805197102768,SAM,True
14,0.2822515215669463,3.7432226435285423,0.87,1,-168.2234778153112,0.300211145778528,SAM,True
15,0.18242646591684025,3.4632159530011215,0.89,1,-430.3971782737987,0.31524062870631414,SAM,True
16,0.0874314701326758,2.0000000000000004,1.09,2,-109.60801739759253,0.2367501062644534,SAM,True
17,0.03948810627457044,2.0000000000530003,0.36,1,-29.28777818256248,0.07449786892369976,SAM,True
18,0.19550658823860856,3.543671999214126,0.87,2,-862.1404165737949,0.29938019449693554,SAM,True
19,0.35845228088778036,3.7570556730175007,0.72,1,-36.31795499107622,0.2334185388673558,SAM,True
20,1.281631603773475,5.653219815892405,0.63,1,0.7396151691874555,0.11826033237369919,SAM,True
21,0.18339012919784906,3.584136642973188,0.74,2,-417.1031786895412,0.2502301581355567,SAM,True
22,0.24449400074604238,3.7621875117423547,0.69,2,-124.1610622167948,0.24320745546350972,SAM,True
23,0.20921777330683655,3.598895264101952,0.88,2,-1209.528086644023,0.31513762743962465,SAM,True
24,0.45516535349873033,3.815907563375488,0.91,2,-45.770037386517224,0.2912745231206159,SAM,True
25,0.14859454150157067,2.0000000000001297,0.65,1,-0.9741653352288786,0.11250055095043911,SAM,True
26,0.20492702734903018,3.4909617998164775,0.88,2,-255.17371017352093,0.3029045658879183,SAM,True
27,1.037164676677988,4.36705464232959,0.77,1,-0.32917825617395735,0.20353601832460302,SAM,True
28,0.6790812736021846,3.8646315435403507,0.6,2,-0.28330696632759067,0.17404272360407527,SAM,True
29,0.4512207341244537,3.7635768051107714,1.02,2,-80.13305453487723,0.34102098035127937,SAM,True
30,0.33997276087407735,3.832314726672257,0.81,2,-76.36524069480004,0.27447677084990146,SAM,True
31,0.5107852498621872,3.8071161370428483,0.63,2,-3.297679559155795,0.18538465150782873,SAM,True
32,0.38822292377923256,2.822746595304023,1.45,1,0.06631274876594861,0.2787343115596353,SAM,True
33,0.4436634455242914,3.8672621094597566,0.78,2,-26.251489429942954,0.2479915296356385,SAM,True
34,0.7289082787898616,2.067343998540205,0.46,1,0.9827059228010177,0.05800124907410943,SAM,True
35,0.20072385527509606,3.5360374722708108,0.75,1,-153.70829486659514,0.26112771006243635,SAM,True
36,0.6540888229268745,3.8159257802252156,0.94,2,-7.5727425298320235,0.3018751331292718,SAM,True
37,0.5237967512365489,3.9187844275500145,0.81,2,-19.10017492022789,0.25028784260253845,SAM,True
38,0.2507698220303256,3.5521276090544203,0.89,2,-57.54900075594904,0.29539649416781544,SAM,True
39,0.06046724117908402,2.0000000000000004,0.78,2,-151.80194473726263,0.16776349484067268,SAM,True
40,0.15531455062792315,3.5381514949123956,0.53,2,-73.97139867600931,0.17565656503273197,SAM,True
41,0.2575490987795495,3.7353601564809424,0.71,2,-128.841370273363,0.25544682234191357,SAM,True
42,0.10172930598369088,2.0000000000000004,0.62,1,-5.6181434644660015,0.1081142925852141,SAM,True
43,0.06793837210798766,2.0000000000000004,0.67,1,-35.95489687485397,0.13610022964547794,SAM,True
44,0.38618271805047105,3.721274054222034,1.12,2,-104.55046754670688,0.4069906684749942,SAM,True
45,0.1902727702796432,3.5217972713669794,0.98,2,-4924.741897008735,0.3506373022787763,SAM,True
46,0.30973743860405256,3.6881656777353493,1.05,2,-258.5191572186528,0.38302581475310066,SAM,True
47,0.37270023785518763,3.91069576800772,0.83,2,-35.53128945038571,0.2667884988404738,SAM,True
48,0.5079356223718572,3.587203590628672,1.03,2,-10.261602759166164,0.35780840581436174,SAM,True
49,0.1764392616378258,2.0000000000000004,0.99,1,-3.0292080708173588,0.194216362452,SAM,True
50,0.29927153838674514,3.7269039434670157,0.86,1,-167.4899256955794,0.3072236505795194,SAM,True
51,0.21077388552238518,2.0000000000000004,0.99,2,-1.9413635862262733,0.19995422102284058,SAM,True
52,1.6356619022642664,4.509221473666988,1.04,1,0.1699152742934893,0.25783063818529467,SAM,True
53,0.37860527962028395,3.709894364450436,1.07,2,-211.37678393460862,0.3722606281695278,SAM,True
54,0.10765130097492671,2.4323798741904845,0.8,1,-6.790226308686359,0.20237498529936918,SAM,True
55,0.22857903061299448,3.6811668096259647,0.76,1,-74.04632977787747,0.24022411566284646,SAM,True
56,0.3509145283689895,3.679302498742363,0.85,1,-42.20558797414625,0.30349201087805244,SAM,True
57,0.2234344809862027,3.6439618894927777,0.71,1,-200.10717778982612,0.2512079244742681,SAM,True
58,0.9021640712384243,3.916303327952384,1.02,1,-3.1674928937705404,0.2863821919253403,SAM,True
59,0.2689304389551693,3.636730319583264,1.01,2,-706.2273196736467,0.3452990788052871,SAM,True
60,0.13443826121569566,2.0000000000000004,0.99,1,-8.95008405681548,0.20493125013722024,SAM,True
61,0.28202363773184375,3.5213807837962032,0.81,2,-36.06396906921587,0.27594980538568004,SAM,True
62,0.2372976084500186,3.5254315122929794,1.1,2,-1054.9865447852612,0.3955438869144413,SAM,True
63,0.35332332511374276,3.7628915513616663,0.88,2,-113.39970805220568,0.2992888695020189,SAM,True
64,0.37045089097794803,3.601665661402574,1.22,2,-62.043203850994914,0.40476354332841424,SAM,True
65,0.3348975856490256,2.4768123019420774,0.99,1,-0.21569632290928498,0.23367365536005688,SAM,True
66,0.3897524671129145,3.561573609076657,1.26,1,-99.59917877514089,0.4473116839705892,SAM,True
67,0.2936462739101019,3.892833336363147,0.69,1,-13.29095010349131,0.1895796754000052,SAM,True
68,0.04391696945377016,2.4767809573206465,0.69,1,-13.200191087942189,0.1880305660493729,SAM,True
69,0.11255897363014342,3.594727783902952,0.38,1,-130.67834882773158,0.13575603744191017,SAM,True
70,1.3301503583680963,4.61966552489132,0.85,1,0.04363099024849315,0.230029962687558,SAM,True
71,0.9071138582793691,4.9793752256762795,0.67,1,0.5994473475990052,0.09218562340063602,SAM,True
72,0.7702430077471023,3.681238591280888,0.91,1,-1.381494334706812,0.2659401549984108,SAM,True
73,0.48970288356254627,3.852274624615372,0.71,2,-8.715786583992337,0.22811444149375884,SAM,True
74,0.20665837101063672,2.0000000000000004,1.2,2,-4.246520067474904,0.23484908914988495,SAM,True
75,0.3165266705889091,2.4762257296609977,0.83,2,-0.2701709321956254,0.18639030819182742,SAM,True
76,0.2513337249047897,3.6987261160923177,0.76,1,-198.78813348845537,0.27353729886938877,SAM,True
77,0.047404824634273035,2.4605706428327805,0.66,1,-19.151117114878392,0.16734458152482157,SAM,True
78,0.2524515745118102,3.6129087855359012,1.02,1,-1542.4028752148063,0.3613259597848189,SAM,True
79,0.4339856601983007,3.627654135147101,0.94,1,-18.726681838289597,0.30522291916349936,SAM,True
80,0.4269494626312008,4.063662111324674,0.55,2,-8.254494654044779,0.16951352666092123,SAM,True
81,0.3878407047214613,3.6464148428912027,1.03,1,-33.463042374344155,0.30187049893049483,SAM,True
82,0.2848017509155189,3.731095710829979,0.85,2,-161.53012254527113,0.3060651261254579,SAM,True
83,0.43424628275839333,3.863526076321724,0.92,1,-16.400878157995674,0.24973074170670864,SAM,True
84,0.21021603313356704,2.0000000000000004,0.59,1,0.17244919538670112,0.1030142733231942,SAM,True
85,0.13587725624630426,2.0000000000000004,0.63,1,-1.3430463100281407,0.12067324814069147,SAM,True
86,0.2777292056648711,3.5462358057989047,1.11,2,-286.99587690943514,0.3882449768066927,SAM,True
87,0.31775593313824196,3.523284291394833,0.92,2,-29.827323925791088,0.3400018112139398,SAM,True
88,0.31524457959029645,3.043434007790965,0.48,1,0.7646928170453646,0.07446445420151983,SAM,True
89,0.0981412409571461,2.0000000000000004,0.8,2,-8.353305449961445,0.17941952207100206,SAM,True
90,0.1581575175569706,3.4779584479418175,0.89,2,-1532.9386996797327,0.3157383031755663,SAM,True
91,0.33930616420779086,3.6920612352221003,0.99,1,-101.61387311734671,0.3636757445853095,SAM,True
92,0.4101293680864293,3.9563962564859074,0.82,2,-33.913263564794484,0.26284551065703576,SAM,True
93,0.08926170544482342,2.435899457714986,0.82,1,-9.180051674004416,0.18795862344515604,SAM,True
94,0.08681863359174222,2.0000000000000004,0.66,1,-10.249768738996233,0.14629425839661644,SAM,True
95,0.6584545293219823,3.6695389125540117,1.24,2,-12.02695035456612,0.4281557306652699,SAM,True
96,0.9163409961831297,3.8820557896671546,0.93,1,-1.384037116795584,0.3007288679464632,SAM,True
97,0.3145546243052913,3.725442616344595,0.97,1,-259.67720262188664,0.3424178718573234,SAM,True
98,0.3829533169787996,3.7180938681594786,0.97,1,-32.86541542827245,0.3220032314603319,SAM,True
99,1.082198607683506,4.27594301798938,1.0,2,-1.8085577818991152,0.22872866737778022,SAM,True
100,0.4870624484861579,3.7029542052408697,1.24,2,-47.761124452007145,0.4626017563074597,SAM,True
101,0.7715450348639181,3.9506862735628543,1.0,1,-7.508904639897773,0.2870358799905861,SAM,True
102,0.8746688919883763,2.1224533260416054,0.68,2,0.9460269040676109,0.12840834507961987,SAM,True
0,0.457932171692274,3.79746810334152,0.85,2,-25.39139253552775,0.27366868544468514,SAM,True
1,0.30717550148688455,3.62619573612299,1.05,1,-207.60515758748932,0.38346820159564354,SAM,True
2,0.3626262261948551,3.9066286674416695,0.79,1,-11.303603646739713,0.21441207536442394,SAM,True
3,0.10013135783536958,3.4792751156110153,0.4,1,-63.92300811258072,0.12866766131669635,SAM,True
4,0.1415888852795283,2.0000000000000004,0.85,1,-3.657428893417835,0.1644138181375059,SAM,True
5,0.16283317534552888,2.0000000000000004,1.32,2,-14.523437225575421,0.2711083724973566,SAM,True
6,0.6359939355170725,4.149676662415712,0.78,1,-6.371901417489271,0.2665830645893807,SAM,True
7,0.5502399905872314,3.7637483279888553,1.08,2,-33.15678045011567,0.35495890450214684,SAM,True
8,0.5552605027522353,3.949999174322349,1.05,2,-31.565675408009767,0.32189211717968297,SAM,True
9,0.136539112957124,3.5252026000971384,0.5,1,-149.96538181831068,0.1759888000238782,SAM,True
10,0.09433788253015599,2.0000000000000004,0.99,1,-45.492517076080766,0.21097411250662165,SAM,True
11,0.38190489117923015,3.9733119478110988,0.77,2,-24.8578261523045,0.23719715945860365,SAM,True
12,0.3954619179027814,3.625515858480887,0.43,1,0.3302204865072681,0.10268142414937413,SAM,True
13,0.11670620725018616,2.0000000000000004,1.13,2,-17.917986498014667,0.25666030071789797,SAM,True
14,0.2986356868838117,3.7364463559056706,0.75,2,-61.37100481246644,0.27360017592442093,SAM,True
15,0.46139861397051146,3.894178470669129,0.7,1,-12.747189633484473,0.2159612591140939,SAM,True
16,0.690608640882536,2.7981977182980518,0.95,2,0.7783014421612882,0.24245126648226076,SAM,True
17,0.6098628475057335,3.670665103117045,1.28,2,-21.200139601028177,0.4436372455334868,SAM,True
18,0.19622090289441546,2.0000000000000004,0.99,2,-1.862640140321305,0.19429081262474035,SAM,True
19,0.8318208600785808,2.8249087319020467,0.87,2,0.9286883256211067,0.11263384589438052,SAM,True
20,0.49117159394911036,3.4412639965856036,0.81,2,0.7875257361870949,0.07863049412797506,SAM,True
21,0.41140880009086217,3.7381595602363515,1.08,1,-186.13849093751185,0.35875669823319434,SAM,True
22,0.08334581537917768,2.0000000000000004,0.95,1,-86.28080735752995,0.20304669946444054,SAM,True
23,1.3000216199265733,2.3822514018350818,0.86,1,0.9466779139260079,0.1748072395717629,SAM,True
24,0.41459488783388354,2.460907388022414,1.02,1,0.2221473474485971,0.21805727149080573,SAM,True
25,0.6698900309615163,3.7170156920209285,0.62,2,-0.2543477815945332,0.19160454338459737,SAM,True
26,0.5315602836618073,3.717150974706107,0.97,1,-13.34909989409504,0.3319084294845937,SAM,True
27,0.2614574656944412,3.7044259615427526,0.87,2,-291.7613315324579,0.3104983640648589,SAM,True
28,0.07425055645819532,2.500459596849352,1.14,1,-12.66717291221161,0.2975260194764116,SAM,True
29,0.8082118616000828,4.180135530840618,0.56,2,0.08570706596775035,0.1589826464569391,SAM,True
30,0.07418563151466966,2.0000000000000004,0.76,2,-26.95131858958189,0.15948573577759087,SAM,True
31,0.3166573536193465,3.6608620460369212,1.03,1,-596.570229659816,0.35433808848869736,SAM,True
32,0.2663209956898943,3.715508188894126,0.72,2,-58.7511041528894,0.24621712524209205,SAM,True
33,0.5128923853064,3.7419401566469546,0.98,2,-20.500071985595586,0.32775573171450295,SAM,True
34,0.17473105049306997,3.4921564194797,0.75,2,-185.66735197298485,0.2501268272042517,SAM,True
35,0.23123582947525312,2.7323862159894414,0.66,2,0.28761018962801055,0.1469147983664618,SAM,True
36,0.29010831682540256,3.7554742539054997,0.67,2,-69.13641888166327,0.22950326624242262,SAM,True
37,0.17986887871857563,2.4491645855395334,1.41,2,-5.834648226255631,0.3262347960890326,SAM,True
38,0.5374757517379427,3.919095631833292,0.91,1,-28.331940997978947,0.27754345636539945,SAM,True
39,0.26559265578313535,3.5472856530204773,1.19,2,-992.8040439448889,0.41803170105539766,SAM,True
40,0.2921318727294066,3.6489287713642473,0.85,2,-45.553864103761946,0.26397667689603754,SAM,True
41,0.45529673142959,3.786438827613667,0.98,2,-76.97308255524213,0.3134559954103386,SAM,True
42,0.27067359352579196,3.657064340114986,0.59,1,-24.649168593126802,0.19358321539147438,SAM,True
43,0.12611112785760786,2.0000000000000004,1.0,1,-14.365141973991758,0.2066748172420098,SAM,True
44,0.19133726680643576,3.6770275475394247,0.55,2,-199.64373481421842,0.1789714106379615,SAM,True
45,0.3645861947503488,3.727024288050374,0.84,2,-45.34930113937985,0.2985700493592428,SAM,True
46,0.2729587340510117,3.6305795828649376,1.03,1,-774.7448731709362,0.36891283597769947,SAM,True
47,0.2588936852512574,2.0000000000000004,0.72,2,0.3325704672617703,0.1363504915193874,SAM,True
48,0.19573630803521316,2.0000000000000004,1.2,2,-4.282735957787185,0.24261772576602877,SAM,True
49,0.2958628021609057,3.5543776426860414,1.11,2,-180.4300115853735,0.40276343883053534,SAM,True
50,0.3640931033600207,3.6263817344241605,0.83,1,-24.325764468308826,0.2711208435797555,SAM,True
51,0.08122133664911278,2.488444082144031,0.92,2,-12.406625386815225,0.23267451093910663,SAM,True
52,0.07901455548779988,2.5413095914787176,0.91,2,-10.470136910766541,0.2471849247250556,SAM,True
53,0.6830534526239582,3.8909814531086,1.07,2,-14.476371666105008,0.3426176968779583,SAM,True
54,1.5296907542774656,4.166423150207878,0.85,2,0.7432686636040073,0.16788233847616274,SAM,True
55,0.19055140899492254,3.642722264291716,0.74,2,-982.2670062671004,0.2628015877429228,SAM,True
56,0.3763684308352496,3.5783613930918454,1.17,2,-96.258075260899,0.4087406868693398,SAM,True
57,0.39619209618535683,2.0000000000000004,0.83,2,0.6624766734184656,0.14890977629478652,SAM,True
58,0.3384286364120525,3.758229830907748,0.57,1,-2.5027142049329174,0.13619667315289147,SAM,True
59,0.07779864315197754,2.0000000000000004,0.92,2,-40.58193307623237,0.20470615251355764,SAM,True
60,0.14723456801370916,2.3680267725668016,0.68,2,-1.4380428460522032,0.15634082087070414,SAM,True
61,0.1946283146822701,3.5166135547652724,0.68,1,-109.7389893949557,0.23460969137882767,SAM,True
62,0.20667685899100652,2.0000000000000004,0.75,1,-0.7045757678051261,0.1558629394110332,SAM,True
63,0.5060963366792363,2.6769214330110835,1.05,1,0.6039618797800438,0.23423883128872536,SAM,True
64,0.6949428253814501,3.7840925377498134,0.95,2,-4.8488086352744215,0.3005255509792859,SAM,True
65,0.1295177214963756,3.4771498790701485,0.53,2,-30.651343592952557,0.1664474017831077,SAM,True
66,0.3939363097604239,3.709420686795293,0.8,1,-24.600795318966995,0.27101417263699756,SAM,True
67,0.2019810169060879,3.7196150107179085,0.6,2,-78.19753478058773,0.18755366444872743,SAM,True
68,0.5794868676825801,3.8159751782955253,0.83,1,-6.623251573761073,0.2850493167709301,SAM,True
69,0.20320153535897245,3.5421751122344878,1.0,1,-5214.810978462237,0.3564507756133241,SAM,True
70,0.32344967042488265,2.0000000000000004,1.05,2,-0.039336024153844074,0.19898545261204473,SAM,True
71,0.578936078778245,2.801627427341781,0.61,1,0.8006582675074609,0.17070677508259305,SAM,True
72,0.22374797527105392,3.45203974633221,0.68,2,-6.279351148029747,0.21708240897886924,SAM,True
73,0.08449425932966267,2.0000000000000004,0.96,2,-91.10161998968493,0.20998488176547772,SAM,True
74,0.532363681691731,2.433946080955752,1.05,2,0.5496752093012655,0.23636159307311996,SAM,True
75,1.298306081791097,4.334591261901594,1.28,2,-1.6341857832538587,0.24220511429997393,SAM,True
76,0.1547854790621265,3.7735592053288256,0.41,1,-138.86763203969574,0.1384263905093184,SAM,True
77,0.13093168860918708,2.571849742633999,1.0,1,-4.226678986231978,0.23507524380862424,SAM,True
78,0.08816097343930754,2.0000000000000004,0.8,2,-38.43720445221585,0.16696872221861164,SAM,True
79,0.1375780416985483,2.0000000000000004,0.82,2,-4.30836437244151,0.16190272059647817,SAM,True
80,0.43100015448644924,2.6299718130087575,0.6,1,0.7903046781597306,0.12085837593409754,SAM,True
81,0.12275097668645941,2.0000000000000004,0.84,1,-7.486968567352289,0.17871820552231465,SAM,True
82,0.4796439647492777,3.7355219047890076,0.92,2,-16.979612141738542,0.32696601321051305,SAM,True
83,0.22899513367120317,3.655340480851711,0.62,1,-61.16076711841282,0.2276052761005642,SAM,True
84,0.21642713451153367,2.0000000000000004,0.92,1,-0.7279428623686799,0.19010390048793144,SAM,True
85,0.24677688250627489,3.6701812411434593,0.82,2,-279.3076396922071,0.2819688970831667,SAM,True
86,0.07043905248983277,2.4289186482939193,0.89,1,-25.1126700143189,0.22448155707525833,SAM,True
87,0.2063236509899221,3.560340077271541,0.94,2,-1974.0377943305557,0.3406368600385465,SAM,True
88,1.1692878504195565,4.230691248916944,0.92,1,-0.5761986427421764,0.306356091264202,SAM,True
89,0.05326280386823257,2.0000000000000004,0.77,2,-196.63548732346126,0.16497388568895943,SAM,True
90,0.1391022233031379,2.0000000000000004,0.91,2,-5.334124881159727,0.17106327335514468,SAM,True
91,0.1790474992263325,2.0000000000000004,1.14,2,-6.040007494062214,0.23708935496303787,SAM,True
92,0.19232663263287408,3.4517677732659253,0.88,1,-107.3578177134904,0.29409203749971013,SAM,True
93,0.21118957765677251,2.0000000000000004,1.16,1,-5.1605840769285365,0.23740607316115556,SAM,True
94,0.9638493450595504,4.161654150779005,0.89,1,-1.3845304619445877,0.24160859376556967,SAM,True
95,0.1948089287239784,2.0000000000000004,1.09,1,-2.7627988436865687,0.22726533289533088,SAM,True
96,0.13137337688406034,2.0000000000000004,0.83,1,-4.992724277586503,0.1765978378696373,SAM,True
97,0.2312801102426258,3.7336547561307905,0.61,1,-101.79007009884405,0.21720868830382564,SAM,True
98,0.3455594923083257,3.666749114825612,1.05,2,-431.3674648489246,0.3573267916691049,SAM,True
99,0.2905483828862711,3.5351157500209793,0.81,1,-28.26784762732611,0.28602920681486516,SAM,True
100,0.1443953269428902,2.0000000000000004,1.22,2,-18.126773314610524,0.2718563077944948,SAM,True
101,0.049065547423985736,2.5364306219028268,0.27,1,-2.749231832715294,0.0632107099821147,SAM,True
102,0.5121907856903198,3.774522222574923,1.18,2,-118.72241947397082,0.37402786577944913,SAM,True
103,0.18330683929620167,2.0000000000000004,1.4,1,-13.251685162574384,0.29415975517680887,SAM,True
104,0.43469255426730646,3.857193852313475,1.01,1,-35.17489704704215,0.30402738353431286,SAM,True
105,0.1271734768485163,2.0000000000000004,1.14,2,-22.806533425955156,0.2284687443052441,SAM,True
106,0.09955703819693744,2.0000000000000004,1.14,2,-70.27080123868413,0.23632742262099515,SAM,True
107,0.67270035732371,4.006371190565236,0.97,2,-12.623461390694331,0.2950718649978571,SAM,True
108,0.24924389244191614,3.664959519130772,0.83,2,-223.39628303354,0.28502706943282213,SAM,True
109,0.10410047807212923,2.0000000000000004,0.95,1,-14.872053290776366,0.21895048498993858,SAM,True
110,0.5406872597625495,3.5793935439852236,1.07,2,-2.327236385978426,0.23748617755028512,SAM,True
111,0.538555813541113,3.742219560657014,1.13,1,-42.68329701910253,0.36694841880509915,SAM,True
112,0.36620576465450944,3.74959989546399,0.76,2,-33.43186165461042,0.25406169552334895,SAM,True
113,0.9540061130357229,4.128534074865415,0.81,2,-0.6839279979185193,0.21749752813769335,SAM,True
114,0.08871764994654857,2.444817987703983,1.03,1,-17.03734685246197,0.25399818966784643,SAM,True
115,0.36241136200226204,3.670737640664778,1.22,2,-143.47765230738503,0.39373887289917975,SAM,True
116,0.17638794186641338,2.0000000000000004,1.25,2,-6.958237114150772,0.25598461750253176,SAM,True
117,0.17371324454187342,3.5123313533863194,0.73,1,-87.94714172354864,0.23847273331005384,SAM,True
118,0.46240515208235416,4.422909390993129,0.39,1,-1.5922538548280656,0.12491107217620913,SAM,True
119,1.635749884029025,4.498718448790543,1.1,1,-0.14358147807078891,0.33168722455292204,SAM,True
120,0.3367649319596601,2.549436383195295,0.88,1,0.28874961534382904,0.206490421350499,SAM,True
121,3.9035784922067647,6.027898274538439,1.06,2,0.939920982585191,0.17888723162402748,SAM,True
122,0.48411116495753426,4.010057378484318,0.81,2,-14.7826839547603,0.2963186673271787,SAM,True
123,0.9217292509150486,4.052304117024943,1.01,1,-3.6872869280934895,0.27875187616579994,SAM,True
124,0.5225286851522293,2.0000000000000004,1.14,1,0.6152854378476057,0.20280681267856063,SAM,True
125,0.2409602436744722,3.564860096748972,0.95,2,-339.0457298550456,0.3410214650288536,SAM,True
126,0.16416293369577556,3.55882479120846,0.72,2,-600.6967593480449,0.24646968337663475,SAM,True
127,0.9345881278441901,2.458668282988655,1.06,1,0.8356859665642831,0.2463083880678723,SAM,True
128,0.31962200024650717,3.5718390029671507,0.91,1,-43.92997753358888,0.3227776775181136,SAM,True
129,0.5674794829552243,3.695060003998773,0.61,1,-0.4220694944382035,0.15342366025937235,SAM,True
130,1.3904200945635672,3.7803821227447534,0.81,1,0.7392237657501055,0.19798193881533102,SAM,True
131,0.3295932223025417,3.6683455991350407,0.78,2,-25.549688707651505,0.22688644060884858,SAM,True
132,2.9020004877968613,11.999999999999998,0.47,2,0.6815478675082067,0.20729656023073506,SAM,True
133,0.11721995307190088,2.811200628284954,0.63,2,-1.480786282267856,0.15412308580650688,SAM,True
134,0.40784780955682737,3.7545209917329094,0.94,2,-59.10667236788882,0.32577100085741095,SAM,True
135,2.1675703845197214,4.441974285425434,1.38,2,0.2516779887830136,0.316492548592606,SAM,True
136,4.999999999999996,9.104761814932036,0.71,2,0.9584313425530762,0.14116025273180574,SAM,True
137,0.8505148471690889,4.215739190133303,1.18,1,-8.24454643446243,0.3779184117011587,SAM,True
138,0.12106278668705339,3.6570226976325397,0.4,2,-227.05999170754865,0.14562725922328204,SAM,True
139,2.016556435849255,5.146568156445301,1.16,1,0.5221819026354423,0.23947585198071422,SAM,True
140,0.6860101013103157,2.7217080865522703,0.82,1,0.8964225310594897,0.13907489940224485,SAM,True
141,0.7104971556549068,3.948356444677331,0.95,1,-5.730367024618126,0.33563190809899635,SAM,True
142,0.5905849091319904,4.001543088558673,0.83,2,-13.54389663321361,0.2463107634100722,SAM,True
143,1.326925759641444,5.224131044710213,1.24,1,0.8708380873788784,0.11970319864713473,SAM,True
144,0.4995831595168825,3.6749834678615585,0.95,2,-15.193197066374875,0.3094052199703128,SAM,True
145,0.9612593224278978,3.86925404786359,1.0,1,-1.5325698547088704,0.31992144854728466,SAM,True
146,2.832150635089646,4.469842132023537,1.21,1,0.7418910381332049,0.3396879609420188,SAM,True
147,0.1576460684158313,3.5354648016981773,0.7,1,-700.9471820370073,0.23897787079671393,SAM,True
148,0.5603663363674675,3.704346598090723,1.0,1,-13.942121444114004,0.3100953498946881,SAM,True
149,0.661965635748123,3.989878655084685,1.27,1,-25.49060654494576,0.41382377341834115,SAM,True
150,0.2897158661776608,3.640236494322937,0.98,2,-424.0847721240789,0.34874203095184875,SAM,True
151,0.343802459215733,3.4610590675514175,1.39,1,-134.61483551786836,0.46793413775743603,SAM,True
152,0.4613257607206008,4.11475262020999,0.55,1,0.5769266148379459,0.08673524133557688,SAM,True
153,0.6318616242485257,2.0000000000000004,1.05,1,0.7939160793376947,0.18753220033856033,SAM,True
154,3.5228881134680524e-13,8.865593390698491,0.34,1,0.5803550100918722,0.1533556602912855,SAM,True
155,0.5443787839338582,2.6464807495278353,0.54,1,0.868692351351921,0.12968011280991876,SAM,True
156,0.24963200895905877,3.526505364601702,0.84,1,-25.17282070205605,0.260016506254359,SAM,True
157,0.06368385601020045,2.0000000000000004,0.79,2,-98.8494577381093,0.1665957840789642,SAM,True
158,1.837074214979582,2.9106657531153894,0.58,1,0.4744404571969908,0.40788343984189784,SAM,True
0,0.22455974721133934,3.5935823639264317,0.94,1,-667.2616931177998,0.32250310063138093,SAM,True
1,0.1772273879314256,3.623875882525006,0.6,1,-155.91835015941183,0.19180181962476925,SAM,True
2,0.6680365909136765,3.8427574400248243,0.8,1,-2.9780533129532434,0.23878649370379157,SAM,True
3,0.24007582215597587,3.6349290378782833,0.82,2,-359.17765287282606,0.28385796223495285,SAM,True
4,0.34906646191688806,2.0000000000000004,0.84,2,0.5135420725831232,0.1511232171983099,SAM,True
5,0.0926378728610008,2.0000000000000004,1.01,2,-44.96713577290445,0.21047324869376094,SAM,True
6,0.6326109056221649,4.243248502074004,0.94,2,-5.215751208449839,0.25974938247720236,SAM,True
7,0.18160715767348404,2.0000000000000004,1.19,1,-4.482517486852133,0.25756881852473534,SAM,True
8,0.09203010082956097,2.0000000000000004,0.94,1,-29.2849022558247,0.20292904841687945,SAM,True
9,0.6649829311932881,3.5588514604059593,1.07,2,-3.880189874496083,0.35169078960253525,SAM,True
10,0.047870701552534055,2.0000000000000004,0.63,1,-70.33802052469309,0.13749391055259017,SAM,True
11,0.20097540457116134,2.0000000000000004,1.02,1,-2.085625223137391,0.17547634541932916,SAM,True
12,0.08636556483642548,2.0000000000000004,0.74,1,-21.81677188462496,0.15748597092626163,SAM,True
13,0.8064011221601483,3.976880197976941,1.16,2,-13.66134145645566,0.3473425676827454,SAM,True
14,0.5943612719787889,4.15524710932817,0.63,1,-3.351405380348435,0.21214253147426024,SAM,True
15,0.2518649782957861,3.576702365613383,0.94,2,-255.4643227873363,0.3402318867085978,SAM,True
16,0.4337155731223254,3.9385184054000573,0.88,2,-9.249574221641483,0.22531706782147176,SAM,True
17,0.20524195415984617,3.6874019309381767,0.72,2,-124.5473842605564,0.23582296184226023,SAM,True
18,0.17551494558182512,3.6770130773317624,0.6,2,-233.69780827803777,0.20381159213138467,SAM,True
19,0.09735766076120529,2.0000000000000004,1.07,2,-36.841167455509904,0.23198317764124185,SAM,True
20,0.24221476341200662,2.0000000000000004,1.01,1,-1.7003974208998591,0.20511743943578112,SAM,True
21,0.06848233608655888,2.4806807751357605,0.84,2,-9.179157451204647,0.21706398838191357,SAM,True
22,0.24319216972231578,3.577499888725457,0.81,2,-118.99056843331402,0.2939496695601372,SAM,True
23,0.19796856074425465,2.4614606865326785,1.14,1,-1.9593664147120684,0.2532101570290507,SAM,True
24,0.33948880998628717,2.0000000000000004,1.03,2,-0.01799059561145544,0.18776032780506832,SAM,True
25,0.1908181257925006,3.7122631836140814,0.43,2,-52.005218363539726,0.1350796667506436,SAM,True
26,0.3939494414004785,3.645185890613008,0.75,2,-11.75659169592257,0.24257990312480174,SAM,True
27,0.3321112660295275,3.893016754440876,0.61,1,-21.299975530081706,0.21998499925582574,SAM,True
28,0.10155712101416933,2.0000000000000004,0.68,2,-11.0014282699782,0.14274419393616777,SAM,True
29,0.7525684590265462,3.6618043025065226,1.34,2,-10.985265005560866,0.4400128285391016,SAM,True
30,0.21509553477688334,2.811467455996784,0.87,2,0.05175165288334349,0.20247354258900882,SAM,True
31,0.5134273988103034,4.745020699609304,0.49,2,0.5384185113345819,0.07810827454547574,SAM,True
32,0.252880760639177,3.7317630954879517,0.67,1,-76.91099942748137,0.24502538041766794,SAM,True
33,0.26917202244600424,3.7276956368877494,0.83,1,-275.3079021513786,0.28041837648995266,SAM,True
34,1.1729223794027814,4.414157393857013,0.85,1,-0.2931558123966984,0.22543518675484148,SAM,True
35,0.45340780089945665,3.867290491267071,0.96,1,-36.41403623090266,0.3459350224055321,SAM,True
36,0.20902561106616194,3.704026706535958,0.69,2,-319.4289555415994,0.24198841217138328,SAM,True
37,0.24254341851533548,3.6645752877292845,0.82,2,-589.6423822519938,0.28325405770281703,SAM,True
38,0.7277312116387945,3.855049889076377,1.01,1,-6.965101860676505,0.30374281094570343,SAM,True
39,0.30266402236193657,2.5473510511560176,0.93,2,-0.3022769102612559,0.2098747717658353,SAM,True
40,0.8618737962785391,4.037452039018262,0.8,1,-1.171676179168648,0.24953111671060277,SAM,True
41,0.2995904635733665,3.7125662243454376,0.95,1,-143.14572308861207,0.30576375608963674,SAM,True
42,0.1732789005300494,3.6150921600499313,0.73,2,-1109.03016379169,0.26030029042981245,SAM,True
43,0.1365128830418849,2.6288426554404087,0.65,2,-0.5420724868616997,0.15356649312261475,SAM,True
44,0.2587729276830723,2.0000000000000004,1.03,2,-0.5262521957615138,0.2127520519438037,SAM,True
45,0.19376837991283605,2.462619088913518,0.87,1,-1.4770476518604436,0.20410163255084782,SAM,True
46,0.3551050226881003,3.8172832942375714,0.84,1,-60.84164912433691,0.27684106302404266,SAM,True
47,0.1267534410841364,2.6244168556654572,0.7,1,-1.6707291465836542,0.13686387296392444,SAM,True
48,0.39443711434905265,3.642199131556108,1.39,1,-1336.2540963733404,0.48519090173411467,SAM,True
49,0.26987952525386094,3.552008447678166,0.98,2,-240.51718915706437,0.3361239740271186,SAM,True
50,0.08548925686390357,2.0000000000000004,0.95,2,-69.98296599180782,0.20271346487670094,SAM,True
51,0.1982674602559172,3.6886636978398855,0.65,2,-217.1593305816171,0.23107249113611678,SAM,True
52,0.07322416644274232,2.0000000000000004,0.78,1,-34.775182795128835,0.1624915871979743,SAM,True
53,0.15161914101015883,3.4325005338183536,0.59,2,-32.68509691007305,0.18270354028864905,SAM,True
54,0.6704130236694995,3.974199336670632,1.17,2,-25.3374094624262,0.3573640230730091,SAM,True
55,0.3431470170478418,2.42451927757398,1.2,2,-0.12551783859536325,0.23132313611857738,SAM,True
56,0.4476243787195691,3.6672149773673377,1.12,1,-17.502965355501118,0.3312261201359188,SAM,True
57,0.619887782975213,4.404085020097568,0.75,1,-3.478176865824955,0.23556730583345206,SAM,True
58,0.290638066516889,3.4728476306917475,1.28,2,-217.7289792676085,0.45621677688560025,SAM,True
59,0.5079726810818982,4.182398782935728,0.72,2,-8.178011871345197,0.22886419984271972,SAM,True
60,0.23134085742302957,3.653496197844991,0.77,1,-188.54832901803363,0.28328936976693153,SAM,True
61,0.21228353917710438,3.6916113709529528,0.63,2,-326.9714354069845,0.21282888653577695,SAM,True
62,0.3481507716408702,3.827845590766601,0.94,1,-50.67032215747462,0.2970904367464166,SAM,True
63,0.25425707253126334,3.7834122685164737,0.75,2,-18.420870298043795,0.21306677257117138,SAM,True
64,0.2834669795777103,3.470850663093723,1.05,1,-42.78081929984677,0.3313187076497474,SAM,True
65,0.18701236283552367,3.5430942531012803,0.77,1,-210.09424393061684,0.2843063434808876,SAM,True
66,0.09855712230981517,2.0000000000000004,0.89,2,-12.919609168770473,0.19813007089636786,SAM,True
67,0.1353159796844974,2.0000000000000004,1.11,2,-24.39247882873099,0.235534439192782,SAM,True
68,0.7485681382638988,2.532841284351986,1.23,1,0.63153083301768,0.2731291194108381,SAM,True
69,0.35306720308483924,3.6484590507216303,0.71,2,-14.977888892490459,0.21984466309142764,SAM,True
70,0.34365263981343674,3.753146067050963,0.95,1,-71.01195760162679,0.29328996483807485,SAM,True
71,0.6388902060374191,4.0276039525725364,1.03,1,-15.78641023993043,0.3464283381960203,SAM,True
72,0.07897642956556838,2.0000000000000004,1.03,2,-100.5210864758055,0.2186139672329977,SAM,True
73,0.659818014305613,3.974016206369138,0.77,1,-4.418523844969379,0.22955127915427953,SAM,True
74,0.6610667072324864,3.7910376641303163,1.72,1,-68.36650670574929,0.5346478050953917,SAM,True
75,0.134128347818759,2.0000000000000004,1.0,1,-9.569688320313947,0.20653504626476887,SAM,True
76,0.08809841802125232,2.0000000000000004,1.22,2,-158.65625995202922,0.26545411447635847,SAM,True
77,0.37016820822443,3.6048742580970896,0.82,2,-17.59738974108031,0.28087253939478135,SAM,True
78,0.15399934467745527,2.6188511101289573,0.7,1,-0.5693354562975341,0.15351652219890868,SAM,True
79,0.09292947288470745,2.0000000000000004,0.87,2,-18.180219824716527,0.18548662086354975,SAM,True
80,0.07836326110420405,2.0000000000000004,1.1,1,-179.0587302034893,0.23280394711269453,SAM,True
81,0.22991312966522326,2.567809681651133,0.61,1,0.13179438834879087,0.14808780119456758,SAM,True
82,0.7690299136783454,3.799599706846276,1.23,2,-10.439031633272943,0.4115095466447881,SAM,True
83,0.3198375359924078,3.633993834953842,1.09,2,-338.02087097870367,0.3849757965860321,SAM,True
84,0.13224824634585944,2.4654077369273444,0.49,2,-0.11793584880179253,0.10686327438809022,SAM,True
85,0.16202366690561862,2.0000000000000004,1.06,1,-5.501800500138984,0.21307762175430467,SAM,True
86,0.3291756601657737,3.636140521001426,1.11,1,-372.6698445314337,0.3921575719214878,SAM,True
87,0.20971600179670635,3.49147789451151,1.02,2,-300.75884535574943,0.34324732130156355,SAM,True
88,0.20603214342919565,3.7140448830608657,0.64,1,-64.93897687897399,0.20133714368222783,SAM,True
89,0.33546706841414115,3.699017494776885,0.67,1,-17.125316748749544,0.24545986771300482,SAM,True
90,0.156072517727887,2.5054539543767333,0.75,1,-0.987653607245077,0.16064643484750152,SAM,True
91,0.2648720473646094,2.0000000000000004,0.67,2,0.47298011966217146,0.1328449762429597,SAM,True
92,0.10717780140860919,2.0000000000000004,0.63,2,-3.20826383333336,0.13546484267951883,SAM,True
93,0.2950637086883201,3.9410370260002296,0.67,2,-25.070416700002845,0.21164391594675452,SAM,True
94,0.18335461807060568,2.0000000000000004,1.21,2,-10.60728097502763,0.24462228080419762,SAM,True
0,0.1289095991935413,2.0000000000000004,1.08,2,-18.533541539992772,0.22071849175078645,SAM,True
1,0.25999842023918945,3.7642324008296346,0.67,1,-43.0476709420518,0.20574102969170338,SAM,True
2,0.274902012567773,3.7102201463405238,0.66,1,-49.24995601897032,0.23589148203605606,SAM,True
3,0.18582848979991254,2.0000000000000004,1.02,2,-3.9252091261242272,0.21255049285206565,SAM,True
4,1.9938329786767617,5.160595783718235,0.98,1,0.7880293945469609,0.1465407193787754,SAM,True
5,0.24299278244603836,3.5746114389575814,0.79,1,-45.39089801266097,0.2481105923310824,SAM,True
6,0.13464017807068634,2.0000000000000004,1.05,2,-11.19978842903508,0.21745880510360713,SAM,True
7,0.34476960345794433,3.7126154855749616,1.15,1,-235.83817432804898,0.3970950617747238,SAM,True
8,0.15520257416062416,2.497846671784836,0.87,2,-1.4008301777008239,0.19733251383745115,SAM,True
9,0.3309124999897541,4.022513868662391,0.58,1,-15.739530431320361,0.20443684258078118,SAM,True
10,0.10653286875381027,2.0000000000000004,1.06,1,-32.825614472784125,0.2316220576249477,SAM,True
11,0.429320085910387,3.747122292987369,1.21,2,-109.8944759960355,0.4409763228650808,SAM,True
12,0.2468477716355313,2.0000000000000004,1.41,2,-4.288401941720279,0.2873097238945969,SAM,True
13,0.4993917522493661,3.8259568102708355,0.99,1,-14.505432507827972,0.30541480170072277,SAM,True
14,0.12391212386601197,2.75403435205798,1.03,1,-3.6327873350111206,0.28203518694159513,SAM,True
15,0.23111994487777213,3.6591398241667097,0.83,1,-684.650435938304,0.287450402739194,SAM,True
16,0.13652025320399613,2.455981178810974,0.76,1,-1.7137190646628677,0.1625697080355122,SAM,True
17,0.5536387318169546,4.034248171083673,0.8,2,-7.853427569218068,0.19991511748411753,SAM,True
18,0.1612140632623479,3.5441617709869147,0.76,2,-1390.8752238787213,0.269030689033228,SAM,True
19,0.836937675259241,3.889819470121019,0.88,2,-1.9102291916076903,0.2808369522774062,SAM,True
20,0.15475995292941594,3.5555840278535342,0.6,1,-317.1260325714388,0.214589709014006,SAM,True
21,0.21972601096050667,3.6248398543567504,0.76,1,-278.7357044565814,0.25510334040302,SAM,True
22,0.07382737572284923,2.0000000000000004,0.85,2,-68.33369199320339,0.18829359186558764,SAM,True
23,1.0575687583053714,2.0000000000000004,0.77,1,0.9856345228117717,0.07624577274064247,SAM,True
24,0.5271529435578177,3.7279023551528248,0.72,2,-3.8009154127597204,0.22760226158280106,SAM,True
25,0.6039314868805947,3.7722095887675535,1.41,1,-71.66140073999382,0.4887336179009882,SAM,True
26,0.40476561533454963,3.7417539865788747,0.98,2,-23.431811955838846,0.2727918439535394,SAM,True
27,0.22056459711495774,2.0000000000000004,0.96,1,-1.377353643854538,0.18533625374637966,SAM,True
28,0.261616912619901,3.738030273879633,0.69,1,-28.92454203845933,0.19426691802060217,SAM,True
29,0.25671779481364265,3.5473494904045557,1.14,2,-999.3135790082779,0.399699989621481,SAM,True
30,0.3622731876388523,3.5622117656244265,1.28,1,-225.8299944612252,0.44346289235733977,SAM,True
31,0.41459007117620383,3.622620887111574,0.67,2,-4.891056728680817,0.2267254252292676,SAM,True
32,0.17175166841289705,2.0000000000000004,0.99,2,-4.36701505765588,0.19527017567583485,SAM,True
33,0.30886440502930035,3.659739003325143,0.9,1,-49.08607962362299,0.2725980762455819,SAM,True
34,0.35893364417813783,3.7899329439714147,0.7,2,-27.70257819719172,0.24730147289020796,SAM,True
35,0.29886466576045,3.6338497866669597,1.11,2,-314.20877046337205,0.38432236176344403,SAM,True
36,0.23304425335399045,3.522912962392927,0.94,2,-85.20515676166623,0.3137766269005176,SAM,True
37,0.0882614180779255,2.0000000000000004,0.9,2,-31.924530977624904,0.18795749982108065,SAM,True
38,0.977898863854836,3.690916375430443,1.57,2,-6.791556783838279,0.525592711024221,SAM,True
39,0.20212127859023646,3.6170589607875456,0.75,2,-430.3655972731258,0.2550065955792589,SAM,True
40,0.3028459930956955,2.0000000000000004,0.9,1,0.023595139105223373,0.16916459198079153,SAM,True
41,0.6428266822696829,3.759156761989643,1.36,1,-39.7080126935991,0.4708160453941455,SAM,True
42,0.25932196277978736,3.607545298303198,0.56,1,-15.74511183283564,0.1930993144081177,SAM,True
43,0.29696983217566014,3.6182434705809747,0.89,2,-116.54174078001125,0.3088086619773334,SAM,True
44,0.3552778539145533,3.718201883732366,1.15,2,-315.5309523101158,0.39971114342551295,SAM,True
45,0.32850111593699266,3.741483494375606,0.91,1,-135.85673747398866,0.29848573851285853,SAM,True
46,0.2876161164881075,3.6065781138837836,0.9,2,-93.5209989374215,0.32799825575844727,SAM,True
47,0.1849810802822231,3.5886075552290966,0.81,2,-1149.8544521946649,0.28421554144617683,SAM,True
48,0.18476932632957951,3.551463614985121,0.87,1,-2253.922633074541,0.30642287519247624,SAM,True
49,0.14979791446079502,3.500890751015445,0.66,1,-380.1791322930413,0.22663602554864762,SAM,True
50,0.5827874518917157,3.657332557937165,1.17,1,-14.907219287465253,0.40832556761418387,SAM,True
51,0.6692637792789154,3.5185747259233024,0.81,1,-0.7545518958660526,0.24032913651909665,SAM,True
52,0.1561442779045674,2.0000000000000004,0.71,2,-2.369871902003814,0.14405159632327233,SAM,True
53,0.13858366235002215,3.4737818102940707,0.67,2,-311.0933045938693,0.2269259686725793,SAM,True
54,0.22938795146069635,3.536519379162717,0.81,2,-144.1238138991747,0.28158452898189046,SAM,True
55,0.09997279386773267,2.543058033517651,1.03,1,-4.887062549062174,0.257061870660714,SAM,True
56,0.3885665945738397,4.322113281474894,0.49,2,-3.000352592554992,0.11546503844384087,SAM,True
57,0.6302582574279987,3.6920008074901247,1.21,2,-15.273160879499112,0.4120725200515228,SAM,True
58,0.3192358645280379,3.622724995132112,0.91,2,-38.39124216162936,0.32489553018307255,SAM,True
59,0.3460569468901815,4.219079949206984,0.6,2,0.22739883566286812,0.09730703944527126,SAM,True
60,0.10733866060229005,2.0000000000000004,1.11,2,-42.60709259381611,0.2288495536486212,SAM,True
61,0.27569216623241416,3.6179764677519413,1.12,1,-1015.8428108488408,0.40641843732080574,SAM,True
62,0.5746816780519524,3.7491583860761466,1.1,1,-22.68359634748016,0.36842899895364417,SAM,True
63,0.1010265420054077,2.0000000000000004,0.67,2,-6.819388789502572,0.12549545471779058,SAM,True
64,0.10989200934945265,2.0000000000000004,0.79,1,-7.594094194013678,0.16035438824207132,SAM,True
65,0.21328185502797362,2.4818755188156874,0.67,1,-0.41702823415221024,0.1434725605184421,SAM,True
66,1.045169665113021,4.0685610312290965,1.18,2,-4.804751462937435,0.3329834092472462,SAM,True
67,0.3959040421850106,3.7960563105706835,0.79,1,-50.48375123709311,0.23721231155252728,SAM,True
68,0.05524277026300201,2.0000000000000004,0.57,2,-35.26381206319535,0.11950032030235615,SAM,True
69,0.07936611350959427,2.0000000000000004,0.9,2,-51.325657742223925,0.19889768796904347,SAM,True
70,0.3129427436370388,2.0000000000000004,0.74,2,0.49405953861711116,0.13940516664703959,SAM,True
71,0.15117922878305612,3.5350579480821995,0.64,2,-469.1041257788303,0.22030331351435978,SAM,True
72,0.2467223519970065,3.5869513010971295,0.64,2,-43.35579891326764,0.20884855378802808,SAM,True
73,0.4020132385795895,3.8116772214498806,0.93,2,-24.513513683859365,0.2670875966046922,SAM,True
74,0.5978677171329342,3.6561489650453556,1.04,2,-7.991675688476262,0.3421709642951561,SAM,True
75,1.4799250554214194,4.327616093757351,0.84,2,0.6534275405078986,0.17155753215859132,SAM,True
76,0.8018595816462191,3.703349552862559,1.61,1,-20.56838711259898,0.5764491059357515,SAM,True
77,0.7885333143797142,4.517803483976645,0.91,1,-0.7468695615823573,0.19562518502265702,SAM,True
78,0.27151196727466614,2.4581140355881588,0.8,1,-0.21376023794383725,0.18053529968148738,SAM,True
79,0.10519928627638503,2.0000000000000004,0.86,2,-12.156050403229626,0.17336718602640575,SAM,True
80,0.08324247808999809,2.5308566491884465,0.89,2,-6.889659057259979,0.22179114985206425,SAM,True
81,0.08275958039806992,2.0000000000000004,0.86,2,-36.64773199939723,0.18550345807215843,SAM,True
82,0.25824793070146324,2.0000000000000004,0.84,2,-0.04765294620384397,0.15629066598595845,SAM,True
83,0.07169813654160272,2.0000000000000004,0.79,1,-40.17852518394162,0.17122823929178999,SAM,True
84,0.18470983480161096,3.898139286197876,0.35,2,-21.29911092444776,0.12002177159662845,SAM,True
85,0.4758515161165936,3.7998289674359986,0.97,2,-31.576699393701112,0.3483390030798851,SAM,True
86,0.18210062245799033,2.0000000000000004,0.9,2,-3.4941177188545387,0.18847281183973288,SAM,True
87,0.15848688312919929,2.4558776949877656,0.9,2,-2.4531249222708826,0.19292411503539947,SAM,True
88,0.11538201286678061,2.5810298702698313,0.96,2,-2.7917049760538126,0.23642260130282777,SAM,True
89,0.3478486411183692,3.7939180423063843,0.94,1,-26.677836302454573,0.27242697622455414,SAM,True
90,0.2792595113978802,3.580200765332933,0.77,2,-24.978942822120647,0.22256538191299774,SAM,True
91,0.43571239157557645,3.7179494610194492,0.94,2,-25.36334726512201,0.3413991985828247,SAM,True
92,0.6299180916154977,3.9632144252227834,1.09,2,-18.352055399600896,0.30817048974588307,SAM,True
93,0.3572357509417629,3.5056902211704073,0.78,1,-10.034465581093764,0.2759036165699114,SAM,True
94,0.3683832925104663,2.661435118756485,0.73,1,0.6719574440288192,0.1584398651893654,SAM,True
95,0.40302793753732424,3.4924422761526825,1.01,2,-5.703573195081145,0.2469503663964555,SAM,True
96,0.4008819543024056,3.957484705173322,0.73,2,-29.59962245279389,0.23595051831769442,SAM,True
97,0.14960236716935782,3.5962591717002175,0.63,2,-1450.1982108771579,0.22212775416373193,SAM,True
98,0.15670750222929133,3.5690725977542397,0.67,2,-890.9949525992603,0.23278465020358416,SAM,True
99,0.1106469742571259,2.6351269796323242,0.66,2,-1.7146566503502378,0.14866842335239713,SAM,True
100,0.10596262613344401,2.0000000000000004,1.07,1,-27.307470634720822,0.22502219467834023,SAM,True
101,0.14567275778298985,3.4630551595912022,0.77,2,-257.3603943953538,0.269322633149343,SAM,True
102,0.1797531292156159,3.6948564893248133,0.55,2,-87.1219722093742,0.18251056269472032,SAM,True
103,0.25978510779621244,3.7683817450249886,0.57,1,-17.157216905548825,0.1646467226148621,SAM,True
104,0.9779086011444815,4.459610317765767,0.91,1,-1.7778283306267615,0.2487940107890247,SAM,True
105,0.5604884991908904,4.006804194413059,0.82,2,-14.326528551471101,0.251215300140496,SAM,True
106,0.35499589504195983,3.481226963216786,0.64,2,-3.3078946871184254,0.17634515806405382,SAM,True
107,0.13777625063118504,2.0000000000000004,0.72,2,-2.0524573794880254,0.1358142538582215,SAM,True
108,0.4715553411535042,4.290485220285054,0.67,2,-3.607038793745372,0.16939921158772103,SAM,True
109,0.23015932662812955,3.734911997627846,0.55,1,-12.878722986052008,0.13938034756362233,SAM,True
110,0.27791535778153165,2.4111446958992997,1.13,1,-1.180564528964252,0.27177287582159043,SAM,True
111,0.23287556576356286,3.6492999949379925,0.89,2,-726.9800578034643,0.3093310504907119,SAM,True
112,0.16058859788758886,2.0000000000000004,0.82,2,-1.4599299603611282,0.14426182742273716,SAM,True
113,0.09097694679791654,2.0000000000000004,0.68,2,-15.577175079437218,0.14474424669877534,SAM,True
114,0.3465358221356326,3.610740728154805,1.17,2,-387.336885026626,0.39200610808236935,SAM,True
115,0.606391412707046,3.8609306924253977,1.13,2,-29.564866957774655,0.39214376960915437,SAM,True
116,0.3034580471533173,4.021066304339904,0.61,1,-12.327566327829532,0.1772520002300738,SAM,True
117,0.199392811293112,3.5108905077732544,0.79,2,-94.28718845794243,0.27031468254071694,SAM,True
118,0.31119369764677723,3.8332207799395617,0.75,2,-66.32947416308298,0.2575244818573471,SAM,True
119,0.4205443369919023,3.933536479399218,0.67,1,-18.171225374895148,0.2112936134666334,SAM,True
120,0.11301776460238087,2.0000000000000004,0.77,1,-6.099344568822862,0.15626981299787623,SAM,True
121,0.15210525360237293,2.0000000000000004,1.4,1,-21.07774649986009,0.2997970734071055,SAM,True
122,0.18406334645948264,3.435877952265685,0.77,1,-80.6955366494153,0.2558023788683672,SAM,True
123,0.07998376825400264,2.0000000000000004,0.76,2,-18.95544100242848,0.16214959403945378,SAM,True
124,0.8621859271861829,3.777518371840526,1.43,2,-12.88468415988219,0.46834901061621254,SAM,True
125,0.28070259099777695,3.7877790221896412,0.82,1,-93.92474659434917,0.2708377705025343,SAM,True
126,0.44584052436521093,3.7510646998795276,0.75,2,-10.094857689287673,0.25618800977493583,SAM,True
0,0.07435533649529576,2.0000000000000004,0.67,2,-37.236026539930265,0.13561396095329217,SAM,True
1,0.32386091967468017,3.6307177304487688,1.05,2,-409.3363371088057,0.36165550936413476,SAM,True
2,0.23755673352009968,3.5460724190075297,1.08,1,-986.2431263310784,0.3833291887178929,SAM,True
3,0.1976402973458154,3.5693475898620597,0.91,2,-752.8197924583023,0.3126946838047721,SAM,True
4,0.2928199484284751,3.7029097803291524,0.87,1,-308.79393196968635,0.29692466232910486,SAM,True
5,0.23010088723464392,3.4988408435357994,0.82,1,-75.60477405984912,0.2730080236353335,SAM,True
6,0.5085654132117353,3.8232556027265536,0.57,2,-2.0234461534386714,0.16807509201418674,SAM,True
7,0.22709855785106478,2.012633541855781,0.38,1,0.7840171453487383,0.06666217124142569,SAM,True
8,0.4442872730047217,3.750629946757933,1.13,2,-89.17535039030652,0.4016916292062842,SAM,True
9,0.35346210982431575,2.547267780151731,1.21,2,0.002120817856170576,0.26785271768443364,SAM,True
10,0.2257170277165648,3.727013604641195,0.54,1,-56.00366527609842,0.18861749000415057,SAM,True
11,0.40488834363215076,3.545725103180177,1.52,2,-266.1138808745935,0.5277622564014809,SAM,True
12,0.1372081340447402,3.538424027643942,0.62,1,-545.12966692004,0.2118641010746233,SAM,True
13,0.23826361001963284,3.501336670692152,1.12,2,-642.0975278091547,0.4023357785790899,SAM,True
14,0.4537410936317745,3.5447785556131306,0.97,1,-10.364684048308913,0.3449893860939485,SAM,True
15,0.3614876753418005,3.940787139435115,0.69,1,-25.820271524039125,0.20395383870602615,SAM,True
16,0.20754509995359666,2.509477476789228,0.75,1,-0.04044035512350508,0.15628953329393033,SAM,True
17,0.348038705958165,3.7416490089625727,0.83,2,-60.917429208366535,0.29321992262540025,SAM,True
18,1.059367923653513,4.815759880655907,0.77,1,0.2646651151980365,0.1415010644195097,SAM,True
19,0.35159312654658376,3.6252584248199806,1.42,1,-1201.7812911719523,0.5073413016015929,SAM,True
20,0.26367055776913423,2.51308062976317,0.98,2,-0.4026693363323177,0.23374063833981737,SAM,True
21,0.4658372401456759,3.6064040689951367,1.04,1,-22.337148506642883,0.32499836021288736,SAM,True
22,0.292685801727638,3.5598322658139336,0.65,1,-13.928882413836806,0.2203662085507325,SAM,True
23,0.05035443487523923,2.5510431891847847,0.86,1,-11.413720626512564,0.2373456712356241,SAM,True
24,0.3863882311187164,3.7502381274885583,0.67,1,-13.466404230903839,0.21984302253896745,SAM,True
25,0.6740350816949893,3.9422289443262524,0.83,1,-5.146017279811001,0.28575629764096144,SAM,True
26,0.34814262625211606,3.5157592795195676,0.7,2,-8.069354278276291,0.23447401318854025,SAM,True
27,0.4429270910256993,3.828259226328961,1.14,1,-70.56335942776647,0.36414346666843106,SAM,True
28,0.32196904135646215,3.529568148600375,1.11,2,-98.91585385926126,0.3960655129634997,SAM,True
29,0.2686309311865144,3.643987126479738,0.94,1,-262.07040220061134,0.32630927858505265,SAM,True
30,0.4312009851499616,3.703918855838301,1.22,2,-250.7098141099182,0.419206063671532,SAM,True
31,0.11043992538749016,2.0000000000000004,0.87,2,-20.372041186687124,0.18171293270711286,SAM,True
32,0.3042805012903292,3.670874607727986,0.85,1,-219.76640230699311,0.2838307028244915,SAM,True
33,0.332523942420218,3.7208824337702877,0.97,1,-203.89893971759335,0.34037928326194583,SAM,True
34,0.8951587983861371,4.1617900706493165,0.81,2,-1.270469815072421,0.20558491890881378,SAM,True
35,0.09443871631020732,2.0000000000000004,0.98,1,-34.729949925773276,0.20534879985745808,SAM,True
36,0.7367040559231761,3.964809964749353,0.82,2,-3.1263185439365992,0.2658813143025383,SAM,True
37,0.2819002974652894,3.750530962633802,0.86,1,-146.87735208674047,0.3007821225291608,SAM,True
38,0.058366420581981396,2.0000000000000004,0.8,2,-201.71799094383528,0.17241393850847442,SAM,True
39,0.4752473434298015,3.6282610260979853,0.85,2,-8.397501838508385,0.26336420726740595,SAM,True
40,0.4231686362786234,3.787979982352745,0.71,1,-13.92256244116895,0.2325484237407311,SAM,True
41,0.20739285937553237,3.523039219632127,0.97,2,-752.9844626064723,0.33489578798890957,SAM,True
42,0.42008891779831675,3.6491826278481203,0.86,2,-16.295002515105534,0.28494861476727995,SAM,True
43,0.31775492056863613,3.6440308449358825,1.03,2,-308.6563203683875,0.3594454104735603,SAM,True
44,0.18311266755424027,2.0000000000000004,0.97,1,-2.099104355426493,0.19325451246282627,SAM,True
45,0.45541378198863364,3.585999735472758,0.99,2,-15.226256412466569,0.3385138219822704,SAM,True
47,0.21091743163875615,3.6667152405122514,0.81,1,-246.03709093296604,0.2744928282024042,SAM,True
48,1.401896310859845,4.70160574518532,0.78,1,0.7536559896015838,0.10202039048532598,SAM,True
49,0.2693845985287181,3.6968470772537234,0.66,1,-17.861755332131825,0.17798085957483037,SAM,True
50,0.3104140917313989,3.653631093217106,1.07,2,-211.19718119636715,0.35002932798691383,SAM,True
51,1.3755655277009096,3.915170936922923,1.62,1,-3.7064568690500366,0.509762115944864,SAM,True
52,0.2483056149589208,3.5923649679039573,1.07,1,-1478.5304918033103,0.37709107065431285,SAM,True
53,0.7055538215227122,3.961572688962497,0.68,1,-1.3589937415212017,0.2020206944192177,SAM,True
54,0.22912098650061619,3.5315819633504058,1.17,2,-5414.935200791387,0.4191574142415626,SAM,True
55,0.13678809143139078,2.0000000000000004,0.96,2,-10.91672799254265,0.20329564519343918,SAM,True
56,0.2956719087698717,3.4936716018816334,1.48,1,-760.4367883444943,0.5225357575634917,SAM,True
57,0.41793701338051764,2.0000000000000004,0.92,1,0.5556954573761317,0.1631305630255954,SAM,True
58,0.5724591399224258,3.8523520731460454,0.86,2,-9.890597454331996,0.2814717993527978,SAM,True
59,0.2054963825751942,3.7043291237929377,0.6,2,-275.734818697299,0.20441181539995482,SAM,True
60,0.1500449800982503,2.4989992015322744,1.23,2,-8.191877134346608,0.27781629600839636,SAM,True
61,0.26926102412449215,3.5963492655218334,0.74,1,-60.5491270239594,0.24641815427593275,SAM,True
62,0.5784530653161484,3.83881734302069,0.94,1,-11.186997760656974,0.32111397984659373,SAM,True
63,0.19086287837188917,2.0000000000000004,1.06,2,-4.199671173087621,0.21054222545123738,SAM,True
64,1.245260800302923,4.9892085043081495,0.7,1,0.8280887513185035,0.07574966930483133,SAM,True
65,0.3655815318227724,3.690888081087926,0.91,1,-89.08691470719754,0.29984452784365295,SAM,True
66,0.09242778801050248,2.0000000000000004,1.02,1,-55.85894705148079,0.22391057400693185,SAM,True
67,0.46783489393828576,3.833184244431886,1.07,2,-69.85655165923086,0.3620561014118904,SAM,True
68,0.1597032418460627,2.0000000000000004,0.82,1,-3.5318174434323693,0.16131958029664226,SAM,True
69,0.3141063819090498,3.6164225033349933,1.09,2,-142.15457392350004,0.3991916150280254,SAM,True
70,0.4805715603192995,3.9561712978445347,0.96,2,-28.6578482378791,0.31506319691798557,SAM,True
71,0.10882913418530545,2.0000000000000004,1.18,2,-40.86930685923021,0.2643788988889437,SAM,True
72,0.10321397785805682,2.491749864083466,0.71,1,-3.0617581057515126,0.16718476216223382,SAM,True
73,0.11405319717149293,2.0000000000000004,0.8,1,-7.878030309078282,0.16565731739519787,SAM,True
74,0.41062855894621764,3.956660181220482,0.8,2,-14.341656587109535,0.2586572705865657,SAM,True
75,0.23998918992854376,2.0000000000000004,1.32,2,-3.4062256931071673,0.2809405974297866,SAM,True
76,1.4141848685845748,3.9193403048909135,1.49,2,-1.9243772503433565,0.464240113512786,SAM,True
77,0.6199318371145495,3.6899582453549393,1.22,2,-18.46117062522789,0.4088860514300197,SAM,True
78,0.17781231503365122,3.490461868578602,0.69,2,-98.97780282611109,0.24249936875029238,SAM,True
79,0.07649820294903029,2.0000000000000004,0.97,1,-60.52856457799275,0.21103752316622332,SAM,True
80,0.2596740249056397,3.923879881737542,0.63,2,-10.325209486787887,0.17428198944114995,SAM,True
81,0.8011030078664443,4.942440689782542,0.82,2,0.7621857144045493,0.09598669823081328,SAM,True
82,0.23169288114169298,3.7211998667814337,0.47,1,-22.696832931837903,0.16632687887994785,SAM,True
83,0.32726476873338034,3.956801105370222,0.48,1,-12.679429035104786,0.1521817116359006,SAM,True
84,0.24362322990532947,3.552499181963424,0.59,2,-20.07200347346819,0.19680026012237517,SAM,True
85,0.7284341314040126,3.820314588039025,1.0,1,-5.1794572348424825,0.3549965537316641,SAM,True
86,0.10824423939602781,2.0000000000000004,0.82,1,-14.13852338335465,0.16630673719412303,SAM,True
87,0.12041849971356396,2.0000000000000004,0.55,2,-1.4031768348614144,0.10490878410496982,SAM,True
88,0.6336241461867744,3.796119833594664,0.69,2,-1.4098977634743184,0.21030084107126315,SAM,True
89,0.2907160396935451,2.500460929562732,1.16,2,-0.6545681054525652,0.27916788466638814,SAM,True
90,0.0819588893157962,2.0000000000000004,0.79,2,-27.996002551481652,0.17097122603576936,SAM,True
91,0.6005168936427122,3.7743986250708272,0.9,1,-6.863189818785245,0.29427300553601277,SAM,True
92,0.0903862390921207,2.0000000000000004,0.91,1,-28.484423159937098,0.2022073654970916,SAM,True
93,0.5691278036460877,3.8755086467520674,1.0,1,-18.828801736796407,0.34929445613480375,SAM,True
94,0.3699341599295834,3.6981996879736694,0.96,2,-125.5949491446668,0.32567823413818686,SAM,True
95,0.20436777959741192,2.0000000000000004,1.11,2,-3.1818062828860176,0.22884221656106546,SAM,True
96,0.0792352226634803,2.0000000000000004,0.99,2,-113.45809386782501,0.20650893732285056,SAM,True
0,0.33204961314166775,3.751378560885998,0.88,1,-46.52088572626725,0.25842867021837707,SAM,True
1,0.6122256610370762,4.094877760429056,0.85,2,-9.928482553114353,0.22405084796681743,SAM,True
2,0.2163313467393168,2.610541950856556,0.74,1,0.24688334306875703,0.1302450168651838,SAM,True
3,0.27763808143801794,3.640186770169096,1.09,1,-1161.4207602597614,0.3859738911311113,SAM,True
4,0.35789244633405576,3.6918280557381196,0.93,2,-116.41171595670627,0.3163273001290646,SAM,True
5,0.116048323988136,2.0000000000000004,0.9,1,-11.467705444829473,0.17120587263216075,SAM,True
6,0.49892715672740046,3.7167301066942713,0.93,1,-17.470083653313292,0.30142023288062725,SAM,True
7,0.39693351793495263,3.667162007899187,0.76,1,-12.917293004015198,0.2561097458667351,SAM,True
8,0.10210637110358235,2.0000000000000004,0.97,2,-17.08804881602088,0.2141804881001038,SAM,True
9,0.1594873156245849,2.0000000000000004,1.21,2,-8.689026684038641,0.24971699128908445,SAM,True
10,0.42807909739828787,3.8930206944025523,1.05,2,-21.73921465587474,0.31329836672316436,SAM,True
11,0.37650793432509555,3.8730709495922344,0.78,2,-37.84145759260855,0.27394519274711665,SAM,True
12,0.3369707444255046,3.785970197762965,0.79,2,-88.77693675516628,0.2726384282448229,SAM,True
13,0.31484835325083643,3.579590767577332,1.34,2,-1544.2486200597475,0.4766690225865169,SAM,True
14,0.08371306338635402,2.0000000000000004,1.03,1,-44.18588821137893,0.22775732626342238,SAM,True
15,0.23828968961850508,2.7755970967249146,1.28,1,-1.5375079821298407,0.2854218866660472,SAM,True
16,0.26585363160675,3.714537216451447,0.89,1,-256.01567737290827,0.3081926568397307,SAM,True
17,0.11599943124195337,2.0000000000000004,1.01,2,-16.14859456751034,0.2053911941541687,SAM,True
18,0.2690166173589116,3.552650754902918,0.97,2,-181.852459380561,0.3243772791456732,SAM,True
19,0.4074801604530018,3.6167487971895755,0.6,2,-3.3195631806268358,0.19167118107738426,SAM,True
20,0.20591344539293677,3.5893047835021457,0.63,2,-37.475490750940665,0.18873321006731528,SAM,True
21,0.23346589402716003,3.5203128137231543,1.13,2,-1881.8575159251411,0.3979536978901737,SAM,True
22,0.17061759658361833,2.4013799724252793,0.92,2,-2.1817727350934377,0.21209851525803924,SAM,True
23,0.4362396710951147,2.0000000000000004,0.83,1,0.7080998673565213,0.14673264508194667,SAM,True
24,0.402945941225264,3.8119859768627307,1.01,1,-106.20324193261412,0.33785300331320256,SAM,True
25,0.2093129587352756,3.529196167916209,0.86,2,-142.41985618598275,0.29035827568775807,SAM,True
26,0.24796544759115874,3.6096517434848754,0.76,1,-43.97101268050641,0.22813461527194173,SAM,True
27,0.4223687173864649,3.736314042457017,1.14,2,-58.82198667095789,0.35069136441837584,SAM,True
28,0.6094376087708758,3.88070175165968,1.0,2,-17.779487490910928,0.3333034428591055,SAM,True
29,0.09898979317382252,2.0000000000000004,1.1,1,-48.71036435858258,0.24458322789078304,SAM,True
30,0.5949163277060319,3.9191340098147363,1.19,1,-38.54548352455574,0.40579425231956046,SAM,True
31,0.06862635289470694,2.0000000000000004,0.76,1,-56.148941019478684,0.15525737287680064,SAM,True
32,0.2825369154937264,3.6877508527849994,0.92,2,-234.1777659692525,0.33278756252687824,SAM,True
33,0.25156481486402243,3.5309868709831407,0.78,2,-64.50741573979262,0.26437434122419884,SAM,True
34,0.16870016722352618,2.0000000000000004,0.77,2,-2.2492894273065964,0.15393176490936994,SAM,True
35,0.1369933954716533,2.0000000000000004,1.17,2,-14.686438692422616,0.23915006893700205,SAM,True
36,0.2481101706041385,3.616893484858973,0.82,2,-348.96640874498354,0.27633163178338455,SAM,True
37,0.2616735784969786,3.6076512827505405,0.86,1,-246.6547144861364,0.2980249768111859,SAM,True
38,0.3513308665468848,3.6450012794123015,1.12,2,-309.1732322440222,0.38464611239475516,SAM,True
39,0.07256937095062883,2.4280984994694004,0.82,2,-10.289936488615751,0.20731127737785515,SAM,True
40,0.28578402279312937,3.613451712406364,1.11,1,-1537.096327025967,0.3876691786997093,SAM,True
41,0.10181378732013194,2.0000000000000004,0.85,2,-12.568205977512525,0.17848242692837585,SAM,True
42,0.2828546307654615,3.5274224617159384,0.91,2,-70.63238858331654,0.3146032225350756,SAM,True
43,0.07233933566180943,2.0000000000000004,0.63,2,-11.020873867238365,0.14511059562271839,SAM,True
44,0.16239969267111395,2.0000000000000004,1.02,1,-7.046194525993908,0.20922283539670386,SAM,True
45,0.6753578004192893,3.8556974714758048,0.94,2,-7.933828164403662,0.28204613479710977,SAM,True
46,0.18600575782097625,3.6960324907110342,0.57,1,-18.953666411838245,0.1573350533538614,SAM,True
47,0.5552935770877361,3.712066461768315,1.07,1,-15.941229928587983,0.3791755788037409,SAM,True
48,1.0785292331262386,4.045974340882792,0.94,2,-0.6828493926117971,0.26503419879094486,SAM,True
49,0.09977379595597569,2.0000000000000004,1.09,1,-50.326723172147325,0.22506633770029655,SAM,True
50,0.44321891564937194,3.847940352073416,0.85,1,-36.37389191809598,0.28985601431034647,SAM,True
51,0.6992303301151116,3.7617622093523444,1.11,2,-0.4152110071211046,0.19102196260225812,SAM,True
52,0.17968015792139425,3.502413673393203,0.89,2,-501.8726117144095,0.3033490715621522,SAM,True
53,0.3226023422948204,3.8179374113834275,0.63,1,-41.72767991952653,0.2041651670150746,SAM,True
54,0.6496316970064847,2.887472601559339,1.3,2,0.7588335030950321,0.15343405035497013,SAM,True
55,0.3364378885560238,2.5850576686414373,1.05,1,0.35217403628423305,0.1715676809291367,SAM,True
56,0.3843800859658876,3.449786423227743,1.09,2,-9.769092256137357,0.286037641352442,SAM,True
57,0.11961645966956753,2.0000000000000004,1.02,2,-15.173509620133352,0.22071533230889617,SAM,True
58,0.5678341797334912,3.7004220027442747,1.29,1,-39.327350466154606,0.4035786368933864,SAM,True
59,0.0904883637572703,2.5718940403244255,1.1,1,-8.087981156108382,0.2782617462930243,SAM,True
60,1.931034701381618,3.943636871336823,1.27,1,0.41824959537196427,0.37607045350755086,SAM,True
61,0.2320585834433619,3.598025866052689,0.76,2,-169.9167909966978,0.2685644909525577,SAM,True
62,0.16371926823737276,3.541737328347732,0.71,1,-775.9270175049587,0.25295791974498144,SAM,True
63,0.4285839681544069,3.7830565413356187,0.74,2,-16.575320296379264,0.250137648641547,SAM,True
64,0.4188976304183153,3.708760473900196,1.1,2,-172.85684714369214,0.35326011140697844,SAM,True
65,0.3451318470033317,3.5217175098436146,0.67,2,-6.584785424248797,0.20313159841241182,SAM,True
66,0.10408469107174312,2.0000000000000004,0.92,1,-19.68114167833133,0.1990869529575928,SAM,True
67,0.05038663702160111,2.0000000000000004,0.5,1,-24.130276683758726,0.1028082830827462,SAM,True
68,0.3142085479915925,4.3173590966479045,0.42,2,-0.17435075413836998,0.07364205172733167,SAM,True
69,0.5418338995711361,3.6100560225318783,1.2,1,-19.519250191818866,0.39655962158306,SAM,True
70,0.14141582704850128,3.6280569329842267,0.52,1,-346.6461071888407,0.18164551200977394,SAM,True
71,0.09632638904248332,2.399377663752524,1.09,2,-11.947509069784507,0.2764860820633309,SAM,True
72,0.23937042641804546,2.550511283298201,0.72,2,0.37085402227598296,0.13316276542508793,SAM,True
73,0.5504757797491637,2.5172501207205498,0.92,2,0.6933332499406097,0.2076472829704985,SAM,True
74,0.34029247796602213,4.118904528120183,0.56,2,-6.554185549332506,0.14910793654723228,SAM,True
75,0.20398077517751464,3.643004035197623,0.71,2,-375.59179649061497,0.24063406788814634,SAM,True
76,0.2808789742749847,3.589715046862157,1.06,1,-314.0430609231243,0.38647776858994437,SAM,True
77,0.0835401999998156,2.0000000000000004,0.82,2,-36.82764994851519,0.17317115167713376,SAM,True
78,0.13186050122094334,2.5069205402056287,0.7,1,-1.703143271027995,0.1373262759334845,SAM,True
79,0.43273112471393904,3.9554909695401386,0.97,1,-18.59108583384952,0.2879056933305747,SAM,True
80,0.16628392923636634,3.6705268336339354,0.63,2,-177.28004610971337,0.20973936535035986,SAM,True
81,0.22092887748949375,3.5117085116955873,0.93,1,-214.92274644993662,0.31548652776871916,SAM,True
82,0.0676091115618368,2.0000000000000004,0.62,2,-15.756726355824949,0.14126957748405697,SAM,True
83,0.28817111644418203,3.711228956400858,0.88,2,-154.23772007526568,0.30114502102935303,SAM,True
84,0.4458506998399266,3.715060420083302,0.91,2,-28.31216587261166,0.30274050710499334,SAM,True
85,0.741350327652242,4.087114876555626,1.31,2,-11.588141413570135,0.38484088255354565,SAM,True
86,0.6472488523118941,4.4929993725484145,0.8,2,-0.8224342888281726,0.17557008295552942,SAM,True
87,0.40770143505310824,3.755031506244749,0.82,1,-6.752725112844165,0.20537718071378933,SAM,True
88,0.37766637006600484,3.9357069498461996,0.83,2,-30.697280363894254,0.27470584308736734,SAM,True
89,0.07974554618878556,2.0000000000000004,0.62,1,-16.161538956449384,0.1267210464640316,SAM,True
90,0.4745706893822354,3.9947750815142813,0.79,1,-22.062545883073646,0.2404514088688821,SAM,True
91,0.11860227816986565,2.0000000000000004,0.93,1,-12.09604036530398,0.1867043556073385,SAM,True
92,0.4832491428102989,3.6403312523181084,0.92,1,-10.231659807270905,0.3189621040196659,SAM,True
93,0.4425961709224206,3.5047405256782422,1.22,2,-22.830218327061925,0.4311264126664992,SAM,True
94,0.18656057052817257,2.0000000000000004,1.18,1,-5.233750100587903,0.2515706140852159,SAM,True
95,0.16542567144296544,3.5826008122222457,0.4,2,-11.415275933111026,0.10886002494448457,SAM,True
96,0.1481334109882295,3.526319253312547,0.63,1,-185.77590021705626,0.21651531861620985,SAM,True
97,1.3822293572885365,4.774897353461688,0.81,1,0.7522783401076962,0.09464063483396884,SAM,True
98,0.27559687920021714,3.715766350371709,0.81,2,-216.7330674949281,0.28650163893931413,SAM,True
99,0.1385438136830096,2.0000000000000004,1.07,2,-8.382830058234301,0.22824220598877687,SAM,True
100,0.08694051916850366,2.0000000000000004,0.82,2,-28.390716729844222,0.18202966827981384,SAM,True
101,0.35940354977595884,3.591632503867664,1.48,1,-1862.417968121184,0.5160436627110139,SAM,True
102,0.11819898196838471,2.0000000000000004,0.86,2,-6.713411515309662,0.18137723151706694,SAM,True
103,0.09061918811016502,2.0000000000000004,0.76,2,-17.057935003525284,0.14891563551799794,SAM,True
104,0.16075361053639275,2.0000000000000004,0.93,2,-3.894893128621942,0.19832206398388502,SAM,True
105,0.12016144029406355,2.0000000000000004,0.63,1,-3.855929197191717,0.13227780704083694,SAM,True
106,0.2984944547907303,3.912634579182727,0.63,2,-44.196117112369635,0.21615571680988824,SAM,True
107,0.21666649479920785,2.6065992354547824,0.84,2,-0.9459283792127109,0.2044499620436544,SAM,True
108,0.1868730616111496,2.0000000000000004,0.77,2,-0.9110656051009365,0.14847810293086178,SAM,True
109,0.6585181472420264,3.5877489615089466,0.85,2,-1.5126647383308574,0.26087241875140116,SAM,True
110,0.46653886385713633,3.681129333231806,0.89,2,-15.615382581632794,0.30128032634651064,SAM,True
0,0.3546490644367035,3.5516351129439907,0.91,1,-29.420122825664496,0.31649422940278243,SAM,True
1,0.3615973103010306,4.034580132496653,0.62,2,-16.81679363731658,0.2046742726182366,SAM,True
2,0.2567792365311646,3.5846625355820723,0.66,1,-37.98297170423037,0.22414126077950686,SAM,True
3,0.14598974296255085,2.0000000000000004,1.02,1,-5.770111307850733,0.22169782334787835,SAM,True
4,0.18254409809119362,3.5742520569495495,0.59,2,-54.75169077458395,0.1880231492052812,SAM,True
5,0.33819074433386037,3.854956168321097,0.75,1,-36.433760292110826,0.23513037854139854,SAM,True
6,0.15346269572994575,2.0000000000000004,0.88,2,-3.4789754374906927,0.1778371321297152,SAM,True
7,0.2456892010948994,3.589603841732197,0.74,2,-74.3298296795603,0.2653574161258149,SAM,True
8,0.7583279561547428,3.9932881922408034,0.88,1,-5.305767374750721,0.22817249072181534,SAM,True
9,0.4608566455844969,3.9533630404007014,0.88,1,-25.86909863302059,0.26539730578991466,SAM,True
10,0.11587684464618175,2.5410277875479546,0.59,1,-1.2560352111468407,0.1407160900717001,SAM,True
11,0.6047151881919316,3.710235585013434,0.95,1,-6.498071707286997,0.30067686139273936,SAM,True
12,0.461751406713882,3.8164781669335484,1.27,1,-43.68240884751219,0.39027062553945446,SAM,True
13,0.18761927323596492,2.0000000000000004,1.31,1,-8.300871262225836,0.2702937583438331,SAM,True
14,0.39753290899306903,3.899592601958121,0.71,1,-33.221189281650396,0.2209825669436897,SAM,True
15,0.11089316724506389,2.0000000000000004,1.02,2,-22.93316566235481,0.20874309265580432,SAM,True
16,0.3479978243760174,3.56529536332994,0.97,1,-38.42662461905843,0.350333420292932,SAM,True
17,0.19547921865237972,3.769329011965668,0.51,1,-45.170658823874376,0.1588830000722334,SAM,True
18,0.657707793846863,3.9792545952335594,0.78,2,-3.898083636348308,0.281574244739573,SAM,True
19,0.6046758618268578,3.738866398828458,1.22,2,-35.41377694882229,0.39743226392515735,SAM,True
20,0.44697459227041375,3.9086945930353343,0.95,1,-41.91329446160423,0.3221853458897829,SAM,True
21,0.2946449309277301,3.662764295224743,1.02,1,-352.8643614912314,0.3696979456020458,SAM,True
22,0.18203374937044167,3.510067748880677,0.8,2,-412.6812936470749,0.28703443424570435,SAM,True
23,0.42038643351928345,3.8049232203735586,1.18,2,-53.61539013238422,0.3706180057457359,SAM,True
24,0.4974398778742093,4.029658503048498,0.96,1,-10.144492029895407,0.2656047071182309,SAM,True
25,0.38010656257259223,3.60346466914077,0.96,2,-35.04226900941193,0.33671353267542803,SAM,True
26,0.713232621357231,4.239900219027333,0.61,2,-1.0749858221784532,0.17731380425011456,SAM,True
27,0.5843765173553015,3.6298407911544572,1.44,1,-28.506977089936342,0.5372307605485427,SAM,True
28,0.07407315150642885,2.5040554833840836,0.92,1,-10.712711932542685,0.23269065105019085,SAM,True
29,0.08481240496263616,2.4604187041024543,0.78,2,-6.108575556827658,0.18782006625095415,SAM,True
30,0.0711732957557146,2.0000000000000004,0.95,1,-124.63174073868471,0.20507370677947648,SAM,True
31,0.30561621613298906,3.7225315619779575,0.87,2,-325.4655201635808,0.2930195075468897,SAM,True
32,0.9075633531072017,4.226976700580992,1.3,2,-2.4982801981927154,0.30696829720235125,SAM,True
33,0.08648403102708582,2.4730068016041407,1.09,1,-17.225173838826606,0.29739235421638827,SAM,True
34,0.38827807651392915,2.5658790023268683,0.88,2,0.3969040658367442,0.19610538727118282,SAM,True
35,0.38966635115353987,3.7700429234339374,0.99,2,-159.89876175610112,0.32108547397106246,SAM,True
36,0.36526708069029795,3.877070011693168,0.84,1,-20.742219368596547,0.2418485086230733,SAM,True
37,0.09223192425688657,2.0000000000000004,0.67,1,-7.876315441463486,0.14874241157451415,SAM,True
38,0.24871749546205213,2.0000000000000004,0.99,2,-0.9407987614427915,0.19796720733878384,SAM,True
39,1.3656287506007572,4.1876919284824465,0.86,1,0.3608019604713707,0.24805981391455198,SAM,True
40,1.0163053221303209,4.235457469643023,1.05,2,-3.0210962425286665,0.2984209403500912,SAM,True
41,0.4957168978624545,3.6805757143448337,1.21,1,-20.210191626948927,0.3771457790841359,SAM,True
42,0.23456774965963947,2.590825595499776,1.04,2,-0.7850963697169231,0.20032834965423732,SAM,True
43,0.23224952183472364,2.4762730990321034,0.98,2,-2.087995466491912,0.23727762858007043,SAM,True
44,0.31229741860102755,2.0000000000000004,0.88,2,0.44702864476925963,0.14506767364131876,SAM,True
45,0.2488299227666338,3.5480721256595107,1.05,1,-597.3925708699114,0.3591510860024209,SAM,True
46,1.142649283764161,3.72430057674841,1.31,1,-1.4821530575781972,0.4332297351853579,SAM,True
47,0.3588011165517339,3.5974013919553194,1.12,1,-121.00511363202189,0.3923347187832144,SAM,True
48,0.4961782147031635,3.5920709201969285,1.27,2,-30.7784388385039,0.4243229442144356,SAM,True
49,0.2614110506156845,3.5980389711119605,0.9,2,-530.7721634325707,0.30775629973889274,SAM,True
50,0.12885252072847148,2.0000000000000004,0.99,1,-16.95385382140463,0.20546001863875954,SAM,True
51,0.5542375219169763,3.888641530024679,1.05,2,-53.481743490562074,0.31873944088240114,SAM,True
52,1.0007759051266152,5.196082521125217,0.84,2,0.7291328498424556,0.10743327836698047,SAM,True
53,0.08101281204939376,2.0000000000000004,1.12,1,-98.85374735994691,0.24052290342181304,SAM,True
54,0.15074543786480485,2.0000000000000004,1.04,2,-10.194163648001156,0.2125263344740043,SAM,True
55,0.13548447191579657,2.0000000000000004,0.81,2,-5.309634917682368,0.16904984724797503,SAM,True
56,0.14701051282577138,2.0000000000000004,1.39,2,-21.83529079049604,0.2981864213347111,SAM,True
57,0.6082760065256093,3.7788871185523782,1.36,2,-73.49962107387772,0.451122333612206,SAM,True
58,0.053630355736165376,2.0000000000000004,0.62,2,-78.56344074481045,0.12869314599247236,SAM,True
59,0.3390928395298354,3.818261173304598,0.74,2,-21.79230425305443,0.22553854816621557,SAM,True
60,1.0229881069871225,3.9745235809710264,0.74,1,0.19213929580413036,0.21182976011005522,SAM,True
61,0.08035872078792056,2.0000000000000004,0.74,1,-23.852711439764402,0.1610505627652251,SAM,True
62,0.506465603174385,3.9021931021395413,0.88,2,-24.229183044874066,0.2804972746327894,SAM,True
63,0.12570340110569067,2.0000000000000004,1.36,2,-51.004558098207056,0.28988108796092055,SAM,True
64,0.07014394613159101,2.0000000000000004,0.96,2,-161.19675448103254,0.20575070575711174,SAM,True
65,0.6403057477737545,3.641416819026172,1.1,1,-7.1554189500965375,0.3883006381006665,SAM,True
66,0.9363028575346475,4.395400028875153,1.04,2,-0.7327601208458636,0.19960733007264483,SAM,True
67,0.6605700633949778,4.1655520947172455,0.74,2,-4.682223084617527,0.19705858334858903,SAM,True
68,0.11739177424059688,2.0000000000000004,1.12,2,-27.07234959126904,0.24672894198322742,SAM,True
69,0.3115533669499639,2.131844904251614,0.79,1,0.48475049101731227,0.1425483025000032,SAM,True
70,0.5031736446623247,3.6952715035271613,0.79,2,-5.832878820393689,0.2688941962424138,SAM,True
71,0.2863264678648015,3.9072195632390683,0.65,1,-40.73093467733145,0.21214907579070127,SAM,True
72,0.4930734892594902,3.7623143862812034,1.18,2,-99.44154616752748,0.39788812580145605,SAM,True
73,0.21459718617679882,2.0000000000000004,0.89,2,-0.6810018563215621,0.1601238024270961,SAM,True
74,0.4167966067817853,3.7870247763426796,0.86,2,-32.525642831081754,0.30135182142326766,SAM,True
75,0.752797595473892,4.0745303176068,0.89,2,-4.4470619101923745,0.2654182580089734,SAM,True
76,0.15956233795071348,2.0000000000000004,0.65,2,-0.43829277705808933,0.10876561079359039,SAM,True
77,0.5210498671444893,3.9584625063170713,1.01,2,-31.26883777891279,0.3268231978002128,SAM,True
78,0.9111767782438791,4.488863003837273,0.98,2,0.8930223582797444,0.0810781930310096,SAM,True
79,0.22775561722913135,3.6249480330690784,0.7,1,-64.92683844059862,0.22035375145407726,SAM,True
80,0.32079194787284815,3.8479185739422435,0.76,2,-44.83764501311253,0.24925190178807502,SAM,True
81,0.391369057217232,3.6619110575493035,1.02,2,-85.19031186450547,0.3453351460656797,SAM,True
82,0.18623209183512288,3.4906076318276344,0.94,1,-1669.8988880513004,0.3333638928322805,SAM,True
83,0.10037377817940474,2.0000000000000004,0.8,2,-10.251255273091834,0.16930988061017188,SAM,True
84,0.11560292208508392,2.0000000000000004,0.93,1,-11.018709460697567,0.20829070364308508,SAM,True
85,0.24062895108464935,3.780101789013371,0.51,2,-17.142311818864314,0.16645183362551713,SAM,True
86,0.1804226431488207,3.5844388914113883,0.69,1,-648.1628929150295,0.23987871691333582,SAM,True
87,0.26970134230572135,3.6814428861954,0.82,2,-113.36937172332576,0.2993867403765364,SAM,True
88,0.25366270679382513,3.7914340827053867,0.67,2,-65.31639566594309,0.2391067290302935,SAM,True
89,0.5580519720335686,3.9358353907425943,0.91,2,-17.43682038143013,0.30365812049383817,SAM,True
90,0.13723551574663662,2.0000000000000004,1.16,2,-14.016321184809964,0.24645693171943106,SAM,True
91,0.2933445016993726,3.5983733823286497,0.96,2,-82.49458698355004,0.3598600692847376,SAM,True
92,0.11746200191329795,2.0000000000000004,1.01,2,-17.505221574349676,0.20967056202740542,SAM,True
93,0.9448101773780153,4.215275410143584,0.72,1,-0.34425161902265233,0.2110288149600373,SAM,True
94,0.1279437087316328,2.0000000000000004,0.58,2,-1.6978626786225415,0.1195233465493216,SAM,True
95,0.519732534815264,3.7511666279440927,0.96,2,-23.48306877083362,0.303818730576489,SAM,True
96,0.9539354464694217,4.147314637558588,0.71,1,-0.35576283485458404,0.2562417836476833,SAM,True
97,0.430166855276224,3.77171417371022,0.96,1,-55.67764249182438,0.32813272347960615,SAM,True
98,0.32072681494416516,3.6768689480195746,1.09,2,-244.19588229789431,0.4009705624875127,SAM,True
99,0.7533216333615472,4.159802005444023,0.9,2,-5.068317643681165,0.26230246938230883,SAM,True
100,0.4489876792795869,2.0000000000000004,0.9,1,0.6784052357976544,0.1544170160579919,SAM,True
101,0.2556939071844122,2.0000000000000004,1.15,1,-1.185156221583613,0.2310424961949872,SAM,True
102,0.11402942052075425,2.0000000000000004,1.0,2,-14.913520238972382,0.2136720160208383,SAM,True
103,0.5767689228947657,3.764825721601541,1.08,1,-21.954269884578622,0.3649719801724581,SAM,True
104,0.25381311019395575,3.5118338104512143,0.93,2,-125.89861060744754,0.3185724922516259,SAM,True
105,0.2480334793388448,3.5632082198458144,0.7,1,-24.720696868676942,0.20098410792703442,SAM,True
106,0.18220264668791036,2.0000000000000004,0.6,2,0.03504672092650263,0.10563570921013854,SAM,True
107,0.5247656337893237,3.7636464544586357,0.9,1,-13.115108955995618,0.3015665376723249,SAM,True
108,0.3975542866897827,3.6424813192277847,1.28,1,-240.4247517417095,0.45761273519564677,SAM,True
109,0.38767525521789525,3.9674056192486464,0.76,2,-26.574663101217386,0.2659238599105071,SAM,True
110,0.31143684932027366,3.6456515019539455,1.19,1,-935.8476642634579,0.41694298480814806,SAM,True
111,0.36802766095549516,3.7316181646416555,0.69,1,-20.066214355938392,0.22066317590430093,SAM,True
112,0.0673048971181196,2.487970699804908,0.73,2,-7.679987882969547,0.18294817101225846,SAM,True
113,0.5633512117434767,3.8468368592637163,1.04,2,-36.59350069369273,0.33588405079993294,SAM,True
114,0.338093951542581,3.848582455320287,0.61,1,-14.779910447400352,0.23540546236244406,SAM,True
115,0.627414818885515,3.718400537090912,1.08,2,-9.793622331904013,0.37118676921564014,SAM,True
0,0.4662483179436848,3.7645712332652352,0.85,1,-20.88625697422972,0.26135609427861245,SAM,True
1,0.05183985862387226,2.0000000000000004,0.66,2,-122.80760930369709,0.1403223509768133,SAM,True
2,0.47309410091185655,3.718088444100555,1.18,2,-174.22846798193322,0.38245517861302225,SAM,True
3,0.10989497470683698,2.0000000000000004,0.91,2,-15.506349341168686,0.1955127585115228,SAM,True
4,0.18842439070992817,2.717911057581808,0.65,2,0.21867736946452154,0.13056723741917223,SAM,True
5,0.1566061502083313,2.0000000000000004,0.89,2,-3.1836388984152517,0.18390406249005167,SAM,True
6,0.3277612897145622,2.0000000000000004,1.41,1,-1.0174432299972054,0.2818516590456626,SAM,True
7,0.09164727396526248,2.0000000000000004,1.16,2,-95.0353813686811,0.24585302251474192,SAM,True
8,0.5992133916370266,3.020912885129775,0.78,1,0.7551944245482168,0.2311313804584047,SAM,True
9,0.2347351695152619,3.594087059207298,0.98,2,-914.810747353247,0.34589234746410363,SAM,True
10,0.09237845573690419,2.0000000000000004,0.81,2,-26.76656242587747,0.17947776111787422,SAM,True
11,0.25435131533051963,2.6335261920630844,0.37,1,0.7696667546641343,0.0832695113130325,SAM,True
12,0.5117017531909884,3.7615491037850273,0.97,2,-27.806444685085086,0.31783171632079477,SAM,True
13,0.1016349675382308,2.0000000000000004,0.88,2,-12.154178093828033,0.19433385013265264,SAM,True
14,0.27297955986915884,3.6708114922187924,0.67,1,-47.69163898901302,0.20942538962445184,SAM,True
15,0.10596128020509182,2.5694735477777244,0.74,1,-3.1768616000606347,0.19113685124139287,SAM,True
16,0.3683198812075376,3.5170927110531065,1.07,2,-41.673908595859196,0.3503262110738322,SAM,True
17,0.33226737738212303,3.713051852259505,1.04,2,-312.91263584496926,0.3650681425081353,SAM,True
18,0.5727454581142238,2.0000000000000004,1.14,1,0.7085080954139309,0.2057994467592033,SAM,True
19,0.25776430098570147,3.6986095871767324,0.7,2,-107.6958381285895,0.24454059439043,SAM,True
20,0.5456749235102951,3.897348568903261,1.08,2,-44.758700290131536,0.3366012065729671,SAM,True
21,0.25021230540085737,3.6083294061370244,0.87,1,-119.16102302546075,0.29526942250485966,SAM,True
22,0.6056852164009225,3.89681132243792,0.96,2,-21.002455544613674,0.2816481368650451,SAM,True
23,1.2557505451591935,3.9000677806857795,1.04,1,-0.1613177342253984,0.31415280723148215,SAM,True
24,0.20956340969420562,3.730136272181479,0.55,2,-31.491071277119694,0.15619817647047587,SAM,True
25,0.12248167685906235,2.489532726308578,1.02,2,-4.858506554796019,0.26489460006542964,SAM,True
26,0.9483538828647537,3.9953645775468636,1.05,1,-3.2276517526309787,0.33067687845596283,SAM,True
27,0.7570102380582274,4.533942586184493,0.73,1,0.5392674961909698,0.08192365821703218,SAM,True
28,1.0972254792129068,4.171820247801624,0.96,1,-1.2027422129183285,0.2757360674253917,SAM,True
29,0.6617174250602287,4.4301687836651205,0.73,1,-2.6441627755104604,0.210314680189239,SAM,True
30,0.10686922501806255,2.0000000000000004,0.95,2,-13.886386742402241,0.2028725871327223,SAM,True
31,0.2914814302922243,3.7068182695523575,0.86,2,-328.24207099053143,0.2955969438613619,SAM,True
32,0.487935055620766,3.708185557414311,1.09,1,-36.42100463564915,0.3848225394970161,SAM,True
33,0.27999575687808725,2.0000000000000004,0.75,1,0.38132699711204354,0.1521474024375323,SAM,True
34,0.49350747833287106,3.692134556358477,1.12,1,-49.577393967932124,0.3541037306066382,SAM,True
35,1.571706838447848,3.255578272310205,1.44,1,0.8894645810233746,0.2523222674474657,SAM,True
36,0.15953828159874386,2.0000000000000004,0.96,1,-3.3196969071884217,0.19752954588110067,SAM,True
37,0.321650072490699,3.6678506859812434,1.09,2,-289.13670903939783,0.3978529665385618,SAM,True
38,0.20867659032184907,2.0000000000000004,0.66,2,0.1655930099883317,0.11805121906065595,SAM,True
39,0.18294294527051858,3.550276580434077,0.79,1,-271.5619898345128,0.26602254611335646,SAM,True
40,1.0893278910783453,3.8429787097529404,1.2,2,-1.922109274703654,0.3595394158174601,SAM,True
41,0.17188651879596148,3.614951752021155,0.71,1,-380.09026051919847,0.24265666311235104,SAM,True
42,0.91226941869193,3.7420278293971307,1.05,1,-1.5020663621382764,0.3084640268143889,SAM,True
43,0.7314506811288769,5.095411728675963,0.57,1,0.49558965096963326,0.09215221481723421,SAM,True
44,0.3524722418185328,3.6968174973531074,0.95,2,-199.43389578428472,0.32562176043668645,SAM,True
45,0.2689162926914053,3.6398875405501183,0.84,2,-250.2827127682553,0.2935128025239592,SAM,True
46,0.20897280436466809,3.6032079927402134,0.77,2,-275.22317070610035,0.2674729915578019,SAM,True
47,0.42564868476856516,3.776827837896575,0.52,1,0.392530295421341,0.09178116578793422,SAM,True
48,0.5905325133633503,4.009559788237177,1.11,2,-16.567485660207378,0.32767310166915115,SAM,True
49,0.19068380215137584,3.4679076773446034,0.95,1,-651.0993185042735,0.3362551127276071,SAM,True
50,0.04496474857374339,2.5555171135596475,0.46,1,-11.843772546625736,0.11455844949377035,SAM,True
51,1.357809838980778,4.508806771970257,0.76,2,0.6401087498356712,0.14762403179174716,SAM,True
52,0.16030269244203035,2.4791146352103524,0.73,2,-0.7866312977618835,0.1557574413352408,SAM,True
53,0.09194749105934509,2.0000000000000004,1.18,2,-48.24053197517701,0.25449759554634077,SAM,True
54,0.46604857036141484,3.632009312913662,1.38,2,-131.30573080046534,0.4809058301156406,SAM,True
55,0.12968112689115002,2.0000000000000004,0.94,2,-7.659837971918501,0.203789282250832,SAM,True
56,0.19060915908635023,3.491300799457533,0.79,2,-194.1282113995065,0.27735779430573326,SAM,True
57,0.08635631333500848,2.0000000000000004,0.9,2,-38.84516974431649,0.1950041953322694,SAM,True
58,0.7898275436664006,4.144301614658361,1.2,2,-4.32521812559748,0.2987381437513263,SAM,True
59,0.1110352044054936,2.0000000000000004,0.95,1,-20.347378696211624,0.19323555811564683,SAM,True
60,0.6199959332209076,3.599394388343391,0.86,2,-1.916673918013125,0.24294261339496054,SAM,True
61,0.16004017160912837,2.0000000000000004,0.91,2,-3.9355132221252944,0.19564276005197578,SAM,True
62,0.5683833234744234,3.6838214639690046,1.09,2,-21.653176683066572,0.32562457663669786,SAM,True
63,0.24284205263124123,3.5334660976265067,1.06,2,-306.2518119077445,0.3903804537963462,SAM,True
64,0.10937587102007461,2.0000000000000004,1.0,2,-17.248648269728942,0.21715088562789606,SAM,True
65,0.17836864487061055,2.5584140662804566,0.74,2,-0.5365471882498827,0.17692523652386793,SAM,True
66,0.5021060766198555,3.688435401185287,1.18,1,-48.439178992869145,0.39694101458338116,SAM,True
67,0.14487431671549225,2.0000000000000004,1.13,2,-9.319375394881455,0.220870351219915,SAM,True
68,0.30839336052148086,3.541454166243376,0.88,1,-32.38088815878098,0.3016470788499891,SAM,True
69,0.479064617130701,4.150556659235049,0.58,1,-6.632868782430334,0.14863032160841896,SAM,True
70,0.3188908736174407,3.6733261048588455,0.93,2,-168.65840351041697,0.3212235116410387,SAM,True
71,0.6702499535956687,3.775455485849184,1.39,2,-23.809818546628296,0.524414801691298,SAM,True
72,0.5851471612649721,4.331676285863684,0.52,1,-1.6398849266159217,0.16605903881164533,SAM,True
73,0.6581548466057737,3.7595256916330624,1.07,2,-9.481937284209268,0.3738301236798612,SAM,True
74,0.3542726095519565,3.8039691395926964,0.73,2,-56.31988847528867,0.23179967700117887,SAM,True
75,0.3705820616970586,3.7305703624476347,0.97,2,-69.03354974254547,0.3580697155459605,SAM,True
76,0.3402568467135615,4.033359461014682,0.63,2,-16.515402645427155,0.20674595038305973,SAM,True
77,0.559649055790427,3.920368587209987,1.06,2,-30.66598795095447,0.36401461954246905,SAM,True
78,0.9790862451427151,4.145801375626044,0.86,2,-1.053106422401609,0.22918138739368593,SAM,True
79,1.050921183484683,4.192712497876605,0.97,1,-1.6311231491193183,0.24494516251382392,SAM,True
80,0.1032798040209996,2.0000000000000004,1.23,2,-70.78911106446107,0.25767899936671346,SAM,True
81,0.2884741788209135,3.856344416824087,0.74,2,-50.05675606026846,0.248865199196971,SAM,True
82,0.2219821240582603,3.4572729537610742,1.2,2,-675.4096523973701,0.4185571645198763,SAM,True
83,0.3245031181996366,3.841754072656627,0.64,2,-25.45634678002033,0.2315973508016562,SAM,True
84,0.287611246405205,3.847254470670522,0.65,1,-61.13471971259844,0.20661325666893596,SAM,True
85,0.5197028363492799,4.453679711837031,0.66,1,0.3527283242148789,0.10056186087642466,SAM,True
86,0.37857265725540995,3.834690289410597,0.74,2,-43.03519526008271,0.24519096634434823,SAM,True
87,0.4075497061792631,3.7014233777458116,0.98,2,-106.24953929036421,0.30974887466101775,SAM,True
88,0.691631275161923,3.8134955704171163,1.22,1,-23.049781116120222,0.39699823056100775,SAM,True
89,0.31975908945010006,3.611331878232345,0.65,2,-11.968551111756907,0.23369348236479812,SAM,True
90,0.8910687550763685,4.255350017803103,0.78,1,-1.5644758059683412,0.23668484824389052,SAM,True
91,0.2974578937192655,3.5704099522538657,1.22,2,-2148.9117977160186,0.43026608616218687,SAM,True
92,0.20832003087669565,2.0000000000000004,1.17,2,-3.167377566914811,0.20812189279337356,SAM,True
93,0.10284256836286525,2.0000000000000004,1.1,2,-37.82754713661233,0.2357987436345429,SAM,True
0,0.1869181241972991,2.0000000000000004,0.81,2,-0.9202917831858894,0.1546489353878859,SAM,True
1,0.1271018232577153,2.0000000000000004,0.69,1,-2.499004085502893,0.1429305610898305,SAM,True
2,0.3363850506558542,3.7250626286807296,0.9,1,-237.78779347927508,0.29941691532687187,SAM,True
3,0.09334326176012712,2.0000000000000004,0.66,2,-9.855338801177979,0.13296201043234285,SAM,True
4,0.15384776583866114,2.0000000000000004,0.81,2,-3.3137676336299657,0.15618678827129112,SAM,True
5,0.18780955729708287,3.5078013316110352,0.87,1,-324.95464939720335,0.2987358757472234,SAM,True
6,0.12070084859968884,2.0000000000000004,1.31,2,-71.3889348214078,0.2806973676702599,SAM,True
7,1.3226954030193856,4.371953492800212,0.75,2,0.45864078474318615,0.20709081814232244,SAM,True
8,0.28672226815491014,3.6846708146366556,1.03,1,-445.00642488771535,0.35777001534299274,SAM,True
9,0.2666467753796132,3.6519221108416366,0.94,1,-304.3328247637697,0.3338314360729501,SAM,True
10,0.34109384533558423,3.6185858152687853,1.0,1,-107.57811541417237,0.34792934147095866,SAM,True
11,0.10856129663973281,2.0204257404416737,0.77,2,-12.260792511660883,0.14345807591905457,SAM,True
12,0.29514427694167167,3.5158669801630156,1.35,2,-423.56548766013543,0.46723369752187704,SAM,True
13,0.623008358605779,3.9295081010652595,1.35,2,-34.499964595694216,0.4274053846372052,SAM,True
14,0.7696286096266396,3.995755117734941,0.95,2,-4.9202574408378945,0.2914979034963983,SAM,True
15,0.7967598668148406,4.222101173715099,0.99,2,-5.8331799543435565,0.2686509724195465,SAM,True
16,0.08259863040293532,2.0000000000000004,1.11,2,-113.66267530772205,0.2421443900761627,SAM,True
17,0.15662707061905576,3.5645980340838643,0.69,1,-1104.2396107917205,0.24439138398721139,SAM,True
18,0.20013632880386412,3.6886864592918553,0.71,1,-325.1386867020527,0.24745868304664015,SAM,True
19,0.20180221479380417,3.699488806944937,0.68,1,-53.37894003354557,0.20992026544758363,SAM,True
20,0.5304530595702805,3.8242532070673234,0.65,1,-3.205229699049122,0.22705008846387895,SAM,True
21,0.4129847327908904,3.5813116659159037,0.92,2,-15.11374265931282,0.3028188914821604,SAM,True
22,0.4856168833267083,3.809030525575002,0.77,1,-17.127915121624845,0.23486818523578964,SAM,True
23,0.2348066489620667,3.764568107648894,0.55,1,-68.55418794388234,0.19254189719146658,SAM,True
24,0.2989151545580021,3.602875163950785,1.22,2,-883.1462024019357,0.44378324279430786,SAM,True
25,0.16474229264013526,3.4813974173905944,0.86,2,-1141.3960485982682,0.3087418440947698,SAM,True
26,1.316614986910782,3.8172490591597596,1.22,2,-0.6150724798336877,0.41139873633432417,SAM,True
27,0.535597064862252,3.7780949890692432,0.97,1,-14.223701033872482,0.34907614751421157,SAM,True
28,0.16181616433413673,2.0000000000000004,1.12,1,-7.1358201152640355,0.24309048439089181,SAM,True
29,0.12127481138151891,2.0000000000000004,0.98,1,-19.51570797316117,0.2050164916954089,SAM,True
30,0.46926831663452556,3.6494714122555614,1.2,2,-63.485584284080346,0.408686624089949,SAM,True
31,0.2173277049068582,3.680765524714825,0.65,2,-163.407276286544,0.21765936858938678,SAM,True
32,0.37140565189883884,3.7050240858673913,0.98,2,-87.43412786741622,0.3493143645631858,SAM,True
33,0.32698948632363783,2.4825410457882975,0.94,2,0.1566413332077885,0.20397405008691707,SAM,True
34,0.11353040015340031,2.0000000000000004,0.91,2,-13.29986123878531,0.19566777068867072,SAM,True
35,0.17328671964677803,3.661616451158985,0.61,1,-283.8779783067178,0.21131640518326544,SAM,True
36,0.22475043591343352,2.6033458339074897,0.63,1,0.42213863272600316,0.13217051048547188,SAM,True
37,0.3006635658518272,3.7179712890259187,0.99,2,-221.49710024038814,0.3331222429452791,SAM,True
38,0.26410037698878236,3.558949729798616,0.94,2,-137.53336205587732,0.34005988292673334,SAM,True
39,0.3666357704142547,3.9932604794616,0.59,1,-14.143021371845245,0.20517699533263903,SAM,True
40,0.4175914960334888,3.844922720084634,0.88,2,-61.810469903291676,0.28594762040521693,SAM,True
41,0.10596862925193852,2.0000000000000004,0.87,2,-25.689954957306174,0.1880245926385646,SAM,True
42,0.3126681363672476,3.599609565378078,1.18,2,-195.97648026489142,0.3826544607994394,SAM,True
43,0.19588341097436296,3.6907020362919254,0.63,1,-358.2945176153628,0.21674353087972123,SAM,True
44,0.14646596804035805,2.0000000000000004,0.58,1,-1.2732189388163313,0.11592786708243256,SAM,True
45,0.2976812622134298,3.6736032881411593,0.97,2,-547.3307275645104,0.3316468915008322,SAM,True
46,0.4477681720242323,3.6196826389053234,1.22,2,-80.1698703499346,0.41632839135296407,SAM,True
47,0.4897729691357354,3.7843285358936867,0.92,2,-25.977232369723612,0.30205954275600355,SAM,True
48,0.3353298201135181,3.626480702655873,1.18,2,-846.7377741219592,0.4117615266442359,SAM,True
49,0.29187833241361916,3.614571662548932,0.98,1,-201.7678265918394,0.35439012981842416,SAM,True
50,0.9517796055453592,4.23259934594876,0.9,1,-1.8805792149885177,0.23811283153961962,SAM,True
51,0.5099920376090513,3.6961766825514735,1.21,2,-63.776395223849946,0.39854591516204846,SAM,True
52,0.13707304428506586,2.0000000000000004,0.72,2,-3.0090271734077882,0.14896619606922143,SAM,True
53,0.32991557104184827,3.5086856746425608,1.23,2,-87.55974728229715,0.45442571792911063,SAM,True
54,0.2570683046410059,3.632097945122949,0.83,2,-291.3189046958971,0.2881294308702858,SAM,True
55,1.1080294111596218,4.157800326888143,0.95,1,-0.9958628414816255,0.29248349231550114,SAM,True
56,0.7130244467525745,3.9957427740856195,0.99,2,-9.662637176319688,0.32825067814040043,SAM,True
57,0.3478345573741261,3.6177505668365906,0.93,2,-52.07261335193697,0.3167223977280886,SAM,True
58,1.4729818148029026,4.424723100998362,1.28,1,-1.1355649016155769,0.2915033668036784,SAM,True
59,0.3774293917344001,2.0000000000000004,0.91,1,0.4906419204092407,0.16082447125556024,SAM,True
60,0.6301594601588719,3.7847897633536287,1.01,2,-11.645041762086315,0.30676832194896064,SAM,True
62,0.24614517617814602,3.5060121227287158,1.12,1,-368.7750515988132,0.37687437571373855,SAM,True
63,0.5010023678187401,2.4712635239400735,0.76,1,0.7250532291058532,0.16126152496367585,SAM,True
64,0.20098770087479115,2.4461672889865023,1.25,1,-4.708778063632806,0.31434564163614487,SAM,True
65,0.8369138606691655,4.040254526696063,0.89,1,-2.8495957430526917,0.26447990167977403,SAM,True
66,0.8564700068606551,3.6377941343683085,0.74,2,0.2571973056060055,0.21021744693747071,SAM,True
67,0.9893433430053301,4.005475792284513,1.32,2,-8.969261880052095,0.40651932533417595,SAM,True
68,0.2114109260078349,3.5697720388341274,0.76,2,-263.9580239140024,0.26295141361209334,SAM,True
69,0.6711824645807315,4.245699668112971,0.91,1,-1.733355594710834,0.18919627954907206,SAM,True
70,0.21286278586664092,3.4888624332290687,0.81,2,-62.60012899734166,0.26507025957246355,SAM,True
71,0.9062274915607715,3.889993216620941,0.91,2,-1.3595323962689885,0.29508529973593756,SAM,True
72,0.3811175609952507,3.7778694014613787,0.94,1,-132.81201558766608,0.3178996487139124,SAM,True
73,0.13712665090632398,3.512334283726613,0.55,1,-225.8246376336771,0.18904626392912985,SAM,True
74,0.12916546946375917,2.0000000000000004,1.01,1,-11.322311428773098,0.20083297204671655,SAM,True
75,0.4008555649100179,2.0000000000000004,0.65,2,0.7934739818800294,0.12431558491910576,SAM,True
76,0.2789296571070275,3.6808395325120826,0.86,2,-231.84813525748984,0.2997367586862677,SAM,True
77,0.2652423343945296,3.56187798760354,1.05,2,-224.73754418167786,0.3719148830005639,SAM,True
78,0.25255502480604636,3.709245921997156,0.84,1,-155.03704955593045,0.2798648913227504,SAM,True
79,0.2632767621324262,3.5714122226084593,1.18,2,-3003.1461604988435,0.4249461444790208,SAM,True
80,1.0655800051935227,3.8682824520513814,0.94,2,-0.3750393135433492,0.2967868251814496,SAM,True
81,0.1133783590935418,2.4237057330866025,0.71,1,-3.6280291206744426,0.17541302486004648,SAM,True
82,0.19155565431760188,3.5570840491144033,0.83,2,-592.5826953271776,0.3013506538206028,SAM,True
83,0.24045118230235343,3.6004925706638566,0.89,2,-410.300204591416,0.3026832016692338,SAM,True
84,0.4254064234512756,3.64528165873881,0.57,2,-2.705374665310208,0.1749769070463637,SAM,True
85,0.0735218672741678,2.0000000000000004,0.73,2,-22.750705144353105,0.15774089113933043,SAM,True
86,0.47579414065503906,3.651733693034361,1.44,1,-216.60694276771338,0.47876763595067556,SAM,True
87,0.2860056295116957,3.586330567687234,0.75,2,-13.229976430276244,0.2225248967695771,SAM,True
88,0.16604494538184367,2.0000000000000004,0.91,1,-4.341806296962768,0.18717235037726254,SAM,True
89,0.38121925234122245,3.7352583006390194,0.92,2,-53.753033374706,0.31918913962098433,SAM,True
90,0.24903006796755453,3.4990074229151005,1.09,1,-370.3073948379658,0.3756829166356371,SAM,True
91,0.1417269617440097,2.0000000000000004,1.77,1,-70.74902251083812,0.3919370576963912,SAM,True
92,0.1029489686967085,2.0000000000000004,1.07,2,-50.57136104852453,0.22918539862201673,SAM,True
93,0.42808870134643257,3.774294165989681,1.02,1,-90.20139804202809,0.34889979368953056,SAM,True
94,0.5292890905039089,3.8359056554811075,1.21,1,-67.37156143967898,0.42433549149827304,SAM,True
95,0.2599330187642843,3.7542148428490547,0.71,2,-117.39494879784563,0.2528947753337507,SAM,True
96,1.0701516871452723,3.6639066807571217,1.52,2,-3.3780818614309274,0.49578221746215706,SAM,True
97,0.9842528323894005,4.0874475778950465,0.86,2,-0.8864155632021433,0.24582261295904967,SAM,True
98,1.0277370176774876,4.430493491363599,0.79,1,-0.9856799122414623,0.32676321498271227,SAM,True
99,0.5803298440248497,3.69292027275174,0.92,2,-5.926002483735288,0.315511384420162,SAM,True
100,0.26568955868480065,3.5493169155856137,0.78,2,-51.981803926700515,0.2653301750378999,SAM,True
101,0.38830666476592113,3.6895080360587076,1.12,1,-76.67792365423352,0.3554106530895892,SAM,True
102,0.18227796828330906,2.0000000000000004,1.03,2,-2.9695187950300443,0.21092777303012644,SAM,True
103,0.4343884429795188,4.049015894792013,0.57,1,-7.711989363573027,0.1862132458902957,SAM,True
104,0.09614221005859291,2.0000000000000004,1.28,2,-76.02913960443985,0.27985599456294336,SAM,True
105,0.5157846212996153,4.29795908140674,0.74,1,-2.0511691006900272,0.1775707217101397,SAM,True
106,0.13514406104666934,2.0000000000000004,1.19,1,-19.097063076001035,0.24684872948110376,SAM,True
0,0.1787923170742328,2.0000000000000004,1.18,1,-6.149403526425488,0.24212194363515738,SAM,True
1,0.6844184960370057,3.7446775839692,1.0,2,-5.268202316056274,0.3105256846491074,SAM,True
2,0.24492210868677258,3.4977160658193935,1.17,2,-524.1138636281225,0.4062939750600993,SAM,True
3,0.2357591313853978,3.5689361182946313,1.06,1,-2048.628457073276,0.37942838958731956,SAM,True
4,0.2153014743374295,3.5579412009363476,0.96,1,-788.5799771987585,0.33260795331037724,SAM,True
5,0.5378143366183712,3.822761289096272,1.02,2,-23.541027578527867,0.35506089662479134,SAM,True
6,0.7751282562686087,4.289387073322259,1.07,1,-5.03493685997349,0.29623620256697375,SAM,True
7,0.42416584059962925,4.0185062017920865,0.83,1,-10.89022746088811,0.22929606057595814,SAM,True
8,0.34613626754754456,2.5144645734899003,0.96,2,0.04000807154154795,0.20461242970963098,SAM,True
9,0.7169906739702371,3.8158673139914927,0.9,1,-3.5056031302152473,0.26589587754312755,SAM,True
10,0.5461819530313782,3.65600353796479,1.0,1,-3.00911807349065,0.22111135818379127,SAM,True
11,1.070143865924743,3.8664736381900324,1.28,1,-3.4137679669232988,0.37109351811089436,SAM,True
12,0.5932212882781631,4.285314499211571,0.88,1,-1.7113071890726448,0.1928124941425718,SAM,True
13,0.5981569469944306,3.8603279713160736,0.76,2,-4.272506769504315,0.24452158747628724,SAM,True
14,0.2785557556974661,2.70747490671963,0.82,1,0.48127640299881513,0.15836094932676867,SAM,True
15,0.0812128642080681,2.0000000000000004,1.24,1,-234.8305676280227,0.26952782426335176,SAM,True
16,0.09911120660595181,2.0000000000000004,0.97,1,-28.29451172395578,0.20414588940012587,SAM,True
17,0.3177815151148402,2.0000000000000004,0.98,1,0.1211134602762487,0.1784125010173126,SAM,True
18,2.631926957157656e-14,8.900091565063814,0.16,1,0.7084289669529475,0.048608714200374915,SAM,True
19,0.1488943136025663,2.0000000000000004,1.36,1,-19.880511320735422,0.28148056595730336,SAM,True
20,0.3622124066157533,2.0000000000000004,1.14,1,0.07553605928795282,0.20952163745064145,SAM,True
21,1.0409585844582903,4.1060366241838855,1.14,2,-3.839641277369969,0.3647252521994508,SAM,True
22,0.6166902154171717,3.8728846618772095,1.06,1,-20.292856269004204,0.35982374699391956,SAM,True
23,0.1299268306948024,2.000000000289904,0.68,1,-3.393550138715195,0.12225734158695377,SAM,True
24,0.3651824428597613,3.6735329790113127,0.94,1,-52.476706551142506,0.33978532984173204,SAM,True
25,0.2915195099720706,3.522361165158807,0.92,2,-55.48221696168575,0.3219392304840982,SAM,True
26,0.4855122119324789,4.082202259610045,0.88,1,-2.6182397096114536,0.19692381938536568,SAM,True
27,0.19371805916433144,2.0000000000000004,0.78,1,-0.7476722621576009,0.15214893944212865,SAM,True
28,0.7093143054823554,3.962916809671391,1.1,1,-14.752247929245176,0.3272404342111125,SAM,True
29,0.08155439955753396,2.0000000000000004,0.78,2,-35.778178206230855,0.1595136822037494,SAM,True
30,0.28349376603433846,3.673182745607715,0.81,2,-107.92589443252734,0.29360324179912906,SAM,True
31,0.8007194658812236,3.778967833915879,1.44,2,-16.18819187827192,0.5097936703858946,SAM,True
32,0.5449512440882118,4.139492978611117,0.9,2,-7.629927634569418,0.2681476762211652,SAM,True
33,0.1759131172125073,2.640940593886078,0.87,2,-0.6133777922743955,0.20741121472809765,SAM,True
34,0.3119979687845535,3.911818766698089,0.61,2,-47.61336094741691,0.20047717117736116,SAM,True
35,0.15934485632091208,2.0000000000000004,0.96,1,-6.248380211353725,0.19431839693972358,SAM,True
36,0.15417863589492398,3.712328086391114,0.5,1,-194.43765617563122,0.16834031051850448,SAM,True
37,0.28146676239557766,3.5879630467585066,1.06,1,-321.90414697311905,0.3515053951190427,SAM,True
38,0.30680049467962195,2.406599668056338,1.18,2,-0.5667252443472193,0.25846025217850316,SAM,True
39,0.10209942582919848,2.0000000000000004,0.88,2,-20.144537635654927,0.18783668779117468,SAM,True
40,0.9516731153942952,4.2584051058538535,0.5,2,0.7976976310767947,0.08748868468025409,SAM,True
41,0.20687604146108735,3.5131381334826566,0.82,1,-210.91294592699725,0.28560009106574286,SAM,True
42,0.46219242611111205,3.692420066455603,1.29,2,-110.35829033079916,0.4652555202000515,SAM,True
43,0.4524149885431577,4.153636042003915,0.73,1,-7.803301830206438,0.20143092646220304,SAM,True
44,0.973935158427365,4.5626586177455675,0.85,1,-1.158457217001387,0.23466706764918613,SAM,True
45,0.49116620226243396,3.830845600686163,1.07,2,-48.34142544540437,0.3804187177721031,SAM,True
46,0.3557258329031722,2.0000000000000004,1.44,2,-1.0267274527682955,0.28188696598361873,SAM,True
47,0.891799551149877,4.218564276422993,1.05,2,-6.453656432698713,0.2873884192458462,SAM,True
48,0.3899864702964011,3.832325270034333,0.84,1,-67.58825200395954,0.2765415250950476,SAM,True
49,0.36270315109280793,2.0000000000000004,1.46,2,-1.0339936025155754,0.27809043079872503,SAM,True
50,0.15277988278994328,2.0000000000000004,1.02,2,-7.433680333994907,0.20667971974744126,SAM,True
51,0.14810622719665054,2.0000000000000004,1.27,2,-20.03234709195384,0.2762707843815861,SAM,True
52,0.2970097475929532,3.645009370261751,1.0,2,-173.52382935492827,0.33821575763467043,SAM,True
53,0.293519243591393,2.0000000000000004,1.01,2,-0.7144250539267754,0.19975367006663924,SAM,True
54,0.3803261635773083,3.745057098286564,0.98,1,-68.28280746360856,0.36034298444120794,SAM,True
55,0.10469085111675062,2.3718528465927347,0.85,1,-12.822390573702435,0.20095782939649792,SAM,True
56,0.1480241885429171,2.415911283437671,0.69,1,-1.2678336441577533,0.1554852112800322,SAM,True
57,0.1569846244029656,3.7205340547838888,0.35,2,-84.022575457982,0.11434868551795015,SAM,True
58,0.2053002290713493,3.7058152033488674,0.62,2,-243.6848688964838,0.20695323010680583,SAM,True
59,0.25728505300589716,3.4699074625723787,1.11,2,-169.70753930658572,0.3779976327963077,SAM,True
60,0.6798956226173947,4.038986017104899,0.97,1,-11.436620529531622,0.327856235622783,SAM,True
61,0.30097187300016276,3.7325326679194615,0.91,2,-255.45718442784766,0.32028561280697443,SAM,True
62,0.2733838077995683,3.5201574880224102,0.77,2,-30.62220053075606,0.2640729851735018,SAM,True
63,0.16905777005410386,2.0000000000000004,1.27,2,-10.95707074348136,0.2755197590099401,SAM,True
64,0.25262335232430694,2.0000000000000004,0.71,1,0.17740090108236173,0.13029871226691753,SAM,True
65,0.6208030326581822,4.490995206919721,0.47,2,0.5521378130667135,0.056501424170555474,SAM,True
66,0.38238611650511184,3.909216577106453,0.89,1,-39.47422424494598,0.2855821787551457,SAM,True
67,0.287667320323336,3.601986312425959,0.98,1,-139.73018956724943,0.3465512032511145,SAM,True
68,0.641629180763796,4.22138999157339,0.94,1,-4.1631492280652935,0.22895450055685715,SAM,True
69,0.18283970660385457,3.566786087740035,0.79,2,-859.426962769608,0.2740873549060855,SAM,True
70,0.2737112302968056,3.5004399532157118,0.69,1,-17.024628856811997,0.23701231468003092,SAM,True
71,0.738654268697111,4.0850003871914815,1.32,1,-7.673520596524199,0.35411266011727854,SAM,True
72,0.41985705053415034,3.911986746721956,0.9,2,-42.784169852706434,0.30328137895042784,SAM,True
73,0.2943830440810481,3.6372222097374074,0.67,2,-19.458233766374956,0.25095379753464186,SAM,True
74,0.08778101750635446,2.0000000000000004,0.86,2,-26.76209034094556,0.1908038123033771,SAM,True
75,0.10811920315506217,2.0000000000000004,1.02,1,-25.192622129762633,0.21148398011172737,SAM,True
76,0.4815293656004652,3.672393968044729,1.26,1,-149.05284089687575,0.41281534847312873,SAM,True
77,0.4647688060681037,3.6121856120718907,1.25,1,-30.74267812959416,0.36280704311506223,SAM,True
78,0.2580713505577258,3.801228172093499,0.61,2,-64.58510836450117,0.21188898456975752,SAM,True
79,0.06620422166481829,2.0000000000000004,0.73,1,-41.36793842212366,0.15084189620333366,SAM,True
80,0.036066835455416474,2.474046743634051,0.48,2,-12.571920916070072,0.1330840215633396,SAM,True
81,0.4506059744425834,3.6787335944413275,1.21,1,-95.3137912881553,0.41823933889536824,SAM,True
82,0.10395462997872414,2.0000000000000004,0.7,2,-10.728695145241606,0.15136286139526928,SAM,True
83,0.09554283877234772,2.0000000000000004,0.71,2,-8.162622993353812,0.14396826420949724,SAM,True
84,0.10745887737607855,2.0000000000000004,0.61,2,-2.8971461326543375,0.12137220596756651,SAM,True
85,0.1299025055595434,2.0000000000000004,1.02,2,-12.372347190260607,0.2147557262285728,SAM,True
86,0.32249119744654314,3.542247982005479,1.53,1,-3029.9264738955335,0.5374733502481618,SAM,True
87,0.3633432436063424,3.6061405499589907,0.88,2,-8.185832972249155,0.23027724409693856,SAM,True
88,0.11870023612289325,2.0000000000000004,1.27,2,-36.53069097296815,0.26544254354895885,SAM,True
89,0.14759672452208347,2.5377164264568837,0.93,1,-2.7103447436966506,0.2053550641130636,SAM,True
90,0.21221580397396417,3.5539956604073,0.88,2,-688.0233122074043,0.3149910426629084,SAM,True
91,0.16558129232442634,2.0000000000000004,0.96,2,-4.416574328449989,0.18490028984113976,SAM,True
92,0.673866593540463,4.303562105013931,0.55,2,-0.4744685275289362,0.12433502313927726,SAM,True
93,0.046784312390426325,2.5233064559845277,0.65,2,-10.63983171134597,0.1751312552327443,SAM,True
94,0.28684840985197807,3.7338020429596175,0.72,2,-125.84139403161515,0.24084401156059063,SAM,True
95,0.4652481977109047,3.9284077283838355,0.81,2,-20.84877017307275,0.2697566310355117,SAM,True
96,0.554517624745871,3.867512136734982,1.17,1,-29.575149475994387,0.3607323608575089,SAM,True
97,1.0018768155597089,3.958451330989304,1.31,2,-7.269379558491318,0.3898047999222025,SAM,True
98,0.45843163805235154,3.6803197923390076,1.03,2,-27.832531760264015,0.35416690905718884,SAM,True
99,0.24693966010553786,2.561920046335284,1.16,1,-1.011866566969898,0.22169282193277387,SAM,True
100,0.443655019846133,2.4509368373657114,0.58,1,0.7947651293116185,0.13242389622382383,SAM,True
101,0.8834122060825362,4.0262864843956025,0.72,1,-0.40585393394924396,0.22472055468494045,SAM,True
102,0.16415620024712835,2.0000000000000004,1.44,2,-24.65097126375634,0.3211098219867077,SAM,True
103,0.054138856569204856,2.0000000000000004,0.62,2,-40.19842563998355,0.13413952586118247,SAM,True
104,0.24871245043776502,2.0539527972198286,0.62,2,0.45582270860135443,0.10698934689311028,SAM,True
105,1.0571541187479387,4.052620345015279,1.07,2,-2.251641311497342,0.3394986542895327,SAM,True
106,0.399287344546358,3.9021203702961462,0.88,1,-43.91612930325524,0.2988017489638215,SAM,True
107,0.6172997242512168,3.674023694245284,0.98,2,-5.968111683037125,0.32377829350576215,SAM,True
108,0.12928392481442116,2.0000000000000004,0.8,2,-4.502056047308814,0.17310423900820965,SAM,True
109,0.8822360078842704,3.911417429661341,0.88,1,-1.3815077482766012,0.28933219165359525,SAM,True
110,0.09718389938470533,2.5046835892293133,1.14,2,-7.18729727012494,0.28644682451308295,SAM,True
111,1.1334717677403041,3.890552908695367,1.28,1,-2.7062532376443396,0.4401404274969463,SAM,True
112,0.38068191403716384,4.077456287164899,0.63,2,-6.321115817481948,0.16414018110434223,SAM,True
113,0.07497764431496148,2.0000000000000004,0.8,1,-39.77971880594945,0.17555883252160392,SAM,True
114,0.26985784280705327,3.619749127832305,0.97,2,-242.24908581817112,0.3303023576668927,SAM,True
115,0.11331860715897152,2.0000000000000004,1.14,2,-26.973002906889466,0.24003681481700806,SAM,True
116,0.21126676313512555,2.0000000000000004,0.77,1,-0.14896534646526272,0.12679697193974476,SAM,True
0,0.19168597860524708,3.6518382882725446,0.66,2,-622.77506946323,0.22477940436463867,SAM,True
1,0.15706878117058032,2.0000000000000004,1.05,2,-7.895235221267866,0.21604806953020614,SAM,True
2,1.541247369826329,4.270272905582205,1.27,2,-0.8018947644810253,0.316168794772738,SAM,True
3,0.20290152896876984,3.4789320017152394,1.1,2,-799.2302689724661,0.3843364481149654,SAM,True
4,0.22803669565845688,3.530679150088687,0.98,2,-447.0147185149689,0.3540480731388083,SAM,True
5,0.1826759853450013,2.0000000000000004,0.85,2,-1.5217370548418003,0.15579181210380927,SAM,True
6,0.3644388832938509,3.942922543304909,0.57,2,-15.696319210366074,0.1933538986498159,SAM,True
7,0.8463614774157145,3.9193328371619613,0.8,2,-0.9134911132762276,0.22527674382037774,SAM,True
8,0.19994089050057037,2.0000000000000004,0.69,1,-0.0720433664392679,0.13437543955046316,SAM,True
9,0.16472544283514107,2.0000000000000004,0.94,2,-3.3685706094428447,0.19118807166283816,SAM,True
10,0.39931704588958394,3.820280031840034,0.63,1,-9.488357608867597,0.21114778262130512,SAM,True
11,0.23829036540576806,3.57346166904881,0.98,1,-2517.1609752123536,0.3460689757564229,SAM,True
12,0.22041415107995435,3.676241939428348,0.58,2,-107.26601026089061,0.1894298984871967,SAM,True
13,0.5785498747050413,4.044308772878598,0.59,1,-2.084973347663684,0.20173634909781474,SAM,True
14,0.3032384716460221,2.629118885333051,0.87,1,0.3234799179836124,0.16661836058977558,SAM,True
15,0.21047274684277018,3.5174048568363427,0.8,2,-186.03051073703566,0.2701606679552388,SAM,True
16,0.1429484017412886,2.0000000000000004,0.67,2,-1.8142189876768744,0.13223744048459832,SAM,True
17,0.21917768325339418,3.56882139134843,0.96,2,-1334.0038923832396,0.3422863444479681,SAM,True
18,0.2147217261308883,3.5586040632437745,0.86,1,-353.1847325466899,0.31163105079079806,SAM,True
19,0.549692660804495,3.93474736550874,0.64,1,-4.495720700249238,0.17283340341764866,SAM,True
20,0.21455006384372752,2.0000000000000004,0.79,1,-0.5900752733240233,0.14697072310913809,SAM,True
21,0.3105003350382281,3.6061905017152456,1.0,2,-133.19657237213903,0.3591719741113733,SAM,True
22,0.5909044739703159,4.115456645511086,0.74,1,-6.988647556536588,0.23520073802419655,SAM,True
23,0.44770359980703184,3.793514154526578,0.44,1,-0.4351786906501822,0.11687097683988223,SAM,True
24,0.11739000494783125,2.0000000000000004,1.02,2,-18.159590726188185,0.21661449094747762,SAM,True
25,0.8628910517513815,3.750090474915911,1.11,2,-3.3219260432984514,0.35282131445215964,SAM,True
26,0.23509133079158176,3.7665611243064494,0.66,1,-99.97749199653983,0.23613293142967035,SAM,True
27,0.2572899143251783,3.487632052393082,1.26,2,-203.05565361966035,0.433512648520399,SAM,True
28,0.3872818330995405,3.865969968520041,0.78,1,-26.207808146383645,0.29359381646526467,SAM,True
29,0.6982232715414972,4.351001048250509,0.74,1,-3.169727383157179,0.2377385375719506,SAM,True
30,0.21022699264317063,3.611562489642709,0.59,1,-54.78400318967617,0.21371278064623878,SAM,True
31,0.5667087437629458,4.047390326207274,0.93,1,-16.307041888456006,0.28099992105019556,SAM,True
32,0.3820086106176786,3.7117486761441993,0.98,1,-120.56421577951414,0.32539580812290253,SAM,True
33,0.3654579218550541,3.608341827557157,0.95,2,-40.420969278771175,0.3294149983027973,SAM,True
34,0.19177287416175817,3.602575397401827,0.68,1,-249.91132041879555,0.22186998885149736,SAM,True
35,0.6969192277229115,3.8558693940771924,1.14,1,-14.18465042428201,0.3870662275247014,SAM,True
36,0.6050074878217623,3.9540129864003917,0.76,1,-5.213656366247362,0.2574645016644569,SAM,True
37,0.16521391264163993,3.4882125706301395,0.75,2,-372.2910805842354,0.26437666676276905,SAM,True
38,0.07136261502944703,2.0000000000000004,1.13,1,-581.0357600852169,0.2405777129803878,SAM,True
39,0.09586683194888426,2.0000000000000004,0.87,1,-18.772374518324643,0.18106565635862393,SAM,True
40,0.8124030694907816,4.026264569738912,1.06,1,-10.155249130406599,0.2979270590107324,SAM,True
41,0.17326470511287528,2.0000000000000004,1.19,2,-9.506174340852674,0.2416914346478057,SAM,True
42,0.2809191461524086,3.8341302057643447,0.6,1,-39.374200280172225,0.2185827643469471,SAM,True
43,0.0968091744376077,2.0000000000000004,0.7,2,-9.331206523531767,0.14239354834759263,SAM,True
44,0.18713689632468714,3.4659733944231177,0.7,2,-74.73398652567415,0.2430483686224325,SAM,True
45,0.5414035564214813,3.712847271942625,0.79,2,-4.323356399947757,0.2831636835852174,SAM,True
46,0.3787784015617067,2.0000000000000004,1.32,2,-0.37959360413368803,0.24262948369067988,SAM,True
47,0.9385680626292267,3.9628761802374832,1.41,1,-15.921750813709714,0.41142225679894656,SAM,True
48,0.3923787829075502,2.0350071034001562,0.69,2,0.7580359939847431,0.12792198953022918,SAM,True
49,0.514344683233366,3.979020531430579,0.89,2,-26.475858743076376,0.2805678800199941,SAM,True
50,0.2772614969578333,2.0000000000000004,0.85,2,0.2203277571200466,0.15460344377998975,SAM,True
51,0.39213208616701717,3.6465932601002526,1.03,2,-89.58638565461536,0.3403275581467576,SAM,True
52,0.09629209128508019,2.541895738650263,0.79,2,-4.388650744174934,0.18234780860607802,SAM,True
53,0.22072360207807265,3.7693750554848844,0.63,1,-101.60862826751719,0.22186118422610726,SAM,True
54,0.5430300828646286,3.9313605790527637,1.15,1,-17.480530624095493,0.3226669338222822,SAM,True
55,0.17335532523355124,2.5212344137633793,0.84,2,-0.9342839072977387,0.1902887141808827,SAM,True
56,0.2978247817388916,3.5619892620298477,1.09,2,-191.78188969948286,0.3894498064206326,SAM,True
57,0.16341273101092949,3.6577442479985915,0.52,1,-53.548998622004994,0.15577412027359583,SAM,True
58,0.45512929239646055,3.865211809975182,0.94,1,-41.21626442194875,0.28094869950288387,SAM,True
59,0.3455402104909439,3.6422585424386784,1.16,2,-594.5927869048617,0.4050309583538955,SAM,True
60,0.7091753989704671,4.401184107872124,0.92,2,-2.981604475747783,0.2615399180936,SAM,True
61,0.2888048183886818,2.660605501970982,0.74,1,0.3777441626236241,0.17237225281297036,SAM,True
62,0.4723635768020472,3.621974752288984,0.93,2,-11.554564228316067,0.3242116816945659,SAM,True
63,1.6640683716548255,6.289817129046049,0.81,2,0.7576852430068991,0.16143287801308345,SAM,True
64,0.09617064398630513,2.587085749478584,0.85,2,-7.316000697062725,0.20875146517502638,SAM,True
65,0.2230154505755126,3.597429944709397,0.73,1,-153.01044474187825,0.26172062471918,SAM,True
66,0.5238980629327498,3.7907304280440024,0.99,1,-29.47508239798735,0.3107876206599565,SAM,True
67,0.4365592564906803,3.663236403106568,1.29,1,-188.69473702400697,0.44820388943919637,SAM,True
68,0.24329681029308894,2.0000000000000004,0.82,1,-0.08915628721098834,0.17009751462231334,SAM,True
69,0.19666434940151653,3.5194805624872885,0.89,1,-409.6701344262209,0.3073606313817831,SAM,True
70,0.5537103611248636,3.581825851587078,0.72,1,-1.5930743567203596,0.22049646724350705,SAM,True
71,0.3608043619084943,3.8811204773835586,0.84,2,-42.170910242985904,0.2668252955330934,SAM,True
72,0.6980040788399245,3.7575952778373023,1.16,2,-8.990384952418717,0.43070008908619406,SAM,True
73,0.4808194014630585,3.952113775260912,0.79,1,-21.162044543779007,0.2674989744292985,SAM,True
74,0.31323245058932053,3.6310388389060595,0.76,1,-11.158149607610984,0.20830851146691917,SAM,True
75,0.08370908027584673,2.0000000000000004,0.98,2,-79.81071341031323,0.20344640400269642,SAM,True
76,0.056010309597542975,2.6345757298132972,0.61,1,-3.4481665744642633,0.15740753784814468,SAM,True
77,0.629639833930492,3.7522437726587636,1.4,2,-32.62382676907457,0.5139867769939407,SAM,True
78,0.2683070657215773,3.586642470871685,1.18,2,-2639.4006885661784,0.4243217210482253,SAM,True
79,0.13090934853917044,2.0000000000000004,1.02,2,-13.555016950341267,0.2094943630757962,SAM,True
80,1.0565241091888162,4.03230882149249,1.32,1,-8.660228702638292,0.35820999818537835,SAM,True
81,0.23375393201498895,2.1379882491685267,0.67,1,0.3341475723003333,0.13189917448921692,SAM,True
82,0.10346077058858609,2.0000000000000004,0.74,1,-6.888332051857582,0.16026749918176353,SAM,True
83,0.3288537597167157,3.466640017076886,0.78,2,-11.26042569540369,0.26472253131445284,SAM,True
84,0.37133108005774396,3.516517318074897,1.1,2,-38.97405567373772,0.36873317629912394,SAM,True
85,0.23002409431254414,3.463809084117235,0.94,2,-112.83240848432604,0.3331465117215215,SAM,True
86,0.10647423585825824,2.0000000000000004,1.07,1,-54.90957228527707,0.22839848363125123,SAM,True
87,0.32700288186005744,3.760169430789955,0.98,1,-115.63233301341336,0.3469359705620657,SAM,True
88,0.2438971543239257,2.0000000000000004,1.18,2,-1.7047715103501502,0.23446891275248272,SAM,True
89,0.7077322750659593,4.080632099228454,0.83,2,-5.491352249234639,0.24964032563329916,SAM,True
90,0.27019446739920794,3.5472804385724643,0.73,1,-32.68014776143057,0.2535627237404199,SAM,True
91,0.5068910822709479,3.8963363093416135,1.12,1,-14.54169069532276,0.30349911915605976,SAM,True
92,0.21365327629313308,2.0000000000000004,1.33,2,-4.807203540927445,0.29213506384138715,SAM,True
93,1.2794940221008688,4.447702679370875,1.09,1,-1.1361833927012879,0.2846560889191752,SAM,True
94,0.8553394518124524,4.520406647911027,0.48,1,0.34573816902510457,0.14699263043597857,SAM,True
95,0.30603997331926414,3.7025066765869794,0.93,1,-366.7915110295886,0.3164293933292152,SAM,True
96,0.3160346317739175,3.718180571702399,0.85,2,-63.08015923748172,0.3064109758288511,SAM,True
97,0.19439276892096535,2.8637771837148356,0.72,1,-0.28428564966161685,0.15187064057274835,SAM,True
98,0.28332620533947556,2.5681337964664874,0.71,2,0.3146842464457581,0.1618791434087042,SAM,True
99,0.11320775215889735,3.4250513135943077,0.57,1,-131.98650810821658,0.19295311039207505,SAM,True
100,0.0910226137188315,2.0000000000000004,1.14,1,-71.77955449766573,0.24618524327816876,SAM,True
101,0.830966489360344,4.478105323636743,0.92,1,-2.059918827461484,0.23316663435896243,SAM,True
102,0.724361909311857,3.881236308208999,0.85,2,-3.1826770134235254,0.2556445990582669,SAM,True
103,0.3697095045881648,3.7588480388219634,0.87,2,-34.14700065676989,0.2983768733391119,SAM,True
104,0.3934663810827503,3.7826773895617305,1.09,1,-141.88297182804305,0.36862135886091696,SAM,True
105,0.3717745675864139,3.74321374245063,0.69,1,-22.95264907491766,0.2016126124034289,SAM,True
106,0.12086203032090777,2.0000000000000004,1.08,1,-15.736294700622867,0.2323872606775915,SAM,True
107,1.0333413190972902,4.00098832482782,1.12,1,-2.784857912640474,0.39800264625501863,SAM,True
108,0.16761191517372348,2.0000000000000004,1.38,2,-13.206442017175846,0.3059690235090878,SAM,True
109,0.3583764078695454,3.6566471098022513,1.06,2,-133.29110652807503,0.3785986733518833,SAM,True
110,0.8504900744894278,3.5648931922153744,1.11,1,-1.675258649907244,0.3759105482567683,SAM,True
111,0.2368880234214682,3.5928064814564653,0.72,1,-92.1238997067284,0.23271685610080958,SAM,True
112,0.533020005091719,3.813910408736441,1.01,2,-40.59824436454142,0.31630749819727716,SAM,True
113,0.2024627316277562,3.5529719026923168,0.79,1,-125.15803975852934,0.27136637482829584,SAM,True
114,0.348175027326484,3.593949288366597,1.1,2,-93.1861964210026,0.39723873378836483,SAM,True
115,0.21350401363039115,3.592485905676862,0.73,1,-164.94698566109506,0.2621455821335086,SAM,True
116,0.38318667550497404,3.8715030639031185,0.69,1,-20.53646268164418,0.23439180083969294,SAM,True
0,0.08272544399828344,2.4244384099970833,0.9,1,-17.050600010247237,0.21811667384913064,SAM,True
1,2.0880221968974895,5.827535799777658,1.46,2,0.9850537251402149,0.05167203260803703,SAM,True
2,0.37034915279402697,3.6915304706705383,0.96,1,-34.00113836358895,0.3131641576701295,SAM,True
3,1.4815505585728943,6.458400202498432,0.48,1,0.6435028629561599,0.20049859516833166,SAM,True
4,1.2632565388756234,11.999999999999998,0.56,2,0.9868904912377509,0.04699594784469546,SAM,True
5,0.06543436167465069,2.5238791437788635,0.59,1,-5.835869948672435,0.1447062896406765,SAM,True
6,0.242189750061091,3.550748771700768,1.05,2,-265.5705470130576,0.3485381815229438,SAM,True
7,0.6876268283933205,2.51555921490603,1.11,2,0.8184491444626656,0.19891855924700155,SAM,True
8,0.7444606334886551,4.227773572815768,1.12,1,-3.345584390620603,0.2670168591997745,SAM,True
9,0.2914236678930688,3.7643302817670405,0.85,2,-143.3907809163235,0.29013510881382043,SAM,True
10,0.3360957116440821,3.659792759017628,1.26,1,-458.6228070535828,0.4299057186690079,SAM,True
11,0.6021436276444311,3.642356436673264,0.84,1,-2.7563641855826906,0.2459900819362117,SAM,True
12,1.7664622396991667,4.45920480989541,0.88,1,0.764070669939239,0.16719732490387124,SAM,True
13,0.3390428131668874,3.693338478363638,1.12,2,-339.3619260234133,0.39953691106702627,SAM,True
14,0.39337417507388417,3.7762077990085006,1.04,2,-80.14780081230235,0.3287329277996823,SAM,True
15,0.10964423011098665,2.0000000000000004,1.26,1,-54.62542997888973,0.28195325766628415,SAM,True
16,0.3555233104851765,2.0213956555437655,0.8,1,0.644021745744267,0.14266413945722853,SAM,True
17,0.18895919365703107,3.5089367162413727,0.82,2,-135.3033464098473,0.2812924734584636,SAM,True
18,0.19378863867579668,3.640963930294049,0.74,1,-382.60374244837976,0.2507900907369273,SAM,True
19,1.8693751246792116,4.655928807291511,0.91,1,0.7665798985095673,0.16656396563429612,SAM,True
20,0.700119008250464,2.0000000000000004,0.85,1,0.9272434469444018,0.10958144759954912,SAM,True
21,1.2421634558960735,4.876741376912349,0.93,2,-0.08667289854498672,0.21301945192268606,SAM,True
22,0.24405298875718448,3.7389619099921694,0.53,2,-6.042001457601839,0.12363828154778432,SAM,True
23,0.11340839611904369,2.0000000000000004,1.08,2,-26.69249656649821,0.2245150105231334,SAM,True
24,0.1338792341614617,2.0000000000000004,0.91,2,-7.781037728816855,0.1883199833455257,SAM,True
25,0.48706252019577384,3.68561299325384,0.74,1,-5.475412679707344,0.22975544425535227,SAM,True
26,0.2705415787259399,3.8271659507798,0.69,2,-66.71707797112713,0.22790723438928692,SAM,True
27,0.21047777453817101,2.0000000000000004,0.63,1,0.10130521242563195,0.11575544737067368,SAM,True
28,0.46315290382153984,3.6511902584164595,1.49,1,-116.3112706254284,0.5046424464157816,SAM,True
29,0.4346798636122867,3.6346662144713044,0.85,2,-15.12583659797146,0.2674211170660498,SAM,True
30,0.1366825598522877,2.0000000000000004,1.02,1,-9.116235813204376,0.22220809288373677,SAM,True
31,0.23629386123611917,3.5815406343523244,1.06,2,-1360.4592237270174,0.36932993329164326,SAM,True
32,0.15415693856797913,2.0000000000000004,0.89,2,-2.9524477316159525,0.1903347206737861,SAM,True
33,0.5556118123054677,3.8172336235904214,0.74,2,-4.737367489557876,0.23911760167904056,SAM,True
34,0.2893417278475836,3.6075262430008936,0.87,2,-117.98112004807128,0.29927084407971594,SAM,True
35,0.3485022108983777,3.7748984750692665,0.64,2,-21.845028498110214,0.21202409916869427,SAM,True
36,0.6122404199549827,3.8910195258847917,1.05,2,-28.45826568016072,0.32828539031599807,SAM,True
37,0.11534244715470125,2.0000000000000004,0.86,1,-9.576275784932035,0.1727129157731225,SAM,True
38,0.15042147001053233,2.577674678935714,0.85,2,-2.2007361829819962,0.17978372073349153,SAM,True
39,0.5161323381281498,3.9754115982945804,0.7,2,-8.917620826120471,0.20746680309235707,SAM,True
40,0.31842340003482456,3.6868333938111,1.12,2,-208.9766865895761,0.3716457515857778,SAM,True
41,0.15081028304834432,3.577613577671837,0.66,1,-889.562223019091,0.22774183600874012,SAM,True
42,0.3655066666885101,2.619398084029247,0.36,1,0.8350749342801922,0.09912719496345263,SAM,True
43,0.42953060550854055,3.753751390554896,0.98,2,-58.28381012663202,0.34495917880030513,SAM,True
44,1.576154966801031,4.261454623237014,1.2,2,-0.46425676555834916,0.35088079153432766,SAM,True
45,0.2591027678341109,3.5926173381972872,1.03,2,-1025.8347743547797,0.3661889583029377,SAM,True
46,0.6598886774974466,3.952953956240643,1.15,2,-25.483822011248286,0.3757881995089229,SAM,True
47,0.34151811291693834,3.640812586697758,1.08,2,-303.41534395713325,0.38000324019606185,SAM,True
48,0.6777068913909197,4.085247710633738,1.08,2,-6.079600715975118,0.2566741738600709,SAM,True
49,1.5080021529095515,4.63772957420498,0.79,2,0.8056955151889851,0.10862054527850581,SAM,True
50,1.6397905750302848,4.816253758264075,1.25,2,0.36351928317620963,0.20726715448830887,SAM,True
51,0.5250754970972995,3.7494864362528357,0.93,2,-14.533886682458403,0.31586432323033836,SAM,True
52,0.6318402249186784,3.9946469027247318,1.16,1,-20.710828529824138,0.3825765977990829,SAM,True
53,0.4482375489454451,4.060521231781084,0.66,1,-8.937476375004746,0.16016398515169855,SAM,True
54,0.30302497472808726,3.8265378443255296,0.7,2,-46.52343114244035,0.25905272117959205,SAM,True
55,0.11896722088285301,2.509192834034234,1.1,2,-4.818039849973257,0.26755142680334737,SAM,True
56,0.2196963629469991,2.0000000000000004,1.18,2,-2.3387692832538143,0.23705983057257973,SAM,True
57,0.6770278919958314,4.004571834157786,0.65,1,-1.8348228503713884,0.2591594943412744,SAM,True
58,0.20765166783045846,3.5395500341391757,0.9,2,-536.0543378840374,0.31191787997976683,SAM,True
59,0.4460023975286368,3.862064562790897,0.92,1,-15.566028646708652,0.2616450255991975,SAM,True
60,0.21043786995471642,3.504214805692585,0.87,2,-97.67023831351547,0.2952360103777593,SAM,True
61,0.29723593037980783,3.703810931916123,0.84,2,-88.50990696312005,0.26881637411139303,SAM,True
62,0.16954542996866284,2.0000000000000004,0.93,2,-4.403746517159818,0.18904711682013317,SAM,True
63,0.29488612517949786,3.764574347474339,0.78,2,-95.0469432174893,0.25645300615936595,SAM,True
64,0.5235412650567957,3.7621455707496816,0.81,2,-8.45646171786106,0.27424352242662225,SAM,True
65,0.3160833463562921,3.6837557403787717,0.76,2,-45.730686156488176,0.2545924801059437,SAM,True
66,0.4745125404525229,3.8750964306504674,0.65,1,-9.587560421259239,0.1902043478983665,SAM,True
67,0.4714106203126392,3.7532054685047846,0.94,1,-38.250895268009096,0.29841325144720976,SAM,True
68,0.30391128593493183,3.715560845881898,1.01,2,-259.85404909525414,0.3437199548698498,SAM,True
69,0.9249475834086766,3.9692056849908677,1.02,1,-3.0466622193954196,0.2648487170272875,SAM,True
70,1.3648364985773198,4.401615504885295,1.0,1,0.007611219115655321,0.19061042923478486,SAM,True
71,0.5474867402974257,3.6782364472019933,1.92,2,-565.3076040547887,0.6809290350835823,SAM,True
72,0.10340541813315592,2.0000000000000004,1.12,1,-31.63216350068266,0.23902041805841642,SAM,True
73,0.3306249935479117,3.580167388977507,0.99,2,-34.86989279789761,0.3126174581200479,SAM,True
74,0.47957251597291456,2.0000000000000004,0.74,1,0.814476453773175,0.1281987831795185,SAM,True
75,0.19094301557555116,2.8495913288384846,1.15,1,-1.9072193202447973,0.24750098812000168,SAM,True
76,0.07068250700047993,2.0000000000000004,0.62,2,-16.560718410127066,0.12827194050747287,SAM,True
77,0.2694718048453785,3.6945729935128515,0.73,1,-32.773828428410695,0.21263751505445794,SAM,True
78,0.8408954995679703,3.794130239235476,0.77,2,-0.4686957119124775,0.22622109190058176,SAM,True
79,0.24909644992613572,2.0000000000000004,1.1,2,-1.289827605919097,0.2264600337239291,SAM,True
80,0.2831281923917849,3.722477049139125,0.87,2,-176.78066414083233,0.287739870537656,SAM,True
81,1.191898290353852,2.5391037134990815,0.79,1,0.9174600641268608,0.2041966539857219,SAM,True
82,0.29183959248301,3.6981386490793473,0.78,1,-126.67866204670464,0.2708935418413357,SAM,True
83,0.18489561996905898,3.621750652001931,0.76,2,-1028.7153933286254,0.2657596260315143,SAM,True
84,0.29250811805471033,3.6701452454124386,1.06,2,-291.79051048845304,0.3607931998500823,SAM,True
85,0.24692154149888842,3.533769734716198,0.92,2,-55.47686128982335,0.3131655063993976,SAM,True
86,0.6808586885954387,2.4442910419559833,1.05,2,0.7265933416528871,0.21973781989164612,SAM,True
87,0.29885900151890626,3.6104802705859345,1.25,2,-564.6345455601914,0.42980296210531505,SAM,True
88,0.3684460364932867,3.6102254093800235,1.27,2,-188.85878620240265,0.46338999470739267,SAM,True
89,0.5642295641386028,3.6807400501929,0.82,2,-4.122516203613271,0.28019222568903834,SAM,True
90,0.3371652076440148,3.859369121000871,0.79,1,-50.09985669702273,0.2836903775307563,SAM,True
91,0.16224135984069382,2.0000000000000004,1.16,2,-6.930769671870754,0.24903712819315357,SAM,True
92,0.4286662028910907,3.6745939271144894,1.26,1,-160.4626319440963,0.44508439397324534,SAM,True
93,0.13463972100592103,2.0000000000000004,1.14,2,-17.30808470980022,0.2402610894214877,SAM,True
94,0.8037439491536901,3.859111872925241,1.37,1,-24.849894229631392,0.43942998292714003,SAM,True
95,0.5189578077056761,3.795517960829708,1.4,2,-116.10393781388396,0.4835339058242846,SAM,True
96,0.15132274832985793,2.0000000000000004,1.34,1,-21.61547519607955,0.28105195425598245,SAM,True
97,0.3835197194604006,3.8301013679513893,0.95,2,-29.83075910159898,0.2786133108062408,SAM,True
98,0.12724099414175583,2.0000000000000004,1.08,2,-19.768115955685406,0.2245416727175092,SAM,True
0,0.3377368465050619,3.557298057605412,0.72,2,-11.662957156266081,0.23552114650832337,SAM,True
1,0.16934502838688967,3.4968024948041485,0.81,2,-166.63737309773285,0.26872192846059173,SAM,True
2,0.10692903647198149,2.0000000000000004,1.17,1,-38.80589693020314,0.25084491538083564,SAM,True
3,0.38892792879343124,3.650462340271925,1.2,2,-252.46757844474797,0.40821529218381214,SAM,True
4,0.21231558297795547,3.672739113771677,0.69,1,-177.333649845892,0.2541364094894477,SAM,True
5,0.8625293559960585,4.009870703525054,0.9,2,-2.9820367248788364,0.261478361323253,SAM,True
6,0.38255674132210943,3.555974784357275,1.33,2,-141.64594726418028,0.4639395394729731,SAM,True
7,0.3212463269866416,3.647258541522193,0.75,2,-27.20910202608018,0.2507460367778693,SAM,True
8,0.4675571360226456,2.0000000000000004,0.8,2,0.7699163344012319,0.12777693957449554,SAM,True
9,0.09753123313767861,2.0000000000000004,0.96,2,-35.39263624251689,0.19292727293826703,SAM,True
10,0.29772170283309607,3.658525727877228,0.87,2,-144.46449144877846,0.306400600743744,SAM,True
11,1.016238719470482,3.757853271903868,0.92,2,-0.21100548229958438,0.28793901189974114,SAM,True
12,1.4256754592097278,4.741880931748109,1.08,1,-0.3577210843573284,0.28224070883254726,SAM,True
13,0.5339218521674547,4.199867243198771,0.82,1,-6.02592801711187,0.23395031973772412,SAM,True
14,0.5373300872756213,3.861018863420654,1.06,2,-43.49467655101735,0.3572239529500446,SAM,True
15,0.08981644116459647,2.0000000000000004,1.44,1,-805.5538650574937,0.30812246827506373,SAM,True
16,0.3629105730225703,3.7554328709855405,0.78,2,-35.81422519805331,0.27539843610808223,SAM,True
17,0.8701061343107043,3.7061664190145525,1.58,2,-12.406491071029,0.5385224224536749,SAM,True
18,0.3635521554000104,3.5206279640800533,1.18,1,-50.02481900134552,0.3718125920534235,SAM,True
19,0.7312703056698666,4.081748963283126,1.03,1,-11.362817106507343,0.32349539217096684,SAM,True
20,0.21615637862000237,3.550955249210469,0.94,1,-1144.7384559766494,0.3317178338769223,SAM,True
21,0.5054832724946231,3.5421943873347725,1.16,1,-15.54698407569953,0.3916180908571214,SAM,True
22,0.18106051322488778,3.5063165471650937,0.92,2,-778.3778368360205,0.31860032873417327,SAM,True
23,0.3887445563338692,3.759236283642174,1.19,2,-103.32352631023014,0.38688264289523616,SAM,True
24,0.7727477874261983,3.835478899830142,1.02,1,-4.748879974164758,0.3140699205169385,SAM,True
25,0.36306346466573114,3.7433122758762933,0.87,2,-81.59976997429436,0.3011553543136418,SAM,True
26,0.38374547178584845,3.8640945661889803,0.92,2,-21.027912978453152,0.2711541031597183,SAM,True
27,0.33807142254259914,4.319536439128358,0.46,2,-1.521298998455817,0.09897042869989456,SAM,True
28,0.3688400483038577,3.682584848298296,1.06,1,-81.15969485245142,0.39632009566904697,SAM,True
29,0.41107960348070144,3.6533654405264064,0.84,2,-20.358093276714076,0.27120026609762693,SAM,True
30,0.2722177754427107,3.6335752161761254,1.01,1,-622.0247605349184,0.36493529948738057,SAM,True
31,0.37977341004081894,3.640546466561161,0.74,2,-12.735526768003757,0.23826116492430904,SAM,True
32,0.2945632464502098,3.9389674254542295,0.61,2,-35.927966310001494,0.20097346200736851,SAM,True
33,0.17661724126597633,2.0000000000000004,1.12,2,-5.768875887819355,0.2322452479618203,SAM,True
34,0.6788113210051502,3.902016611075835,0.87,1,-5.376880725795682,0.2691047899490271,SAM,True
35,0.14491869341783786,2.0000000000000004,0.81,2,-4.170197683953477,0.1439849488002965,SAM,True
36,0.30240658795165026,3.5219889447333017,0.64,1,-9.765606258443572,0.21392031414309165,SAM,True
37,0.30414588021509065,3.6990298001620396,0.89,2,-405.9332041917239,0.2983565625504819,SAM,True
38,0.4426637771828891,3.756278107894045,1.11,1,-86.21375634290713,0.3943807055680807,SAM,True
39,0.5040088419490519,3.907211303149181,0.93,2,-41.26330783873663,0.2729655870612496,SAM,True
40,0.5734327435559713,3.6358692289075574,0.93,2,-5.6353332124895035,0.31567834611373924,SAM,True
41,0.19965457518733962,3.77449421075407,0.52,1,-84.96031007424426,0.17940729780084205,SAM,True
42,0.4347658760419832,3.898489821260824,0.96,1,-46.57867159309663,0.3095067391815965,SAM,True
43,0.21788846537957476,2.0000000000000004,1.32,1,-5.045399574973748,0.25895685980369787,SAM,True
44,0.7442266748167168,3.8475705645295264,0.93,2,-3.8599229935481842,0.2976072982791052,SAM,True
45,0.2776349749218264,2.0000000000000004,1.08,1,-0.3914510523261385,0.20741596987261707,SAM,True
46,0.36035855013711937,3.854633733621045,0.94,2,-47.62046732860367,0.30773132830538175,SAM,True
47,0.31803914836082564,3.6410812082679134,1.09,2,-129.82827330016391,0.34550390690989524,SAM,True
48,0.0938467355252126,2.562572333700971,0.82,2,-3.7620316217501424,0.20866415923072243,SAM,True
49,0.3863124489052828,2.0000000000000004,1.11,1,0.11270320203496376,0.20998028733876475,SAM,True
50,0.5402590457035904,3.762328827138453,0.65,1,-2.4731210977354325,0.21021718172441353,SAM,True
51,0.04606354142001361,2.0000000000000004,0.48,1,-60.65168076490431,0.09762547479754738,SAM,True
52,1.2850356845124788,3.9060433751005132,1.21,1,-0.7244697091908314,0.34515614624909075,SAM,True
53,0.09684710145638471,2.0000000000000004,0.6,2,-4.444972373171177,0.11838648102102965,SAM,True
54,0.7335806101318574,3.836485565020388,0.93,1,-3.322099153212588,0.3034050391862701,SAM,True
55,0.6260357215269691,3.737707485706212,0.82,2,-3.5657318272837344,0.2604540639490039,SAM,True
56,0.061515869519719026,2.0000000000000004,0.86,1,-177.1154080519799,0.18720097898843138,SAM,True
57,0.4812920080922242,2.0000000000000004,0.78,1,0.8192272856949852,0.13052418516982792,SAM,True
58,0.5517786026856099,4.0596751442350625,0.92,2,-11.766604208066015,0.25287698883809884,SAM,True
59,0.181334902477535,3.5194398494077683,0.58,1,-57.850800209525865,0.191587662960545,SAM,True
60,0.32420452044419995,3.667965753301061,0.87,1,-81.01930662584704,0.306342407198592,SAM,True
61,0.14821045528016105,2.0000000000000004,0.73,2,-1.9192087848142223,0.12746613466394752,SAM,True
62,0.8827291246116815,4.389199401788221,0.83,2,-0.8091459575772328,0.19767329211599224,SAM,True
63,0.6001934499596051,3.6541378166870526,1.33,2,-24.126334831567032,0.47253725362602716,SAM,True
64,0.05341376805368348,2.5566798399873054,0.7,2,-7.732850211124619,0.1847023732339691,SAM,True
65,0.3938231852632572,3.6417899366320383,1.09,2,-69.8913959830211,0.386881451898009,SAM,True
66,0.24844964612890894,2.0000000000000004,0.6,2,0.5622397902406706,0.10427987308478595,SAM,True
67,0.4184348535957722,3.5823448659491124,0.95,2,-4.950590487862569,0.2471354055430815,SAM,True
68,0.9382320080079928,4.028308978666075,0.79,2,-0.5319886653077386,0.23763666743124487,SAM,True
69,0.812397671770671,4.2110692380909995,1.04,2,-3.562036358558827,0.22601930252858154,SAM,True
70,0.5131947421336753,3.75105054382161,0.86,1,-12.609529095113354,0.27280858935959673,SAM,True
71,0.38798136932805843,3.8702007861704133,0.77,2,-50.8667684081212,0.24534566787234935,SAM,True
72,1.079726001683438,3.914447905561724,0.84,2,0.029171791939636926,0.24825607228024446,SAM,True
73,0.26082546892851965,3.5986680358004954,1.11,1,-2223.770147473052,0.3889529149243745,SAM,True
74,0.23295531173048192,3.575065659409161,0.95,1,-974.4225837188505,0.3389616883015596,SAM,True
75,0.2049089875497678,3.515481363189522,0.95,1,-391.6310050361517,0.34645522733767775,SAM,True
76,0.22699342544781986,3.5217969354168903,0.98,2,-395.57311537098764,0.35341854566115544,SAM,True
77,0.09547813886855251,2.450901082028243,0.88,2,-11.576599080306217,0.19640633330694426,SAM,True
78,0.20141878923008186,3.560588619817517,0.9,2,-1160.514910058226,0.31404495062497656,SAM,True
79,0.10009660734878335,2.0000000000000004,0.77,1,-13.095212452805622,0.16012418699294476,SAM,True
80,0.8933057063331246,4.387174069541581,0.91,1,-2.7532089881724033,0.28708043708269754,SAM,True
81,0.22670437660437168,2.6618640430708855,1.05,1,-0.4303500048889142,0.2249716294368955,SAM,True
82,0.41311872510195485,3.66953920661281,1.26,2,-115.75076496143362,0.450437730858082,SAM,True
83,0.5619167066558094,4.240472180610417,0.87,1,-5.332872288871803,0.2620643435089762,SAM,True
84,0.30576304074138594,3.5411507498143466,1.05,2,-88.70317198556283,0.3814556492038115,SAM,True
85,1.084809932981895,5.350014465028126,0.43,1,0.919734365152726,0.05035545323458259,SAM,True
86,0.413821050167289,4.0622496650900715,0.74,1,-13.965602750817965,0.26194644816880563,SAM,True
87,0.2352699291274276,3.703163104677118,0.8,1,-354.37793822185887,0.2772896873554465,SAM,True
88,0.23370015788232748,3.767663934517245,0.6,1,-147.18936842771558,0.2033014922428612,SAM,True
89,1.0696190968546855,4.030047793252026,0.88,2,-0.5608922067983095,0.29878960786451275,SAM,True
90,0.2906159821163505,3.640690207959421,0.64,2,-20.910909280065066,0.21400049204466046,SAM,True
0,0.09987889602805963,2.0000000000000004,0.87,2,-20.31776443273778,0.18154370416951926,SAM,True
1,0.24589901423918753,3.6827449253516957,0.84,1,-171.875951015275,0.2734831831159799,SAM,True
2,1.8528216579679395,4.318241431692589,1.7,1,-1.823584879560281,0.43941384497828423,SAM,True
3,0.7471900247293473,3.7970768457987663,1.18,2,-8.23918040997581,0.42886737876331366,SAM,True
4,0.26722522745302646,3.606937562698878,1.07,1,-325.9140905514802,0.3588929529501563,SAM,True
5,0.1146637734596841,2.0000000000000004,0.94,2,-13.990151193310268,0.19574020242161114,SAM,True
6,0.5330104268794803,3.9150275554355316,1.17,2,-23.775299975450025,0.3558876800080271,SAM,True
7,0.18286773545236645,3.635519793654845,0.67,1,-549.9138923966796,0.24177980296586332,SAM,True
8,0.1612405425397375,3.6185226497648575,0.62,2,-382.28755539689877,0.21064037460265075,SAM,True
9,0.41881378183978757,2.002754213863231,0.55,1,0.8752467213853319,0.09935028638102934,SAM,True
10,0.0942320183759951,2.0000000000000004,1.33,2,-168.81409851535756,0.28246319414475146,SAM,True
11,0.5435179118334394,4.31541951346205,0.57,1,-2.9358624843219316,0.150169105529971,SAM,True
12,0.6684488134338179,4.222227161868536,0.64,1,-2.103121460523284,0.1525566618630044,SAM,True
13,0.25997624625759325,2.0000000000000004,1.2,2,-1.699589635157106,0.23353505428444685,SAM,True
14,0.2172736396771659,3.58392870305843,0.85,2,-274.61581030674506,0.29247243098589887,SAM,True
15,0.3720162882639638,3.7613477755775198,0.99,1,-175.56992590446558,0.338723149715904,SAM,True
16,0.5603460699272531,3.977910322983697,0.87,2,-9.599729835398689,0.3467239130950797,SAM,True
17,0.25149591340084165,3.720904222327759,0.61,1,-74.55944474141245,0.20351576162413723,SAM,True
18,0.11926132310789142,2.0000000000000004,1.16,1,-20.75894571393798,0.25854274615824363,SAM,True
19,0.44435843173695416,3.7793508069191515,0.66,1,-5.622199544133037,0.2546199786683332,SAM,True
20,0.46664795792026936,3.8646970265173612,0.92,2,-56.43109004142262,0.2953517512641786,SAM,True
22,0.35281569696276716,3.783169638091727,0.81,1,-96.58734431453841,0.26854435681093863,SAM,True
23,0.1623880803030722,2.0000000000000004,0.96,1,-3.6852896038785126,0.1881667705428084,SAM,True
24,0.39028743390241283,3.861807765232302,0.81,2,-52.84515254409557,0.2679086596020255,SAM,True
25,0.8877677838941451,3.910277126995339,1.09,1,-4.333835455859115,0.34992929864352457,SAM,True
26,0.4208240476641245,3.662663113960671,0.78,2,-11.020308054449787,0.27028863547254445,SAM,True
27,0.3534251673482224,3.7356392221852825,0.96,2,-141.4370717177011,0.31021957245690923,SAM,True
28,0.3677937903873099,3.8744283097614103,0.66,2,-25.693258034835633,0.20666917794901313,SAM,True
29,0.3836619896483473,3.566957261601214,1.21,2,-83.73468705882988,0.4330088668715986,SAM,True
30,0.2657940242989075,3.667998443896311,0.78,1,-194.1738606788651,0.2702336983272151,SAM,True
31,0.13954584322313696,2.575306018007206,0.84,1,-1.5884741419983017,0.20040159067955957,SAM,True
32,0.17050960880592236,2.0000000000000697,0.98,2,-5.260887806994921,0.18211720814982635,SAM,True
33,0.217234523821092,3.568509372429397,0.89,2,-710.7926282155074,0.318939311622569,SAM,True
34,0.2152739012505364,2.0000000000000004,0.47,2,0.5775263854310893,0.09044137669501276,SAM,True
35,0.7103188136151378,4.065071684629209,0.7,1,-2.10397249836469,0.1805705129549032,SAM,True
36,0.8296071553809476,4.0318395863794665,0.85,1,-2.3799099236957626,0.2584433569153867,SAM,True
37,0.28709465118341876,3.690129858244029,0.91,2,-283.3961837796476,0.30210193534091556,SAM,True
38,0.22929105506857023,2.0000000000000004,1.13,1,-1.4755823351197197,0.22271646628215447,SAM,True
39,1.2098597170578949,4.340017309838788,1.06,1,-1.3515989711921912,0.2699634447094726,SAM,True
40,0.1231571325067007,2.0000000000000004,0.88,1,-12.688614777966253,0.18343013690296658,SAM,True
41,0.05531746497649344,2.0000000000000004,0.8,1,-168.95460776389177,0.17612045725294875,SAM,True
42,0.24928940521183787,3.6985155716479974,0.69,1,-148.09565489078705,0.23531390793977602,SAM,True
43,0.36740519686559014,3.4901222742900764,1.09,2,-12.214182521584545,0.2941706609915863,SAM,True
44,0.34530031716993054,2.572484384868054,0.69,1,0.4742693955553282,0.14193652008237923,SAM,True
45,0.20326528640444427,3.5840659366274603,0.59,2,-75.0877343941135,0.20129899112744973,SAM,True
46,0.24221963561969082,2.0000000000000004,0.62,2,0.3893387670448214,0.12337480250294539,SAM,True
47,0.27910774972344377,3.5918397602159766,1.2,1,-1729.137790611925,0.41835480025727206,SAM,True
48,0.4138763261153379,4.239543556858241,0.56,1,-6.568351208803543,0.15930796524967922,SAM,True
49,0.11842710974037374,2.0000000000000004,1.09,2,-12.937197549875938,0.24011393538162107,SAM,True
50,0.41311592349532184,3.756408420831213,0.66,1,-11.294587190490384,0.191061760963612,SAM,True
51,0.5522433406445849,3.6625015444118043,0.77,1,-2.975493791053735,0.24677690363541746,SAM,True
52,0.14471412128282357,2.0000000000000004,1.0,2,-6.220873890152927,0.21180802534575982,SAM,True
53,0.4610375667691485,3.787708325192362,1.23,2,-119.94025151107324,0.420624183016222,SAM,True
54,0.4505550612576789,3.8912671237050134,0.83,2,-39.21923124784454,0.2372323175231852,SAM,True
55,0.6243017962943651,3.57604613656862,0.9,2,-2.400932854959615,0.2702106164271016,SAM,True
56,0.18638060383412974,2.6046578640479634,0.82,1,-0.44415903684266866,0.19700260577645193,SAM,True
57,0.5762447079185329,3.9270769780129493,0.76,2,-6.92205847561186,0.2330479253540717,SAM,True
58,0.11170766767666296,2.0000000000000004,1.15,2,-38.05704269408382,0.2335656746676651,SAM,True
59,0.5128095325352902,3.7805838855338427,0.81,2,-9.732995390480898,0.2677410071192053,SAM,True
60,0.7034260805126379,3.8158069581151097,0.97,2,-5.396418518228311,0.3324237502764735,SAM,True
61,0.10848512288823862,2.4719655032243337,0.72,2,-3.2719564016497307,0.16702876804571662,SAM,True
62,0.18841576967531723,3.4975048055986475,0.97,2,-1981.4670200008268,0.34703727676583984,SAM,True
63,0.46143654655796207,4.2263065165368925,0.77,1,0.4311875990062065,0.10853944053641834,SAM,True
64,1.553144251412212,4.514449391794065,0.61,1,0.8486423634566912,0.14065289264791517,SAM,True
65,0.29570549445881805,3.598477620610282,1.06,2,-408.8469178164491,0.36697629177551383,SAM,True
66,0.2633398444392001,3.667377364490092,0.85,2,-507.8560023664685,0.29247868735657817,SAM,True
67,0.21113569795940448,3.603198005705993,0.77,2,-382.5030345352749,0.27678252506031964,SAM,True
68,0.4215080466484973,2.0000000000000004,0.95,2,0.5671452793823724,0.18174799608472406,SAM,True
69,0.29653166477758686,3.6289935640800843,1.17,1,-1039.7935381763266,0.4202773743183241,SAM,True
70,0.08530693092192836,2.0000000000000004,0.81,2,-44.809056862569456,0.17934044974232288,SAM,True
71,0.3039865710774807,2.0000000000000004,0.94,2,-0.09648292632212319,0.17167466073752452,SAM,True
72,1.1199031611596209,4.459775546712194,1.14,2,-2.3856154754559906,0.31643065411720117,SAM,True
73,0.9590682466375352,4.26446999484685,0.93,2,-2.1954238585456802,0.2642942569939635,SAM,True
74,0.09071561553184943,2.0000000000000004,1.13,2,-105.78390749372359,0.23378681573516388,SAM,True
75,1.4102077665955137,4.092429634869029,1.55,2,-4.1389793733406295,0.4584509432400418,SAM,True
76,0.08527177050777933,2.0000000000000004,1.23,2,-163.54212100658404,0.26736431895468094,SAM,True
77,0.30168896050166977,3.676698476094246,1.07,2,-435.75102072581257,0.3706716924855922,SAM,True
78,0.10684772776097487,2.0000000000000004,0.81,2,-8.248224182652947,0.17525225393868815,SAM,True
79,0.20753438156908027,2.5755500872335326,0.88,2,-0.30129817261542446,0.1648733481500182,SAM,True
80,0.32960459316750784,3.743742016195431,0.9,2,-175.5624909200227,0.293835086502431,SAM,True
81,0.18996368509128206,2.74351775567425,0.9,1,-1.388418075088409,0.18865896786256273,SAM,True
82,1.0540398140995728,3.844223659501024,1.1,1,-1.3549329868339655,0.337595506844032,SAM,True
83,0.33748209790294054,3.952418751095205,0.72,2,-28.31581388200017,0.226808122450321,SAM,True
84,0.48594367560975504,4.059946653756903,0.82,1,-16.350159787640845,0.2641539534429743,SAM,True
85,0.32465045620372657,2.0000000000000004,0.98,2,-0.1498363744813369,0.18172807823737142,SAM,True
86,0.10427725963358934,2.0000000000000004,1.06,2,-43.457018296820095,0.22575151714826347,SAM,True
87,0.5068946221835273,3.75592101380262,1.16,1,-64.63490049159091,0.38494749146977136,SAM,True
88,0.6549306333795231,3.685871776242254,0.78,1,-1.5786791490676175,0.21597836801859996,SAM,True
89,0.21106062276984264,3.478801296788978,0.95,2,-288.27053627301683,0.32607403808415975,SAM,True
90,0.3033700824014762,3.6547538621151685,1.04,2,-253.46412838725288,0.3826169856429148,SAM,True
91,0.2489433596823929,3.659223652854373,0.79,1,-163.38039176449053,0.28921154635567947,SAM,True
92,0.5340271152722855,3.698895394348897,1.11,2,-35.62798137420344,0.3478650021845232,SAM,True
93,0.2915581129907213,3.5589814539332334,1.18,2,-562.4084851710163,0.4183169150408168,SAM,True
94,0.4928098926148472,3.791676724579464,1.22,1,-35.10170360187246,0.34884895540704697,SAM,True
95,0.20497313047618004,3.6383161234818817,0.63,1,-67.46423138255385,0.21116685000674504,SAM,True
96,0.10874443022223976,2.0000000000000004,1.16,2,-58.448985404796865,0.2523571499384049,SAM,True
97,0.06623879450752365,2.0000000000000004,0.75,1,-85.82172935456293,0.15430486401340476,SAM,True
98,0.06981456789463023,2.0000000000000004,0.65,1,-25.75681779834387,0.13999201273008038,SAM,True
99,0.3014903467712501,3.505710896342576,1.54,2,-2791.4300277256884,0.551473983356971,SAM,True
100,0.5346632885427741,3.628564504669172,1.37,2,-51.258419821309445,0.4638381442567419,SAM,True
101,0.13742366898764505,2.6741997930258465,0.69,2,-0.46672240939656406,0.1584842407948305,SAM,True
102,0.10147973809316936,2.0000000000000004,0.68,1,-9.626777498005163,0.1433959183085072,SAM,True
103,0.33646872104219516,3.8201541393179244,0.46,1,-4.431961062504515,0.12635083522755505,SAM,True
104,0.2720369619976051,3.83756082575648,0.57,1,-10.45170292649191,0.1444932064405209,SAM,True
105,0.3327716978733603,3.634844423768684,1.29,1,-957.0384671543696,0.46382875954837643,SAM,True
0,0.17140595223630872,3.498791467951773,0.65,2,-55.09883261210319,0.20172637950573924,SAM,True
1,0.42903665145647535,2.496264836817882,1.0,2,0.44811363040339514,0.21807202544102422,SAM,True
2,0.32542065706074685,3.6850660136608675,1.05,1,-467.7935812595685,0.3548425960767781,SAM,True
3,0.24300866122593254,3.6493059126235723,0.81,1,-467.23444293737236,0.27174483250956794,SAM,True
4,0.12790648244137356,2.529975054651096,0.94,1,-2.775601663198908,0.23224316167297768,SAM,True
5,0.07266556540168355,2.652700818476912,0.57,1,-2.5047445402838107,0.13804587250582248,SAM,True
6,0.3467818608409462,3.6151125431055817,0.94,1,-50.78578210603446,0.3381854781610205,SAM,True
7,0.31719995657234595,3.758325487041613,0.95,2,-190.39276739697476,0.3273221001722195,SAM,True
8,0.11943611381855163,2.0000000000000004,0.69,2,-6.3433697171511945,0.1431288647814754,SAM,True
9,0.2275267579867656,3.4945251078579087,1.02,1,-181.90562196067143,0.3382985023865931,SAM,True
10,0.1066529036207679,2.0000000000000004,0.75,1,-10.865894975620282,0.15224754146184322,SAM,True
11,0.27701296728564123,3.675811145815347,0.92,1,-309.278999202989,0.3146092826757556,SAM,True
12,1.2644455233665883,4.078867794027514,0.74,2,0.5540258018325669,0.2050890462003802,SAM,True
13,0.19240859378613323,3.611400131810822,0.62,1,-89.9682610919733,0.2097844966475973,SAM,True
14,0.18137709756373796,2.0000000000000004,0.97,2,-2.0224938195521687,0.17577333215758983,SAM,True
15,0.5963371296430822,4.355446474523107,0.83,2,-2.403294178797574,0.20981295019845528,SAM,True
16,0.3165946286479338,3.691106996591744,0.92,1,-183.40213375857806,0.3232827761094174,SAM,True
17,0.6290742784440978,3.9068893525872896,1.43,2,-22.75870534834281,0.4367241652484381,SAM,True
18,0.4421762872067763,3.949821351153604,0.43,1,-1.1204625173028284,0.10976657630714175,SAM,True
19,0.38799321515186624,3.5358928982120923,1.38,2,-94.11966542798996,0.5033221196520375,SAM,True
20,0.10393163207933276,2.0000000000000004,0.94,1,-28.63382223887462,0.19112256445675477,SAM,True
21,0.4342672570229575,3.689740368974174,1.01,2,-51.32495913412666,0.3439566969149881,SAM,True
22,0.2914698063501969,3.7815630233661133,0.52,1,-17.19618394174374,0.17690001464435065,SAM,True
23,0.36921955524342265,3.792310530575503,0.55,2,-7.480733532358613,0.183981620155488,SAM,True
24,0.7722369947636646,3.462994806426766,0.94,2,-0.5379144735478798,0.27758822162953106,SAM,True
25,1.2489680618628045,4.799275245840336,1.14,1,0.5668879499290538,0.1559299464944909,SAM,True
26,0.4732017067571632,3.723959766180876,1.2,1,-35.61739186104803,0.3583529364785181,SAM,True
27,0.33881810671942053,3.5392033211371507,0.82,1,-6.138651154622613,0.20568874190503192,SAM,True
28,0.10200330678132312,2.0000000000000004,0.63,1,-4.45271725233294,0.13059900292612284,SAM,True
29,0.37317221828502295,3.9422162279025046,0.62,2,-2.3365129017228052,0.1239260610221632,SAM,True
30,0.0798336120066143,2.0000000000000004,0.97,2,-50.65322487615194,0.2099925584610551,SAM,True
31,0.2304948615658961,3.581362432772416,0.99,2,-1714.8701975544893,0.3484218943708619,SAM,True
32,0.0954743443750723,2.0000000000000004,0.75,2,-10.121339600861608,0.15837494903613777,SAM,True
33,0.1821045882237788,2.519135480317948,0.65,1,-0.14671724396231145,0.14775758437084943,SAM,True
34,0.44896909616179453,3.831678066371097,0.68,2,-12.252045197751706,0.19855387626345533,SAM,True
35,0.209050270996081,3.554349976452718,0.71,1,-64.62037141104112,0.22345289617808764,SAM,True
36,0.07974288570735291,2.0000000000000004,0.74,1,-20.782248192683106,0.15748349110210588,SAM,True
37,0.08414433151288034,2.0000000000000004,1.0,1,-47.84542815288715,0.2156903789925175,SAM,True
38,0.23214034646596154,2.0000000000000004,0.92,2,-0.9731503524776328,0.17366696523584987,SAM,True
39,0.10890880183014269,2.0000000000000004,0.91,1,-23.851707715655532,0.1895012338986801,SAM,True
40,0.2807871484065938,3.958131054402446,0.61,1,-19.155008817497695,0.18075195515723685,SAM,True
41,0.41139060638832,3.588054668281769,0.91,2,-14.181733044648494,0.33324822163307,SAM,True
42,0.15224304977646655,2.0000000000000004,1.22,2,-14.328248310240525,0.2529341085242044,SAM,True
43,0.10376172662528639,2.0000000000000004,1.22,2,-91.97117755744017,0.26140737461808256,SAM,True
44,0.4252910005338374,4.063782630928144,0.76,2,-6.775473778991989,0.19247582864517676,SAM,True
45,0.6579502182296646,3.771451049611003,1.06,2,-9.260693941303087,0.36619258474044775,SAM,True
46,0.10460777570337561,2.0000000000000004,0.89,2,-18.9301963225324,0.1858333868761693,SAM,True
47,0.2866370476716834,3.7059380489173006,0.97,2,-146.37176069939488,0.3173637599544007,SAM,True
48,0.21838908267890328,3.5025245089157924,1.06,1,-340.72279732507803,0.36116341033797367,SAM,True
49,0.13230288021087663,2.0000000000000004,1.04,2,-17.275360045596994,0.2068568230858251,SAM,True
50,0.3918185017351658,3.813351641300196,1.08,1,-48.233712939067786,0.3388436039272745,SAM,True
51,0.6812503315508284,4.075386286387426,0.97,2,-12.087949219497844,0.2603004285615764,SAM,True
52,0.10011543209543416,2.0000000000000004,1.04,2,-64.04221516644715,0.2144999127892435,SAM,True
53,0.12898662820159945,3.4533320358210546,0.67,2,-413.903009165879,0.23281522526980583,SAM,True
54,0.10400708753507554,2.531714236904004,0.57,1,-1.6023602605011908,0.14175200281833925,SAM,True
55,0.474533030819753,3.970131645936641,0.97,2,-26.21675266525497,0.30574235319392384,SAM,True
56,0.3924711215403828,3.8093466724517584,0.97,1,-76.79707771339649,0.33814646669755644,SAM,True
57,0.20298441111550022,3.711540511456192,0.64,1,-256.78554756232177,0.22296045611703916,SAM,True
58,0.38845193403740874,2.0000000000000004,1.16,1,-0.06655655042315467,0.21870435518683576,SAM,True
59,0.6971693762562606,2.4338182777407935,0.97,1,0.7797844069182642,0.21214253834393965,SAM,True
60,0.23313435260531665,3.632379998110736,0.88,2,-300.69389705684733,0.29486465402420287,SAM,True
61,0.24959738946901824,3.550317331367855,1.07,2,-614.3490940893772,0.37760103097244,SAM,True
62,0.36614626168068926,3.603014571345685,0.82,2,-18.949137416423813,0.28213092041998455,SAM,True
63,0.27366854374600885,2.4499691833072057,0.83,2,-0.5704065071341811,0.19813269908688266,SAM,True
64,0.18044639243495303,2.4129752961394395,0.82,2,-1.1006645659233665,0.183330826418295,SAM,True
65,0.1385731165082124,2.0000000000000004,1.03,2,-10.819972211975053,0.21447808665419035,SAM,True
66,0.439136162857092,4.076768581455199,0.59,1,-13.907643179792073,0.15913675856980244,SAM,True
67,0.32355028842507405,3.5880187817480005,0.62,1,-8.821494801437417,0.22030053851866752,SAM,True
68,0.5990211953925431,4.318763437498846,0.73,1,-3.6997674047769076,0.18139709068816678,SAM,True
69,0.16883216893106626,2.0000000000000004,0.84,2,-1.7156935440180647,0.15442102591153853,SAM,True
70,0.09638806316901655,2.0000000000000004,0.88,2,-39.88091794079507,0.18054925964071578,SAM,True
71,0.05763427215828873,2.0000000000000004,0.57,2,-42.0830634007366,0.11656743698802989,SAM,True
72,0.5499043256943169,3.8890208086598816,1.22,1,-22.576922710033223,0.3453873066648256,SAM,True
73,0.46751283148611633,3.585740544624682,0.87,2,-8.51259973514734,0.2830454636015591,SAM,True
74,0.16046600698482152,2.0000000000000004,1.24,1,-13.078693265096264,0.2621950785454698,SAM,True
75,0.11585720366141301,2.0000000000000004,1.15,2,-30.299947626853253,0.24785877471779413,SAM,True
76,0.6995344591856353,3.8127199720601777,1.06,1,-8.850158583705173,0.3541552072300584,SAM,True
0,0.24892038212755568,2.6068607332972147,1.09,2,-0.3103841380800576,0.24088936956875798,SAM,True
1,0.2440937578789891,3.58954463952181,1.04,1,-1490.691867103922,0.3699697902876069,SAM,True
2,0.7988392751917109,2.6069060847798897,1.23,2,0.8357676656711324,0.21860839858613657,SAM,True
3,0.5049189259731109,3.723237655618613,1.47,2,-224.52891625765272,0.49729869134303145,SAM,True
4,1.1082747206363406,4.329577882682737,1.08,1,-2.398905311026461,0.3002460158703492,SAM,True
5,0.3743037643367287,3.6552579134185734,0.93,2,-71.07815490373115,0.289029169378932,SAM,True
6,0.46377419819770976,3.6707065974789455,0.76,1,-6.646380670925158,0.2617136996791589,SAM,True
7,0.6936219329333383,4.082759302350977,1.13,2,-11.946361413043038,0.3552341366193143,SAM,True
8,0.5134106799019741,4.106222244534496,0.93,2,-9.352144681084356,0.32524756487917134,SAM,True
9,0.07244428922929284,2.5088726741023804,0.5,2,-2.2816084655510647,0.11780111119467024,SAM,True
10,0.23281334631141884,2.5187787712091296,0.89,2,-0.18354195054177724,0.1909021313162386,SAM,True
11,0.11320389004984516,2.0000000000000004,1.12,2,-23.54527153571227,0.24032479217590605,SAM,True
12,0.23646727142792473,3.723085611390134,0.74,2,-269.03618621396157,0.25404457975941314,SAM,True
13,0.06549207400793879,2.0000000000000004,0.74,1,-29.20018943855904,0.16466155615699712,SAM,True
14,0.08840797886016459,2.0000000000000004,1.02,2,-45.62031494321843,0.2187862161287807,SAM,True
15,0.3304416278514372,3.905118816711025,0.69,2,-36.366623310826554,0.22764916765940188,SAM,True
16,0.2657966573711124,2.0000000000000004,1.2,2,-1.7467289563589485,0.23816383645618736,SAM,True
17,0.2532994465707768,3.6200683047476168,0.8,1,-103.12263497944888,0.2537999741995383,SAM,True
18,0.4168247414405886,3.809353608462536,0.7,2,-18.219969215397217,0.21231294355399832,SAM,True
19,0.2074652854480291,3.680997311992177,0.68,1,-248.19673173412522,0.24083301125700687,SAM,True
20,0.36391421862439366,3.9068307925172303,0.8,2,-36.78057413696207,0.28387933326874226,SAM,True
21,0.3712323992409064,3.757436459219686,0.9,1,-64.58930429529242,0.31274493463094155,SAM,True
22,0.13200995977720836,2.0000000000000004,1.21,2,-29.704922617923028,0.2452312263767358,SAM,True
23,0.32656804974440934,3.752553678063945,0.88,2,-96.42305674072027,0.2882587367708527,SAM,True
24,0.3808724806142831,4.061077154097544,0.59,2,-8.617738614221897,0.2075054688399448,SAM,True
25,0.15926444089229785,2.0000000000000004,0.65,1,-0.9001071277311707,0.13732088026210146,SAM,True
26,0.28633113872944427,2.6366436094882113,0.82,2,0.3681626962084975,0.17815733876460793,SAM,True
27,0.7831770975679642,3.92972231998479,0.99,2,-5.856538248677899,0.30143055007366126,SAM,True
28,0.458252006565903,3.7145889844516806,1.0,2,-49.88912944332061,0.3052165321008157,SAM,True
29,0.20612804670454707,3.479757774899448,0.81,1,-69.66861357246991,0.26629253388549823,SAM,True
30,0.23706388569211131,3.5625995412895697,1.03,2,-477.18609654626584,0.3504530168752195,SAM,True
31,0.4226435766656915,3.70795812010651,1.13,2,-152.59365580073555,0.3889104685525632,SAM,True
32,0.25674624550544434,3.6042795924204545,0.94,1,-283.7384575867823,0.33012670997867,SAM,True
33,0.13655665348204934,2.000000000000098,0.78,1,-3.887803192223603,0.14438310363347118,SAM,True
34,0.09101438561333763,2.5625027198221004,0.55,2,-1.4115771067504825,0.12360144358175289,SAM,True
35,0.08176274413939838,2.0000000000000004,0.86,2,-45.06520351183775,0.17709611277213175,SAM,True
36,0.21889166291190082,2.0000000000000004,0.95,2,-1.190434424501361,0.18763232321181655,SAM,True
37,0.2717562630776601,3.6773201209051565,0.59,2,-22.140867179574823,0.20811384540193242,SAM,True
38,0.23392631120958574,3.672349218322871,0.78,2,-74.6763912002031,0.2410970610455217,SAM,True
39,0.10672978805120535,2.0000000000000004,0.76,1,-10.848947911118163,0.16217653396156947,SAM,True
40,0.22809106055001604,3.57007462263208,0.81,2,-64.33019098164641,0.24736128147206113,SAM,True
41,0.4718802293002997,2.4119120521566035,1.22,1,0.5273107554793057,0.2162256298578266,SAM,True
42,0.2074757456998932,3.69356988253136,0.69,1,-311.91829409849896,0.2468619812277352,SAM,True
43,0.06385239939375956,2.0000000000000004,0.83,2,-91.66886398057758,0.1763798864012552,SAM,True
44,0.07344004328936833,2.0000000000000004,0.87,1,-59.5132886255234,0.1823995640165472,SAM,True
45,0.07331512644864036,2.0000000000000004,1.02,2,-147.7193963012487,0.2199813727624757,SAM,True
46,0.1165610524362217,2.0000000000000004,0.67,1,-4.593831088315966,0.13555712863998687,SAM,True
47,0.3651368744446726,2.652114777998848,0.81,2,0.47354772403226875,0.18424084746814376,SAM,True
48,0.07156107163360065,2.0000000000000004,0.8,1,-50.77107502410566,0.17206037179369507,SAM,True
49,0.25833372337993316,3.606442422579094,0.82,1,-107.19204439679166,0.27258188951120116,SAM,True
50,0.22977003391923786,2.0000000000000004,0.81,2,-0.4811576835458309,0.14871960332699805,SAM,True
51,0.39966547991900075,2.0000000000000004,1.22,2,-0.05808154587015668,0.23247841370196481,SAM,True
52,0.45956236988428484,2.189190849812102,0.52,2,0.9146648186827027,0.08019933686760952,SAM,True
53,0.7415725483188254,3.9431995800396833,0.89,2,-3.9590292736328774,0.28734067520497736,SAM,True
54,0.6214802710073515,3.8078942646608906,1.14,2,-15.22729300323951,0.4375243235909695,SAM,True
55,0.3408063583378661,3.645211582550989,0.73,1,-18.562923288432557,0.25419897352000514,SAM,True
56,1.0031347032687403,5.216757725593956,0.44,1,0.9127327755677879,0.046456258035133764,SAM,True
57,1.3297658739675344,5.317855884219853,0.4,1,0.9186842491826462,0.07830561604040047,SAM,True
58,0.21721818265848788,3.541124204353923,1.04,1,-1218.954735055599,0.3618194889980587,SAM,True
59,0.1106605864217558,2.0000000000000004,0.77,1,-8.789822366458537,0.15517771738558903,SAM,True
60,0.10360964224091451,2.0000000000000004,0.72,2,-7.429654954375371,0.14773075738273944,SAM,True
61,1.527725259934512,4.429643835998803,1.21,2,-0.3620626394689077,0.22846762311600674,SAM,True
62,0.7532070447981926,2.023714313729941,1.0,1,0.8844253208030457,0.16159203230255292,SAM,True
63,0.3516148571672528,3.815540119844103,0.63,1,-16.252663095230975,0.19766883604889354,SAM,True
64,0.2541413429814466,2.0000000000000004,0.73,1,0.2244131006508695,0.13734123434135345,SAM,True
65,0.3609456520460471,3.573581872867615,1.21,2,-113.0474295354249,0.43097158057939006,SAM,True
66,0.3071944678096246,3.7635624148861657,0.88,2,-69.20115708262918,0.2823779068212199,SAM,True
67,0.2806991012666262,3.6538933052309956,1.03,1,-798.7664962703602,0.3676853662162011,SAM,True
68,0.8247081554888264,3.9443190087714473,1.44,2,-18.078299473553155,0.43503186588427956,SAM,True
69,0.26988288200519833,3.465035017396923,0.87,1,-44.05814409173875,0.2889316120918044,SAM,True
70,0.2511292628609652,3.6271044827182894,0.97,2,-1165.5868934515875,0.3411945282350434,SAM,True
71,0.40052461907416737,2.4808000781906006,0.74,1,0.5725430727940346,0.16975058305866841,SAM,True
72,1.050445713097794,3.760629230803507,1.47,2,-4.886884291125854,0.45617321390666404,SAM,True
73,0.9106798389798298,4.4824912700570945,0.73,2,-1.0543574488950682,0.23653911688735332,SAM,True
74,0.8172121053790073,4.354123012324885,1.07,1,-0.6421889243425316,0.2131071772961571,SAM,True
75,0.22537697339791748,2.0000000000000004,1.18,1,-2.65943779357773,0.25661385043676593,SAM,True
76,0.110857509331933,2.0000000000000004,0.93,2,-12.238317510279307,0.20085133141766634,SAM,True
77,0.9253580553530697,4.335997255943811,0.99,2,-3.051223738520261,0.2941943982297196,SAM,True
78,0.5146140015535929,3.7179258320749486,0.89,2,-13.806698054103538,0.2684962927451646,SAM,True
79,0.19005390777727396,2.0000000000000004,0.8,2,-0.8498288776504686,0.16511981660156708,SAM,True
80,0.5074004985040781,3.728268711951908,1.16,2,-39.752271294939135,0.40998342729968124,SAM,True
81,0.4478220771302448,3.733436414377866,0.8,2,-14.566228313831271,0.26788812669014933,SAM,True
82,0.44551634264903045,3.6196612890671633,0.64,1,-3.06583392338937,0.21007459130726322,SAM,True
83,0.39125775318712824,3.5605459121963925,1.65,2,-1311.4332436621776,0.5830267662024651,SAM,True
84,0.2577773576067107,2.522964464578813,1.61,2,-1.8930256322783285,0.38929511281648405,SAM,True
85,0.6477652363710049,3.97344690516488,1.09,2,-20.128459287942032,0.35447009157904336,SAM,True
86,0.20254802689354573,3.61226613980964,0.78,2,-183.32341805379474,0.25648951467375786,SAM,True
87,0.1977562037115606,2.0000000000000004,1.15,2,-3.8927919392501096,0.23638493347650033,SAM,True
88,0.08790187017438049,2.0000000000000004,1.15,2,-95.86940828828006,0.24436484617315016,SAM,True
89,0.05860453673305304,2.0000000000000004,0.73,1,-106.25599335530185,0.15317391601206873,SAM,True
90,2.9840037163284547,5.247157961121592,1.64,1,0.5354430888291454,0.3586681633292576,SAM,True
0,0.11832724075133064,2.442906688313608,0.66,1,-2.563827112181592,0.13846595123422586,SAM,True
1,0.10955547872564192,2.5436072928987747,0.69,1,-1.5234438990189552,0.1504049199418235,SAM,True
2,0.2776450288271983,3.788720694565817,0.8,1,-62.17332340871616,0.2618265907622876,SAM,True
3,0.3117105524253711,3.8982325704589296,0.71,2,-31.27705697105293,0.2136316162809007,SAM,True
4,0.5725216045293471,4.0373998220610385,0.98,2,-19.618684771491477,0.31191524453914077,SAM,True
5,0.25995492901353984,3.7207510392529892,0.74,2,-106.13793053145443,0.27223837867655404,SAM,True
6,0.052707598220587126,2.0000000000000004,0.53,1,-25.27432224134407,0.12130404539026025,SAM,True
7,0.2855514222907775,2.0000000000000004,0.94,2,-0.21634761750538312,0.17345924552921604,SAM,True
8,0.16177545177913885,2.4663999439263278,1.11,2,-6.071809266946857,0.23898102778225475,SAM,True
9,0.33359749623673474,2.0000000000000004,0.68,2,0.6751743819747289,0.1132334419948714,SAM,True
10,0.33002344090697056,3.7617929958064904,0.88,2,-67.29514952886159,0.2701977644149888,SAM,True
11,0.13798167946894888,3.5878063084056206,0.44,1,-66.29290244472445,0.13927134019843196,SAM,True
12,0.3112259479155501,3.605927052351193,1.18,2,-274.4648788836935,0.4361100445718458,SAM,True
13,0.36819504435470973,3.8176510978624174,0.97,2,-31.366931906136116,0.29291948289469466,SAM,True
14,1.7633307411145152,4.749451969425834,0.94,1,0.5031972576021777,0.2339630310343221,SAM,True
15,0.22960659978670594,3.459349508878046,1.09,1,-286.90780297329877,0.3901719235159822,SAM,True
16,0.15607931202913874,2.0000000000000004,1.01,1,-7.176802023925196,0.21050564119823026,SAM,True
17,0.2465995886372632,2.0000000000000004,0.92,2,-0.8500049783691048,0.17688086440591444,SAM,True
18,0.21353747963460648,3.5871472664125155,0.89,2,-598.3931348922694,0.3142451574384264,SAM,True
19,0.6648814621116341,3.989994443391748,0.9,2,-7.936016285388757,0.2984506333887557,SAM,True
20,0.07783178641351383,2.0000000000000004,0.85,2,-27.79578193493966,0.18644333219662687,SAM,True
21,0.2382772523530913,3.5955590592940196,0.82,1,-225.91893577373324,0.2941268010134032,SAM,True
22,0.20157921654799296,2.6065458493414457,0.95,2,-0.3438948361372478,0.20536780527783868,SAM,True
23,0.19326748492144086,3.4710441278864206,0.92,2,-337.1435754796916,0.32738049374396627,SAM,True
24,0.19658138560434366,2.5360688863268135,0.93,2,-1.2650794497689368,0.22270499776389394,SAM,True
25,0.5804390780339256,3.7666183597525404,0.94,2,-10.295526070149483,0.2997505214011558,SAM,True
26,0.5841608855350188,3.7004249665388707,0.85,2,-4.269635686709898,0.29732808131787825,SAM,True
27,0.19230061558524258,2.4706836236791463,1.17,1,-2.47143731819384,0.25669986983626514,SAM,True
28,0.5138281947930922,3.799097999758255,0.88,1,-16.01801888852392,0.2993426062806267,SAM,True
29,0.38464768832254265,2.0000000000000004,1.27,1,-0.252194957014767,0.2545777963417338,SAM,True
30,0.2151575089387309,3.556425087374094,0.95,1,-889.1306163874984,0.33356607598560917,SAM,True
31,0.6634513628954509,3.669276096899245,1.1,2,-7.8005861220286175,0.3252932451823995,SAM,True
32,0.2719606994196128,3.5930749527827355,0.88,1,-52.21446351174168,0.2888335967161586,SAM,True
33,0.12485036610524539,2.0000000000000004,1.12,2,-26.165212843288085,0.25000072689733344,SAM,True
34,0.9816065638006937,4.131527878488434,1.07,2,-3.9386103706417224,0.28174467588058844,SAM,True
35,0.41211365596597405,3.6068729740737315,0.67,1,-4.574642503483101,0.17394823607608256,SAM,True
36,0.2398959477638984,3.570988683737719,1.01,2,-1262.1265981180945,0.36181547870283176,SAM,True
37,0.2321838276779718,3.5895524360832254,0.87,2,-141.48408028669996,0.28996772340725185,SAM,True
38,0.21136828695620385,3.53824851270274,1.02,2,-3457.378044470111,0.3660766985526625,SAM,True
39,0.8005022056482163,3.9892313923572016,1.01,1,-5.514366523847303,0.34134615476839986,SAM,True
40,0.11126156860946237,2.0000000000000004,0.76,1,-6.1124593749056855,0.158024598530419,SAM,True
41,0.3997449545705382,3.799844068437879,0.87,1,-40.67934449470067,0.3126975250694635,SAM,True
42,0.4981568479234524,4.077637071194725,0.84,2,-16.04860175861104,0.25715221965056523,SAM,True
43,0.9673514172021921,4.507444544934864,0.57,1,0.3799640792128506,0.14148352160873004,SAM,True
44,0.11824007552722823,2.0000000000000004,0.94,2,-18.058875595462627,0.19956117881305194,SAM,True
45,0.5565246194891408,3.6766158729263676,1.2,2,-23.278351528714847,0.4280156538185711,SAM,True
46,0.1248423621984634,2.5873080218538265,0.71,1,-0.9410370606560594,0.1562524559737429,SAM,True
47,0.27414435605370396,3.4618510809566443,1.13,1,-130.2815130605785,0.3919359785058186,SAM,True
48,0.4759697900321296,3.578183609078771,1.7,2,-176.46312131219403,0.6171189985213293,SAM,True
49,0.5226914416693632,3.86535333947865,1.25,2,-52.31964123675689,0.4114070203050886,SAM,True
50,0.31004493869162963,3.5920347243068336,0.8,2,-28.394583378902396,0.28945663695947316,SAM,True
51,0.2681871977178138,3.6157572917665233,1.11,2,-1512.8042276046838,0.38907637137259876,SAM,True
52,0.2392680268920465,3.735212893516991,0.7,1,-257.5210070762805,0.24104480152119864,SAM,True
53,1.7423336929979145,5.758185954405493,1.16,1,0.6513914688142146,0.19709010851152112,SAM,True
54,0.3170347431301712,3.5746283652556055,0.91,2,-32.85940822591432,0.28708924206496905,SAM,True
55,0.19963675263705663,2.0000000000000004,1.11,2,-3.1863030064803617,0.21450239993285639,SAM,True
56,1.2272948548695608,4.089438110912944,1.33,1,-3.5113421419788597,0.39993653199359985,SAM,True
57,0.5520108106984757,4.0455509671343,0.91,2,-6.583658055075824,0.2330232303370824,SAM,True
58,0.08131026021321296,2.0000000000000004,0.89,2,-24.34145519051775,0.19798205932844867,SAM,True
59,0.6823778644323851,3.613553127314035,0.99,2,-2.323921755568352,0.2726732081455472,SAM,True
60,0.24498775532169748,2.717219581696625,0.95,2,0.07451135291929634,0.2060420147628009,SAM,True
61,0.6960852781156341,4.144198354299459,1.11,2,-5.279118217437461,0.2902687910430461,SAM,True
62,0.10649525804423952,2.5026517189129325,1.05,2,-6.1160361930762575,0.2539394324247602,SAM,True
63,4.999999999999996,8.534792167246783,0.68,1,0.9175620985689147,0.23645587970125154,SAM,True
64,0.08799047415779902,2.0000000000000004,0.96,2,-66.12185797212986,0.20985547939973864,SAM,True
65,0.22835883832095383,3.6592375846050857,0.58,2,-56.37082094519646,0.19955365325212746,SAM,True
66,0.05604061967887661,2.0000000000000004,0.66,2,-38.993311850405625,0.14337559865998284,SAM,True
67,0.4267083012368034,3.770192373163369,1.03,2,-115.1735978239618,0.34971667834001824,SAM,True
68,0.14180206248294755,2.0000000000000004,0.9,1,-7.352566696220496,0.18029471696553698,SAM,True
69,0.07556953117546929,2.0000000000000466,0.79,2,-33.647691205677965,0.16700301049059724,SAM,True
70,0.7494461015627699,3.8511481406195656,0.92,2,-4.012964015807234,0.2623641819246966,SAM,True
71,0.771694608675622,3.8450229425702425,1.09,2,-6.6561683759667964,0.376358268325304,SAM,True
72,0.2870580079234492,3.6372923972882436,1.05,1,-264.58634474864766,0.3686504963665863,SAM,True
73,0.23638687499189776,3.5717622191870557,0.96,1,-335.27456429238674,0.34068831592991317,SAM,True
74,0.3541108238706117,2.5312965147528117,0.78,2,0.46473112707733866,0.17858097384872507,SAM,True
75,0.26335148781153644,3.6204285062138686,0.71,2,-79.82344438252915,0.2332671766367783,SAM,True
76,0.6658856612757628,3.686054893431052,1.11,1,-7.061693607858665,0.39462925635515955,SAM,True
77,0.09186488340602883,2.0000000000000004,0.91,2,-39.95994437285229,0.2039691768354958,SAM,True
78,0.3257158316984127,3.6566476344732646,0.98,2,-120.25415409486737,0.35758036584043396,SAM,True
79,0.13942038169172735,2.4015188542962203,0.87,2,-5.050015670277853,0.18071453341536492,SAM,True
80,0.4047022994862084,3.7848932883745894,1.13,1,-99.6670637339274,0.36452228662488545,SAM,True
81,0.12852507025094473,2.0000000000000004,0.82,2,-5.616491605682184,0.17632159849863888,SAM,True
82,0.29293810735281084,3.5457804381836744,1.07,2,-143.83641307545693,0.38712979532687614,SAM,True
83,0.3835458568556626,3.691933809552839,1.18,2,-244.76151699786988,0.41543178464891706,SAM,True
84,0.45611139350381347,3.854810082506768,1.2,2,-42.68924711628058,0.3942114305707155,SAM,True
85,0.6050066579324012,3.838922486412216,1.41,2,-20.163097835849015,0.39085512201694544,SAM,True
86,0.25253297857586754,3.6538552569479994,0.72,2,-110.48140087132147,0.23918151197600399,SAM,True
87,1.296465899436649,4.132715480929054,1.13,2,-1.0812774381191175,0.3109363174638464,SAM,True
88,0.7985560768624534,4.537467714886232,0.93,2,0.8528490606766359,0.08549832886336786,SAM,True
89,0.7862323809767235,3.8684967360343374,1.14,2,-12.363552053473326,0.3231573614224998,SAM,True
90,0.13083873855218234,2.6398153252413388,0.42,1,0.2959950135092516,0.08643840513091647,SAM,True
91,0.4861234925947216,3.77529943054307,1.06,2,-59.84111767211526,0.3635829182209864,SAM,True
92,0.6635658379702333,3.9588159819782094,0.94,2,-12.221968790657899,0.29525673412664555,SAM,True
93,0.3836678228907846,3.695051548220897,0.49,2,-2.11273232180337,0.1354650176342083,SAM,True
94,0.08301887597398067,2.0000000000000004,0.75,2,-16.618778354688867,0.1493610423267175,SAM,True
95,0.6433022832732712,2.6242771663709132,0.57,2,0.8580861552634508,0.15807956578508814,SAM,True
96,0.44056487262578,3.9352970801522202,0.99,2,-29.07009558663867,0.3167236001263983,SAM,True
97,0.5233251237346765,3.725106379312302,0.84,1,-7.987740945427957,0.28786623893198343,SAM,True
98,0.6305518017693644,3.98235234108303,1.18,2,-8.678100168274657,0.3085229941171673,SAM,True
99,0.18948340192869617,3.5136639059765913,0.92,1,-575.3549640389051,0.32266509061872156,SAM,True
100,0.5599588808795197,3.870867217151869,1.23,2,-52.476361195390524,0.42811221366433105,SAM,True
0,0.08816881167371507,2.0000000000000004,0.88,2,-22.654707986326944,0.18916569325941768,SAM,True
1,0.22054092485632823,3.5639040986960624,0.86,2,-239.5039416672577,0.3156821396107878,SAM,True
2,0.5020517785300387,3.7629020766704246,1.21,2,-135.28001915228373,0.4038883758231872,SAM,True
3,0.16486470150950336,2.0000000000000004,1.18,1,-7.036752954046619,0.22957767730217732,SAM,True
4,0.4700058408041122,3.8889306462605866,1.0,2,-16.737865225016208,0.280033792212912,SAM,True
5,0.30698593965439996,3.627823376132304,0.96,1,-88.68871493271882,0.3535953282564793,SAM,True
6,0.28710082505786527,3.6491523592860644,0.97,2,-678.0667579506971,0.3405152697311555,SAM,True
7,0.46097120087224314,3.6092207184057568,1.08,2,-32.59644109871232,0.35097488097425816,SAM,True
8,0.2864008126942266,2.0000000000000004,0.9,2,0.06958833538620757,0.17120939433957505,SAM,True
9,0.5074729115219453,3.8159843671016787,0.98,1,-48.00994669434532,0.31067619625645077,SAM,True
10,0.1719651345144714,3.6858336766642568,0.58,1,-283.2985950783095,0.19872573522905393,SAM,True
11,1.9986836944450415,4.479002390034196,0.93,1,0.7887920545148825,0.18969345109505406,SAM,True
12,0.3627406112683639,2.7683356539311434,0.74,2,0.6772756299110103,0.1540508436101477,SAM,True
13,1.589276424660352,4.057477145066148,1.4,1,-1.0757624104626586,0.5099241928393676,SAM,True
14,1.0015873548336673,4.233130600147318,0.79,1,-0.5816018512967616,0.20520661268661264,SAM,True
15,0.2894130074938512,3.796796469455239,0.75,2,-90.02978424418941,0.2529684328643056,SAM,True
16,0.19405022054467133,3.5261219862753213,0.63,2,-26.035942584576595,0.19292934964207967,SAM,True
17,0.24188827728338322,3.520196420380456,1.15,2,-749.7078492589159,0.4065413141279037,SAM,True
18,0.247387161440021,3.695039404112214,0.86,2,-235.04863501802612,0.2888408377649726,SAM,True
19,0.18201553039256196,3.560067936419465,0.75,2,-371.8314564602382,0.253350870423203,SAM,True
20,0.09860466746891247,2.0000000000000004,1.08,1,-35.95903568590995,0.22695283759695872,SAM,True
21,0.6248835641512753,4.196850534148172,0.93,1,-6.879700788236834,0.2705377599680786,SAM,True
22,0.28368918708639623,3.5657102283209827,0.93,1,-103.17588338344261,0.30157006554847515,SAM,True
23,0.20358567700057711,2.0000000000000004,0.89,2,-0.9433753344382685,0.1699169652796197,SAM,True
24,0.5543737922631631,3.7685977217031263,1.52,1,-139.0865298409328,0.48862856854638814,SAM,True
25,0.36452986766349904,3.8715076313440906,0.65,1,-18.53503981986798,0.2370026837326016,SAM,True
26,0.35888504411188715,3.7035021391223544,1.23,1,-168.81423650380617,0.4141487310596331,SAM,True
27,0.39527127785007743,3.610306436672023,0.49,2,-1.4501247676276598,0.1679009933155877,SAM,True
28,0.3977011449039166,3.6740927151763416,1.31,1,-457.4053317845566,0.44551646951532053,SAM,True
29,0.4121024719296688,3.7546770766184436,0.81,2,-23.882979452053974,0.2807495699578261,SAM,True
30,0.3309294982926992,3.7910809489499435,0.88,2,-89.347229871183,0.2772807046083049,SAM,True
31,0.5012811234580118,3.8839250330076025,1.05,1,-48.82016818125095,0.3516187170292839,SAM,True
32,0.3106087610813521,2.0000000000000004,1.16,2,-0.21940852661212484,0.22154000493728312,SAM,True
33,0.19145075130419845,3.4850555269904273,0.74,1,-34.43281396492923,0.23017506544567504,SAM,True
34,0.08998150779111368,2.0000000000000004,0.89,2,-41.7287019836884,0.19896124915613164,SAM,True
35,0.1280065407372171,2.419683053133556,0.93,2,-5.694075619782418,0.20766440960599408,SAM,True
36,0.12542370131714917,2.0000000000000004,1.21,2,-20.091839060825997,0.2703543011734709,SAM,True
37,0.2936154626017684,3.677901740927179,1.05,1,-524.3891553034292,0.36877056411641596,SAM,True
38,0.4503165942008086,3.686479849183212,1.05,2,-25.575542128847545,0.3677669113567336,SAM,True
39,0.4085021859332427,3.959842693341545,0.79,2,-16.675036820882347,0.2257803145658961,SAM,True
40,0.10778361407973958,2.0000000000000004,0.93,2,-16.38364910766645,0.19762771473821575,SAM,True
41,0.26512320132378636,3.7702724446576696,0.61,2,-78.88362242210972,0.20456352746664774,SAM,True
42,0.3041041756344911,3.6961364168699076,0.96,2,-279.27975078394945,0.3359009027608986,SAM,True
43,0.2992898790628708,3.6016605392077894,1.21,2,-1106.5707129895088,0.42096474208456136,SAM,True
44,0.1911049568137698,3.574857479297525,0.77,2,-407.5451449883971,0.2719313723035646,SAM,True
45,0.26923304876152837,2.0000000000000004,0.95,2,-0.0243929242637817,0.16359799414513185,SAM,True
46,0.21027776209994786,3.5579809142716763,0.75,2,-106.81822982909067,0.27771110524976644,SAM,True
47,0.3281974058296289,3.7993456987271204,0.89,2,-93.89204039056048,0.30647665043228406,SAM,True
48,1.7443997309825998,4.781734654146209,0.85,2,0.6230532939715898,0.1973395728257557,SAM,True
49,0.3023581889322043,3.8173047047829614,0.8,2,-78.81258761944346,0.26899311108262836,SAM,True
50,0.31106232914567056,3.6689843979584427,0.89,1,-138.24958184590056,0.3143341109306739,SAM,True
51,0.2935129028492761,3.538612270683717,1.09,2,-179.4977126823413,0.37755777513912464,SAM,True
52,0.4257364609753265,3.948338046665428,0.96,1,-8.871037949468294,0.2564917156044593,SAM,True
53,0.2928584275521742,3.8537052289157536,0.64,1,-52.55608711075667,0.21420592342916378,SAM,True
54,0.30659769522083385,3.8122329414491,0.59,2,-33.68354729929143,0.19408798921425668,SAM,True
55,0.2787211365999561,3.6348537194256405,1.03,2,-598.882305404161,0.3701852426104079,SAM,True
56,0.42823655002835914,3.5894122459650366,1.11,2,-15.382496049081997,0.30632366288827156,SAM,True
57,0.30726414346497755,3.560633358296187,1.21,2,-605.7683193768653,0.42820476227208754,SAM,True
58,0.6404272660594575,4.10112832245814,1.04,1,-11.436858249000043,0.2981162383585039,SAM,True
59,0.4226748986308511,3.807561917351124,1.11,2,-26.519476088015676,0.321868831181559,SAM,True
60,0.1107612327345121,2.0000000000000004,0.9,2,-9.466082284099667,0.19601032145661185,SAM,True
61,0.5587426519034813,4.131586441469549,0.88,1,-8.882230677738935,0.3139982749148386,SAM,True
62,0.7074206348758054,3.8686802069074866,1.04,1,-13.136262876791504,0.27481085375664455,SAM,True
63,0.9634195833307708,3.8218005186999866,1.23,2,0.5800150656676824,0.15677352564148567,SAM,True
64,0.29531696217392506,3.8428908267789024,0.73,2,-65.35179189038972,0.2410055914349878,SAM,True
65,0.36082460004113415,3.9107193907356717,0.54,2,-13.183343297056178,0.16132534709823565,SAM,True
66,0.1410651279109233,3.7715223521008374,0.3,2,-29.185190571604533,0.11134885283327603,SAM,True
67,0.3976882209037246,3.7403259897015997,0.96,2,-43.91143027345772,0.3601671538947497,SAM,True
68,0.2187665445363517,2.0000000000000004,0.71,2,-0.13456547804009933,0.13557539181634531,SAM,True
69,0.24220539226562224,3.6186915248453255,0.85,1,-252.69137235959005,0.2992160126387338,SAM,True
70,0.21909374647174798,3.544061580585143,0.95,2,-834.1213377107404,0.33844533189335774,SAM,True
71,0.2556079632969851,3.6712439288937477,0.84,1,-183.49429319081338,0.2906987548186613,SAM,True
72,0.2589397114695537,3.6095498393986496,1.05,1,-1101.462526514923,0.3675087538050535,SAM,True
73,0.6542855469229445,3.741987138263235,1.15,1,-15.090978180644942,0.3707576079498634,SAM,True
74,0.5307212995498305,3.6635454592618046,0.8,1,-4.6803690516944805,0.28738240474495313,SAM,True
75,0.8092055626206257,3.8860321997680267,1.12,2,-6.917267509202112,0.3708702052207632,SAM,True
76,0.21920785277805963,3.7522323551128585,0.54,2,-104.41421483057324,0.18005886791072273,SAM,True
77,0.31596758016526794,2.0000000000000004,1.07,1,-0.32377220480836266,0.2023742598018702,SAM,True
78,0.16633691411057921,3.467986958798586,0.86,2,-338.4916728165791,0.2934427847012039,SAM,True
79,1.004044846574302,5.045086350779506,0.93,1,0.4370175358206112,0.15858132997611354,SAM,True
80,0.6352630837172645,4.248790638039323,0.64,2,-2.573452066666499,0.22441785980420909,SAM,True
81,0.08576458882692309,2.0000000000000004,0.81,2,-23.64749745225925,0.18244978530851508,SAM,True
82,0.2643778643082461,3.699239772201822,0.72,1,-51.54829415248285,0.2221218558870506,SAM,True
83,0.33403917363924607,3.5402679808646047,1.56,1,-2530.9685585187144,0.5517643514003872,SAM,True
84,0.24352504166517452,3.4667221159791684,0.84,2,-56.584214936349625,0.28397753074048215,SAM,True
85,0.2958026575756891,3.7201572967441736,0.68,2,-44.66997071057487,0.23599107839768738,SAM,True
86,0.23995735215381298,3.559641333087239,0.71,2,-47.904025530715295,0.2583338719568831,SAM,True
87,0.4985650735528662,3.7054838894340816,0.94,1,-4.599410830540257,0.2550210911748623,SAM,True
88,0.33472756604466947,3.7496814445905846,0.88,2,-81.61876500391368,0.3176070013698981,SAM,True
89,0.6697771561365446,2.000000000012795,0.93,2,0.8621008925447281,0.16251575079911504,SAM,True
90,0.1606380138395745,3.637616441974734,0.54,1,-147.34027863198838,0.1958439747428726,SAM,True
91,0.23579839318135648,3.6392065967607885,0.83,1,-218.710133900679,0.3060216454334978,SAM,True
92,0.14329282771600244,2.0000000000000004,0.56,1,-0.5613753671767485,0.10252830507737605,SAM,True
93,0.2794331748749638,2.006868473070311,0.63,1,0.6205674831251768,0.10368573140843126,SAM,True
94,0.08567452541945834,2.0000000000000004,0.83,1,-19.179981444951043,0.18871788058715425,SAM,True
95,0.10829152193437172,2.0000000000000004,1.0,1,-33.95039227046485,0.2250433656333694,SAM,True
96,0.10118719684411773,2.450953009453691,0.69,1,-2.640229910546671,0.15904062097350763,SAM,True
97,0.2694927970237932,3.730673135839923,0.91,1,-106.43082197331161,0.3054318722215232,SAM,True
98,0.8283731870185559,3.9362382683349764,1.36,1,-24.31868483484665,0.4284782754466927,SAM,True
0,0.6096467481353751,3.6838786040569973,0.78,1,-2.302419453176672,0.23686424802667108,SAM,True
1,0.06386457027769334,2.0000000000000004,0.79,2,-96.43095808105252,0.16415976576383845,SAM,True
2,1.1991728469518772,4.307681527524412,0.77,1,0.3131583599282365,0.18586927082824112,SAM,True
3,0.1022849095645297,2.0000000000000004,0.54,2,-2.568479271008604,0.10700234308567179,SAM,True
4,0.20603337703293922,3.6511160400118685,0.74,2,-239.12371020563015,0.24938332130128152,SAM,True
5,0.2852910605958999,3.557731320585978,1.11,2,-555.6263506155395,0.386261733826934,SAM,True
6,0.33716225063039384,3.4651755096304386,1.14,2,-53.93448547287969,0.38516376694124066,SAM,True
7,0.5435727775779283,3.8852425139707942,1.03,1,-10.723707433223648,0.27818733394371015,SAM,True
8,0.2863483996191916,3.6800720520190486,0.83,2,-240.22617545259953,0.28246337378666875,SAM,True
9,0.10045597749599135,2.4881444708564047,1.24,2,-10.651106392866922,0.31143626626329013,SAM,True
10,0.5416786706523533,3.7272560774242156,0.84,2,-6.718207724504296,0.2963932338104514,SAM,True
11,0.27963258477019115,2.456247359672874,0.92,2,-0.2779780037622199,0.2115205342518597,SAM,True
12,0.3472318710861499,3.7257828057492355,1.08,1,-40.36889682503242,0.3227816295002124,SAM,True
13,0.36257968749428443,3.5966172779186483,1.08,2,-77.65145601898914,0.3819500840191842,SAM,True
14,1.226703935098366,5.279815041994891,1.01,1,0.1257442826246573,0.2587525981315483,SAM,True
15,0.0698534368018762,2.0000000000000004,0.94,2,-120.6113000094876,0.20361362500145821,SAM,True
16,0.39101142808221484,3.8076585954253503,0.77,2,-40.55503817665625,0.2509067967116618,SAM,True
17,0.28809347642697153,3.621959936726479,1.07,1,-449.1742293944097,0.3707630006997419,SAM,True
18,0.2799986989843267,3.6300186944769126,0.91,1,-118.9195592920912,0.29021836893000613,SAM,True
19,0.9474480977654555,3.8323222338755345,0.92,1,-0.8665610217813333,0.3189615052822772,SAM,True
20,0.26934527628709776,3.684525464164489,0.87,2,-295.55722570148237,0.2985270706243447,SAM,True
21,0.12545246397664142,2.0000000000000004,1.43,2,-53.74723646226233,0.3023804012960975,SAM,True
22,0.37043944804487927,3.7338556179158235,1.02,2,-155.55153923223716,0.33834412592533814,SAM,True
23,0.22141678879434168,3.679472870216996,0.69,2,-123.08772711678316,0.2572324621966549,SAM,True
24,0.593237527865417,3.8649802259820114,0.73,2,-3.376056709205958,0.2438943193625265,SAM,True
25,0.18755572651050031,2.0000000000000004,0.7,2,-0.498548098120841,0.14672553201573235,SAM,True
26,0.5501259372657231,4.043182851311406,0.85,2,-14.931339608875312,0.24235573053589193,SAM,True
27,0.46696791386013103,3.5881978216191284,0.9,2,-9.231639553047131,0.29868261135417046,SAM,True
28,0.22515609165867898,3.6246841687484506,0.9,2,-1314.389543439624,0.3149082686750436,SAM,True
29,0.12969346158634093,2.0000000000000004,1.41,2,-41.01898045949875,0.3066918778650529,SAM,True
30,0.302332264658413,3.7101045265941246,0.86,1,-133.0839124604441,0.30322051318017895,SAM,True
31,0.1492048684608906,2.0000000000000004,0.9,2,-5.074210991093526,0.1913797708536245,SAM,True
32,0.269777661047161,3.50076111899094,1.29,2,-702.4908009535516,0.46430347946596967,SAM,True
33,0.10725730341856084,2.503162928154604,0.93,1,-7.401594709492301,0.2466138438094887,SAM,True
34,0.5706227388581526,3.884934688234039,0.67,2,-3.34825834461484,0.21227535724833868,SAM,True
35,0.2752019033064043,3.571285545445651,1.22,2,-1926.9610087467959,0.4234159824609416,SAM,True
36,0.21321198441615366,2.0000000000000004,1.2,1,-3.976163862202209,0.25122149273014643,SAM,True
37,0.39136433945300736,3.802399463187042,0.87,2,-25.879915565334585,0.2699550923470653,SAM,True
38,0.243123238714576,3.8310821992553503,0.55,1,-53.48552765708511,0.18028834232725816,SAM,True
39,0.23652778904794922,3.6054420441063098,0.88,2,-398.84610164160955,0.3182530691239852,SAM,True
40,0.99960531312814,3.9165310492954357,1.32,2,-6.689098690592617,0.42612979299491754,SAM,True
41,0.23563999748152328,3.7015286281069866,0.7,1,-176.02636703576263,0.23400005467484777,SAM,True
42,0.05829956645898461,2.602605887021828,0.41,2,-1.8535991143848745,0.09946800845211823,SAM,True
43,0.10087645646241597,2.0000000000000004,0.75,1,-10.378485971190193,0.14417268476632944,SAM,True
44,0.05366287577489108,2.0000000000000004,0.55,1,-26.416145995053803,0.11639924909249044,SAM,True
45,0.12447544567441905,2.0000000000000004,0.85,1,-9.657030681551147,0.17103668969217653,SAM,True
46,0.6162780819612989,4.169246210662684,0.71,1,-4.961084412165355,0.21512263067331483,SAM,True
47,0.11810185157059284,2.559200303268563,1.02,2,-4.457499297401294,0.2445259958107753,SAM,True
48,0.4431533736888898,2.760918208323277,0.74,1,0.7034165222976471,0.1557679221418939,SAM,True
49,0.8018958325027465,3.7082185119286253,1.11,2,-3.327631214977232,0.36051348650308923,SAM,True
50,0.05406181895043789,2.0000000000000004,0.62,2,-26.52117917535977,0.13863509905108537,SAM,True
51,0.2114087993277754,2.0000000000000004,1.18,1,-3.5942363947973766,0.22302086410650268,SAM,True
52,0.4338391044557501,2.4378925458174963,0.88,1,0.592588733164005,0.18485028473003295,SAM,True
53,0.26576672304811155,3.4175276888185127,0.97,2,-19.195015067282334,0.28942128730610517,SAM,True
54,0.7438174794627356,3.9630109015592483,0.98,2,-7.607470762672527,0.3066123610827519,SAM,True
55,0.28015197743415976,3.5613409988451186,1.16,2,-591.3984599395025,0.4180330390023661,SAM,True
56,0.12590344214397525,2.0000000000000004,0.94,2,-9.720832726328958,0.19157799348730958,SAM,True
57,0.21069867539825465,3.570716604431539,0.86,2,-1036.0263529107146,0.2960390127744729,SAM,True
58,0.3202899809259772,3.8324901478993114,0.57,1,-16.684169309927608,0.2015085164519936,SAM,True
59,0.15288529305793652,3.518081103439411,0.67,2,-490.39146556618147,0.23184760602232798,SAM,True
60,0.312041058264413,3.622387526437166,0.94,2,-63.54421743425881,0.2878842770181896,SAM,True
61,0.2873898710592939,3.6801614529202014,0.93,2,-202.8716547431089,0.338523700570062,SAM,True
62,0.25212854846852084,3.6059526225818277,0.83,2,-162.18062035688507,0.29903675351965203,SAM,True
63,0.22265776049726058,3.581375567793744,0.94,1,-779.0498442208357,0.32101773303045755,SAM,True
64,0.3899133790839531,3.592772090085847,1.4,2,-239.7906187206455,0.5078041763259992,SAM,True
65,0.6782669860788931,3.6402115116695266,0.99,1,-3.5116814834823327,0.34437979504600613,SAM,True
66,0.10155314662538929,2.6559549535946396,0.71,2,-2.7085119276477188,0.15831770922634328,SAM,True
67,0.18081443459755264,3.5599724498299627,0.73,2,-864.3013658857293,0.25502166704021717,SAM,True
68,0.25992393302280176,3.642997236008841,0.98,1,-585.5184384893857,0.3564183336928898,SAM,True
69,1.3115149231791072,3.922438969510151,1.21,2,-0.7952815047649244,0.3514224748308865,SAM,True
70,0.08133008451371466,2.0000000000000004,1.01,1,-67.96071313707654,0.21503220169440013,SAM,True
71,0.35651097410080507,2.0000000000000004,0.94,1,0.3256091675490804,0.17558440935352715,SAM,True
72,0.18660986114849726,3.5775922752770954,0.78,1,-786.5434181913745,0.272819956112574,SAM,True
73,0.47584251043038295,3.74487067725486,1.07,2,-55.48884952023879,0.3656432477183535,SAM,True
74,0.24275759161765148,3.6472801771730556,0.91,1,-981.0966551654848,0.3209856072994725,SAM,True
75,0.7932734706867696,4.021285701864284,1.14,2,-16.74859439875985,0.32955902535096077,SAM,True
76,0.48908911322207266,3.8881652306655754,1.0,2,-13.099381000774672,0.26037995219502796,SAM,True
77,0.17673558437968329,2.0000000000000004,0.82,2,-1.3155994861913256,0.15928300026810466,SAM,True
78,0.08802718013263386,2.0000000000000004,1.1,2,-117.78528948031102,0.2339476650470102,SAM,True
79,0.9752551973398045,4.541221142093546,0.75,1,0.23779871774535222,0.10946295960555448,SAM,True
80,0.23111400820101377,3.5102206831354774,1.15,1,-958.8443335282957,0.4057966163734174,SAM,True
81,0.13889230329144153,2.0000000000000004,1.2,1,-17.494276201543055,0.24137093677378157,SAM,True
82,0.7740594674536471,4.028108557426364,0.92,1,-5.2717708968637345,0.28483735396999443,SAM,True
83,0.09545971363919308,2.0000000000000004,0.91,1,-16.645338885923728,0.18390677885710005,SAM,True
84,0.18652785243961742,3.581749959231477,0.77,2,-752.8611561015477,0.2700667822091876,SAM,True
85,0.5528492016302016,3.902290099242941,0.78,2,-9.351264582126278,0.24426017450465132,SAM,True
86,0.307191375257415,3.744035536870693,0.9,1,-169.77562101559946,0.3070311756167619,SAM,True
87,0.326989739628773,3.6829567620423864,0.92,2,-194.74234790843187,0.31693397301755294,SAM,True
88,0.3882656788306088,3.6234905167103437,1.13,2,-90.7952187925556,0.3994430841765425,SAM,True
89,0.1913085093058066,3.483315099393905,0.75,2,-57.9172529771716,0.24390436548692596,SAM,True
90,0.24032886400221604,2.0000000000000004,0.88,2,-0.18381307322094131,0.17509456546431806,SAM,True
91,0.0663282145740357,2.0000000000000004,0.62,1,-24.62663561638612,0.1345184882277764,SAM,True
92,0.11980068475971231,2.0000000000000004,1.07,2,-17.30137468666007,0.2307823164789089,SAM,True
93,0.10239815343994235,2.521906811776978,1.43,2,-8.600488402922174,0.37098143547998014,SAM,True
94,0.2384618153394035,3.7280515097042137,0.78,1,-108.07785333659159,0.25341583642684673,SAM,True
95,0.558732688336648,3.8701634491716894,1.34,2,-44.1842535574124,0.4176662626090117,SAM,True
96,0.23230663759592557,2.4843804716770115,0.96,1,-0.5400051518978684,0.21620932307505106,SAM,True
97,0.3749560847429706,3.6535730313087433,1.21,2,-403.6901420088745,0.4101285293960524,SAM,True
98,1.065794206297366,4.148513534959353,0.78,1,-0.03828397525057747,0.2096190265726025,SAM,True
99,0.2301950490043395,2.0000000000000004,0.96,1,-1.1768738686067337,0.18439102129795099,SAM,True
100,0.30602487055835953,3.4549208200568775,1.3,2,-167.34506489869796,0.44116370315341413,SAM,True
101,0.29089741369618916,3.623698231591754,1.0,2,-632.0987927735639,0.33516719676862977,SAM,True
102,0.6468034767636541,4.183000470433398,0.67,2,-3.2582856342350874,0.18626999583332654,SAM,True
103,0.528033018487275,3.648787217073696,1.51,1,-93.73860990927625,0.5381236732040271,SAM,True
104,0.8417859689438785,4.2595187619993435,0.84,1,-2.7323414777661057,0.22335648282974008,SAM,True
105,1.211943584148992,4.619464532568014,1.0,1,-0.4496560551780797,0.22274971557068787,SAM,True
106,0.22833838908576487,3.6127689503908917,0.68,2,-105.0441846099342,0.23885512621701172,SAM,True
107,0.848166146056825,3.9820433254496943,1.22,2,-10.914974572767647,0.40454181755770974,SAM,True
108,0.584967907049481,3.808812324624096,1.27,1,-100.58999634687818,0.41348134268927395,SAM,True
109,0.4380820905019244,3.696679950039345,0.92,1,-33.15467748384263,0.305691343671674,SAM,True
110,0.2866148722932505,3.78684877027815,0.71,1,-142.93458282688292,0.23083141730857132,SAM,True
111,0.3245208147434082,2.639575706939838,0.93,1,0.2543737330009195,0.21468397712788778,SAM,True
112,0.21820182718468764,3.646364503334925,0.75,2,-225.76723145762892,0.2505151318900693,SAM,True
0,0.5328823270048568,3.967713064265515,1.03,1,-22.461290908574792,0.36283667564272976,SAM,True
1,0.29140170515686264,4.157302865324643,0.5,1,-5.5326987195519814,0.1339540600651186,SAM,True
2,0.28822540941162256,3.6049009351253436,1.14,2,-2347.9028259657016,0.39718045494693793,SAM,True
3,0.2941733620795997,3.7178279321572316,0.83,2,-198.26964972724414,0.2863067639993843,SAM,True
4,0.2727160801367229,3.6066638679329994,0.79,1,-67.12145191339336,0.28370686054938654,SAM,True
5,0.2972879007445547,3.6539445927475955,0.98,1,-188.70089116660137,0.3361449669628781,SAM,True
6,0.98718780394432,3.9155176184229314,1.06,1,-2.048042524327321,0.3683703978792412,SAM,True
7,0.41940864550172796,4.123264468174205,0.73,1,-11.110445952729801,0.22869627993990596,SAM,True
8,0.29137202351832014,3.700758381181731,0.85,2,-34.27820541846081,0.24670502855869259,SAM,True
9,0.06682880165162103,2.0000000000000004,0.87,2,-99.30150236827902,0.1857517612694102,SAM,True
10,0.5347964741694677,3.71139320953885,0.85,2,-6.554008573582502,0.2978347092570098,SAM,True
11,0.20667260424602268,2.0000000000000004,0.85,2,-1.2282492521915036,0.16800201253317393,SAM,True
12,0.7292327227547097,3.6599013717305477,0.88,2,-1.5897111545213147,0.27542317027927143,SAM,True
13,0.5355541628046907,3.9517492473589018,0.66,1,-4.990125906122372,0.20123173096093022,SAM,True
14,0.07540742988414943,2.00000000001681,0.51,1,-4.801857208991812,0.10543937009152711,SAM,True
15,0.3480607617909741,3.681597109649896,1.15,2,-589.4019211095691,0.40384728139150255,SAM,True
16,0.5919390685815824,4.127113213722333,0.68,1,-5.680598873597612,0.19367488048665712,SAM,True
17,0.6069269594947428,2.762920055164974,1.02,2,0.642138509509278,0.2526064337950795,SAM,True
18,0.5123933590099604,4.042972790065409,0.9,2,-18.074036865850697,0.27873726895777373,SAM,True
19,0.4370294581240742,3.9088121335714043,0.72,2,-21.773982105610003,0.2329556818351489,SAM,True
20,0.8743700630523853,2.3484923740443726,1.06,2,0.8496986861529705,0.21716073937707683,SAM,True
21,0.38627658207441873,3.8536272743567634,0.72,2,-33.70164141077547,0.24163165912198636,SAM,True
22,0.13341484949341045,2.4430625443634186,0.96,2,-4.8342372012660615,0.22965150199956638,SAM,True
23,0.42516851895304564,3.7080969925397396,0.9,1,-26.364545425094622,0.3125435832798596,SAM,True
24,0.5217929931514769,3.781435118650779,0.93,1,-14.389336299832843,0.33088094646083627,SAM,True
25,0.3719233489478542,3.7144739439639256,0.77,2,-7.169083538526397,0.2382794392573722,SAM,True
26,0.2754527239161555,3.6812274552700024,0.77,2,-94.8347252813719,0.2716817017475777,SAM,True
27,0.07232991106909631,2.0000000000000004,0.71,2,-28.38202742535005,0.14950711475991724,SAM,True
28,0.1270384528547106,3.6516696374419353,0.49,1,-228.5665670014254,0.16608647955475267,SAM,True
29,0.4527449613414886,3.688693799324688,1.15,1,-54.24023386901805,0.41912546249641314,SAM,True
30,0.4703688489417632,3.936727686388684,0.89,2,-21.243872657300493,0.33461965935583177,SAM,True
31,0.3620397604059446,2.0000000000000004,1.28,2,-0.8384155046648958,0.26303670449993705,SAM,True
32,0.29235224896335393,3.7374473731505184,0.7,1,-59.089857767809555,0.23407762795064255,SAM,True
33,0.09815090774471474,2.4295597409658427,0.87,2,-7.313798372368657,0.20798323365927604,SAM,True
34,0.0836209647440954,2.0000000000000004,0.68,2,-17.168603849797968,0.1432714449688536,SAM,True
35,0.2653818784414631,2.0000000000000004,1.17,1,-0.9152000469546291,0.2368655875713568,SAM,True
36,0.6727558147773329,3.774485239822609,1.08,2,-9.783443385498856,0.37224390143119684,SAM,True
37,0.1814286757705487,2.0000000000000004,1.26,2,-7.12010516891859,0.2545228363692063,SAM,True
38,0.22003902358628216,2.0000000000000004,1.02,1,-1.4913119619518058,0.1815498039132464,SAM,True
39,0.0990242346373366,2.7713987094240147,0.72,1,-1.2457623951780583,0.1867215097469076,SAM,True
40,0.23720648073702355,3.604900691978621,1.02,1,-720.8376561245468,0.3511676881097086,SAM,True
41,0.14955667523666955,2.086785844006953,0.61,1,-0.6084912217531551,0.09408255520184182,SAM,True
42,0.1134841349710964,2.395075815223602,1.05,1,-10.598717054603869,0.24250107489600456,SAM,True
43,0.3957238947232659,4.046823000116724,0.75,1,-12.678883725716679,0.22538268666530806,SAM,True
44,0.09822140016241823,2.0000000000000004,1.05,2,-54.57037492939066,0.2132523669908875,SAM,True
45,0.17201336268135956,3.6023059513257087,0.74,1,-483.89871944743146,0.2521890482212206,SAM,True
46,0.7300357983209633,3.944423125900344,0.93,1,-6.103656022720745,0.3029390386215832,SAM,True
47,0.08929273279574348,2.0000000000000004,0.95,1,-42.953274109436535,0.1985644605842872,SAM,True
48,0.24223297174878347,3.647226742378296,0.88,2,-244.21419934823172,0.2954759948556641,SAM,True
49,0.36620696099734984,3.7007989334845774,1.15,2,-185.43505237720578,0.38060482878845475,SAM,True
50,0.2910541242894404,3.82234427880316,0.73,1,-67.9939698359495,0.2585156067665821,SAM,True
51,0.8978467813049064,4.254312748204296,1.43,2,-2.7324931576985603,0.356460265485503,SAM,True
52,0.37331610782713287,3.753750596035855,0.85,1,-18.349611784658766,0.2612232128569477,SAM,True
53,0.16721990838065393,3.527487342691932,0.71,1,-488.97959714647374,0.24862788656142168,SAM,True
54,0.2756371976954242,2.4301740411353174,0.86,1,0.10697993476887757,0.18590505418816294,SAM,True
55,0.292486327722339,3.8770601024364395,0.67,1,-6.108049856513474,0.17276012741084962,SAM,True
56,0.25735596949189377,3.509877512302601,1.13,2,-217.84868912240654,0.39323821692073785,SAM,True
57,0.7321283008573131,4.345731468745706,0.8,1,-2.6979715900108205,0.21666148546167815,SAM,True
58,0.2846594983729245,3.673164357674768,1.02,2,-432.41171613765425,0.35683613618029414,SAM,True
59,0.4026053555277282,3.9090665036439254,0.85,1,-45.11001144400043,0.2878503885083552,SAM,True
60,1.0826949523520746,4.375386979455548,0.54,1,0.8886692391000032,0.0719617661761474,SAM,True
61,0.18166410849009887,2.030995576363344,1.13,2,-4.11264302530668,0.23057790508728965,SAM,True
62,0.16767559051605807,2.0000000000000004,1.36,2,-12.531467035148959,0.2837131464888731,SAM,True
63,0.6037833315518156,3.938046276784,0.98,2,-19.706854945235808,0.324164031320387,SAM,True
64,0.5982857205356765,3.8917086029144374,0.96,2,-28.727320050318983,0.26957138411968967,SAM,True
65,0.12508720489278619,2.0000000000000004,0.78,1,-8.522544725792823,0.1643611948059788,SAM,True
66,0.3152840936332079,3.6516726574469613,1.0,1,-116.90531987392382,0.3159707401903596,SAM,True
67,0.5992792701906015,4.15218200050091,0.57,1,-1.88986730667289,0.1344994682554665,SAM,True
68,0.6990440188995233,4.208964934479486,0.87,1,-3.4216136323968893,0.19521470870357255,SAM,True
69,0.16468776543505,2.5523971235839835,1.06,1,-2.4805216238713896,0.23245450783024907,SAM,True
70,0.9557946201680679,3.7440907116922006,1.31,2,-4.005981291155871,0.43864187337603866,SAM,True
71,1.0838299039342532,4.135054225225943,1.03,2,-1.6243454350776654,0.3240304876565535,SAM,True
72,0.04778446882553629,2.5406401728279993,0.77,2,-11.878379019324697,0.1973755216166818,SAM,True
73,0.2056304997076593,3.4725123405630445,0.87,1,-139.55891011305886,0.3084752446428072,SAM,True
74,0.2539600648557439,3.5972607117185706,0.95,2,-366.5181205512384,0.33868286139875314,SAM,True
75,0.4868386680224017,3.867437311550649,1.08,2,-62.79443068772306,0.35368790915136333,SAM,True
76,0.6700035386214325,3.7028043043122425,1.1,2,-6.8594135405818895,0.3943759259548846,SAM,True
77,0.13336772911042558,2.0000000000000004,1.01,1,-9.722294977136377,0.20690926337397575,SAM,True
78,0.4491812898441195,3.514567897345386,0.92,1,-8.026385256244613,0.3110572644082042,SAM,True
79,0.08308327593490081,2.0000000000000004,0.85,1,-25.97004783052487,0.187533843268367,SAM,True
80,0.24277421038812763,3.5588138281843076,0.68,1,-15.028777296629613,0.2053102974692297,SAM,True
81,0.7704729563983832,5.147839547306957,0.71,2,0.3448893018090001,0.14966039813908782,SAM,True
82,0.2895049106161397,2.556746812625508,1.17,2,-0.11261588152551316,0.25403258765440095,SAM,True
83,0.36699103185477494,3.7730299068419066,0.63,1,-16.64057615969971,0.2033822229259732,SAM,True
84,0.429594806422559,3.6998302668955714,1.31,2,-146.9017540230981,0.47820474276229563,SAM,True
85,0.4780368764671351,4.225832020877763,0.63,1,-3.742426618660841,0.2077489808633911,SAM,True
86,0.4995562523670152,4.0062305665460824,0.99,2,-17.20159272687146,0.2921347598251851,SAM,True
87,0.548407097999161,3.9038386000838434,0.98,1,-41.75641561827153,0.29817679469277714,SAM,True
88,0.08951261783614836,2.0000000000000004,0.75,2,-12.095878980965253,0.16220240711148276,SAM,True
89,0.44196644755842723,3.849504423133788,1.0,2,-75.64859687726567,0.33048048683149905,SAM,True
90,0.07341049553665231,2.0000000000000004,0.84,2,-75.73453850990037,0.18616225979669299,SAM,True
91,0.35694754899761455,3.6835955277276256,0.98,2,-99.01253818929855,0.30503715352362537,SAM,True
92,0.3349248214730224,3.7858456456175897,0.72,2,-51.34000263135306,0.2501972085118023,SAM,True
93,0.08545801475615494,2.0000000000000004,0.91,1,-39.87491987475276,0.20568211716425516,SAM,True
94,0.3816459665657032,3.8773939025891204,0.51,2,-5.133284656245593,0.1713326638161457,SAM,True
95,0.514435903876968,3.9933689443342897,0.85,1,-22.919920530335858,0.2607415481432558,SAM,True
96,0.6728889065917456,3.8099705844194487,1.24,1,-33.55386260333222,0.39976272010519864,SAM,True
97,0.07791693115307391,2.452245577509853,0.96,2,-12.20445978505894,0.23909813125958465,SAM,True
98,0.2072744396822064,3.641094619547985,0.55,2,-72.65550309831612,0.190588425430207,SAM,True
99,1.0353794212313785,3.8535042266881683,0.7,2,0.4727316289591281,0.194881010426925,SAM,True
100,0.29363444623428053,3.7026875413172635,0.72,1,-63.15471328665609,0.24587971777438905,SAM,True
101,0.8260879719617757,3.8501184908858885,1.06,1,-4.350566969969993,0.3233925950874574,SAM,True
102,0.42090774865461306,3.792517043869151,1.06,2,-76.01434283366704,0.38048757077636447,SAM,True
103,0.461383746837995,3.725768612969221,1.04,2,-55.03832733154508,0.3455288942521741,SAM,True
104,0.22575702024487349,3.6378589012126326,0.83,2,-966.6727586187312,0.29419152185414643,SAM,True
105,0.2986813995128717,3.6881327007288838,0.86,2,-156.8288601335334,0.306750693761255,SAM,True
106,0.21723439779206466,2.0000000000000004,0.92,2,-0.8326711500246595,0.1919324480614421,SAM,True
107,0.300807813672234,3.8491857305426023,0.8,1,-38.12734300056671,0.248697702941032,SAM,True
108,0.43348284429628275,3.6695910344672344,1.44,2,-396.45731482125547,0.5120339277320332,SAM,True
109,0.3708064062204936,3.68552540852141,0.71,1,-12.978898404300747,0.25760122259250207,SAM,True
110,0.36857726891407155,3.554446913769591,1.06,2,-38.980314387242274,0.3891311371797647,SAM,True
111,0.2578363988580432,3.629309719772091,0.88,2,-216.97179917738944,0.3203283073079182,SAM,True
112,1.000667628107556,3.6717820334740243,0.72,1,0.4727641217152917,0.2115419189533391,SAM,True
113,0.6983310430926581,3.695423697711712,0.86,2,-2.0502768496705492,0.2736817745854181,SAM,True
114,0.20947802503442453,2.0000000000000004,1.37,2,-5.123026148184021,0.28126182108321485,SAM,True
115,0.12226619959641598,2.0000000000000004,1.0,1,-11.06870843831474,0.21138854537407326,SAM,True
116,0.0753496586655347,2.0000000000000004,0.77,1,-24.882942754280773,0.17184929110475505,SAM,True
117,0.3117205847414689,3.8278081092329286,0.73,2,-79.94023216291907,0.2540442944004552,SAM,True
118,0.33003362270529923,3.7962834094259224,0.94,1,-91.44360038201991,0.3117673799255961,SAM,True
0,0.5873030436290019,3.95017122408379,0.9,2,-17.322954816872763,0.2591345166724572,SAM,True
1,1.0463844083211948,3.7356212355955747,1.45,2,-4.400888203727109,0.47945459472411794,SAM,True
2,0.5514333706607937,2.0000000000000004,0.84,1,0.856583071059987,0.12855355824614803,SAM,True
3,0.6762574647224161,3.9095339712894748,0.8,2,-3.430138755100759,0.2829432102699685,SAM,True
4,0.30652606739161775,3.7482964389878304,0.98,2,-119.12622026742757,0.3299005237375191,SAM,True
5,0.23150363571971902,3.5659924187373893,0.84,2,-209.03051443237365,0.3001577742969704,SAM,True
6,1.0305444543824351,4.1376793588594545,1.05,1,-2.9479472144374688,0.30674042587326805,SAM,True
7,0.40910505722449947,3.800896119245079,1.05,2,-86.68296543231658,0.37317182218108436,SAM,True
8,1.0162110008940073,3.992669236592264,0.98,1,-1.1281847176174646,0.2447310993136829,SAM,True
9,0.21206166534092188,2.5038341223071194,0.96,1,-0.7620266560769966,0.21479979030166937,SAM,True
10,0.31825462726466225,3.778909309503786,0.84,1,-53.22110231182698,0.26518817790097576,SAM,True
11,0.30419898563200803,3.725993034672599,0.82,2,-255.90503085408977,0.2697132338923028,SAM,True
12,0.6446074606116333,4.068863904294876,0.63,2,-1.9326662472879028,0.17590864659897612,SAM,True
13,0.6568827123620274,4.519213599494359,0.71,1,-1.545857093460357,0.17445654211879014,SAM,True
14,0.5558921721361632,3.578147537586621,1.48,1,-18.218913754384513,0.4262766173759768,SAM,True
15,0.9475047749007245,3.6821763758840036,1.41,2,-4.532994204481552,0.4819977128319402,SAM,True
16,0.15469766571464624,3.5587527030152484,0.59,2,-276.09316850677084,0.2115039506102265,SAM,True
17,1.25508687393639,4.105036814321062,0.94,1,0.07663684507078428,0.21273469483934715,SAM,True
18,0.28985188378537263,3.773005383393188,0.85,2,-113.73578728698477,0.2916907102060956,SAM,True
19,0.4074684935950155,2.5039621127281633,0.83,1,0.45331915187871796,0.17456077927377062,SAM,True
20,1.1849369972374217,4.636351270330982,0.79,2,0.5387782561946719,0.10561467120157549,SAM,True
21,0.7444325436134818,4.172783566318833,1.08,1,-9.38366058769381,0.3590388403715922,SAM,True
22,0.6229634552158159,3.718931660260206,1.28,2,-20.960802453439797,0.4616843370152217,SAM,True
23,0.34521056278780626,3.7426825766454854,0.68,1,-22.468211579376955,0.23681684883756246,SAM,True
24,0.5918473331273444,3.6900462754909085,0.65,1,-0.9205309597525522,0.19263566441430002,SAM,True
25,0.3111439541503069,3.5882004252167228,0.9,1,-55.59411399019265,0.32455389186251665,SAM,True
26,0.44800964307629076,3.677142262066685,1.19,2,-67.38432726657828,0.41770624601631046,SAM,True
27,0.05019811459343005,2.0000000000000004,0.65,1,-52.51802485661401,0.14507042460341424,SAM,True
28,0.46045247268767453,3.6706520316611644,1.14,2,-53.205045526733116,0.396956001776284,SAM,True
29,1.038806051886534,3.8955051428709235,1.3,1,-4.36417003533276,0.3259305692611872,SAM,True
30,0.38601008883976157,3.655205248444467,1.34,1,-367.2379334641178,0.4608843342308803,SAM,True
31,0.38476565203626506,4.017285475145987,0.72,1,-23.133049011342692,0.22889484354966363,SAM,True
32,0.2778915302315137,3.6910331656997104,0.92,1,-375.45786471625433,0.32466629347770487,SAM,True
33,0.05709882233378415,2.0000000000000004,0.68,2,-93.24021427779078,0.1380275397100092,SAM,True
34,0.13131340658184532,2.0000000000000004,1.07,1,-13.66075439156693,0.22420540051498566,SAM,True
35,0.4072127331176664,3.5947419569913563,1.23,1,-75.39587528021862,0.4398977018876558,SAM,True
36,0.511502045478672,3.9714151352656555,0.9,1,-24.523022483913195,0.27380845679785315,SAM,True
37,0.6515115087081271,3.9663004925036254,0.98,2,-17.039316407288613,0.2904475526144106,SAM,True
38,0.056846090929165996,2.0000000000000004,0.76,2,-65.61407940468887,0.16359972788488963,SAM,True
39,0.22346131368857858,2.4008042821494926,1.12,2,-3.54145780737631,0.26493061433703896,SAM,True
40,0.3993487844928298,3.876556512219531,0.91,1,-40.13296521017785,0.28097859011997156,SAM,True
41,0.22119893715056957,2.0000000000000004,0.71,1,-0.10418746607961826,0.14444088567546687,SAM,True
42,0.31897280957110385,3.6770349235421844,1.14,2,-112.91978124349616,0.3664712393978144,SAM,True
43,0.155324760691971,2.868118672024889,0.4,2,0.2011567121393525,0.07892738269423372,SAM,True
44,0.20954662589217699,3.616456343782224,0.85,1,-2125.122460534242,0.30250340609883053,SAM,True
45,0.26626310371998296,3.5841210982602236,0.73,2,-35.0087305877416,0.2678577155569371,SAM,True
46,0.4404751477198569,3.6251885408175344,1.57,2,-1309.917240064036,0.547414442544438,SAM,True
47,0.6753002016586421,3.817514133505872,1.28,1,-28.117938223759968,0.4119514568953348,SAM,True
48,0.3301219218114847,3.6218410765186153,1.04,1,-96.81943221675061,0.38484091928152486,SAM,True
49,0.44467320115182013,5.706766356310396,0.39,1,0.9005740405357155,0.04601684715884019,SAM,True
50,0.517099676406511,4.014695644976406,0.59,1,-4.0746464664122435,0.1655466066952868,SAM,True
51,0.4081713376252823,2.56676943111644,1.02,2,0.2837642365347445,0.2205732117157518,SAM,True
52,0.5180388790546134,3.8924929307324514,1.06,1,-54.15691207255923,0.3416919572211054,SAM,True
53,0.4798659844360911,3.668998336527804,1.32,2,-149.03684821624972,0.4476803787064877,SAM,True
54,0.34010179566106613,3.5997229599005314,1.08,1,-104.29743482540806,0.3398555711391802,SAM,True
55,0.21739527385805488,2.0000000000000004,0.75,2,-0.46703795536075354,0.143358557592948,SAM,True
56,0.11945632478255243,2.0000000000000004,0.95,1,-14.818200926455079,0.20308867477945688,SAM,True
57,0.23755579329667725,3.5174995203610626,1.04,2,-327.0518645895146,0.3641363524127135,SAM,True
58,0.3350108419284227,3.5860246128700863,0.97,2,-53.94126974190696,0.3432202293955299,SAM,True
59,0.17214119211723375,2.0000000000000004,0.98,2,-5.247930413544214,0.1982416006251202,SAM,True
60,0.29756434825776823,3.8680470412824977,0.53,1,-22.01449190051205,0.17880383544128836,SAM,True
61,0.5150055401320628,3.7149838910055326,0.97,2,-13.535440455064167,0.36323917602202344,SAM,True
62,0.4961884830554645,2.1075754317872937,0.78,1,0.8168868193600529,0.12341807362622514,SAM,True
63,0.30239111859652945,3.8545892605313297,0.68,2,-72.0673515316925,0.2235887994611284,SAM,True
64,0.055134327224290784,2.4987968490919554,0.92,1,-12.086223747975437,0.24362543582796825,SAM,True
65,0.3257324822742511,3.573054711222675,1.12,2,-131.05610639549838,0.39698165802883617,SAM,True
66,1.1735163055249966,5.586320545287292,1.05,1,0.8141019955403619,0.1409573082733582,SAM,True
67,0.21429122462560876,3.5238354786398016,0.95,2,-647.9370105375259,0.3379540114491984,SAM,True
68,0.40890225231300076,3.734686004424852,1.12,2,-80.0161306546949,0.3956495387204375,SAM,True
69,0.3097698764632822,3.8500478115395733,0.79,2,-58.72252755318176,0.25755930866442517,SAM,True
70,1.4032207907124363,4.114254399312543,1.08,2,-0.1741144870792144,0.28004409541530995,SAM,True
71,0.282486074223419,3.7252744632089563,0.92,2,-112.37480576054959,0.2990390911630676,SAM,True
72,0.10141906063494738,2.0000000000000004,0.9,2,-21.636916288928756,0.18533002847448787,SAM,True
73,0.06135052304937285,2.0000000000000004,0.76,2,-119.66598411988359,0.16439085681232135,SAM,True
74,0.23471664114885926,3.7139645217425246,0.59,2,-96.94434211539027,0.19845503119855532,SAM,True
75,0.2411452404438648,3.5365648776714655,1.08,1,-731.7121269308622,0.36960363762413073,SAM,True
76,0.13657451678968602,2.0000000000000004,0.88,1,-4.997449743579518,0.1918429310620027,SAM,True
77,0.2520744599101656,3.55194370783761,1.14,2,-1292.6562026497973,0.39875215844893724,SAM,True
78,0.3841239799585413,3.7738281666656865,1.14,2,-126.26789451815966,0.3887454034025914,SAM,True
79,0.2582509838705572,2.6836410766090113,1.03,2,-0.7173439729957847,0.1933383275924002,SAM,True
80,0.6120905662275997,3.8890485386731513,0.86,1,-9.838992772955425,0.25176661759701846,SAM,True
81,0.36103417755274436,3.7697823519483338,0.93,2,-71.21405650746263,0.3004408129267194,SAM,True
82,0.2552590322851562,3.582857462464672,1.09,2,-1664.1597780716502,0.38961001702858167,SAM,True
83,0.3034974251747069,3.6939879590723654,0.89,1,-171.48976397797415,0.3141386936839185,SAM,True
84,0.5998180731346789,3.8742597107920127,1.21,1,-38.68807145891641,0.39618925495184726,SAM,True
85,0.2696789843832332,2.0000000000000004,1.11,2,-0.90824213042876,0.22790177988154667,SAM,True
0,0.4065770673456361,3.6651841899121793,0.98,1,-65.06976816805597,0.3299131330856257,SAM,True
1,0.18608996943552775,2.4819971475027547,1.23,1,-2.837811018445618,0.3044249322883728,SAM,True
2,0.2147163527121496,3.550228731594268,1.03,2,-1868.4931057895724,0.3608205923823999,SAM,True
3,0.09319504876454018,2.0000000000000004,0.91,2,-26.387655482188098,0.18551294834151805,SAM,True
4,0.13304406198944355,2.0000000000000004,0.93,1,-12.437282673170857,0.19008078057217867,SAM,True
5,0.265225323840825,3.4607005892156493,1.5,2,-1413.1596249953056,0.5363076786023068,SAM,True
6,0.7051978989150849,3.8738455634660083,1.06,2,-10.97062617497978,0.36469345758428034,SAM,True
7,0.38615580105069436,3.65107485277797,1.26,2,-565.7950777649719,0.43558541330240214,SAM,True
8,0.481530100587445,3.618883664249903,1.01,2,-15.571976307694882,0.3281057466917942,SAM,True
9,0.5177249056316231,3.726482712283429,0.98,2,-18.613748579580264,0.31908181339466685,SAM,True
10,0.4144304834344954,3.991681777794621,0.81,1,-19.971312103451407,0.23660222064856481,SAM,True
11,0.34031397598674284,3.697664752166598,1.06,2,-399.1167945441055,0.369588788370822,SAM,True
12,0.42800138362724804,3.7297882200738646,0.95,1,-46.91003978604518,0.3266400805197231,SAM,True
13,0.3161662120896935,3.6024185311787447,1.24,1,-548.6402360106666,0.41988403411273145,SAM,True
14,0.14076251314479138,2.0000000000000004,1.15,1,-10.929340380926648,0.254511921662683,SAM,True
15,0.49256525092043174,4.052095724594668,0.88,2,-13.94995745591856,0.2691618320447377,SAM,True
16,0.39452626597352847,3.6951798529995608,0.68,2,-8.826107474939057,0.2279518118038848,SAM,True
17,0.21440259986466595,3.6564783291241043,0.82,1,-637.4612864861583,0.28538066105497467,SAM,True
18,0.1869368371513974,2.53855806748501,1.24,1,-2.5615721690056144,0.2780101473397494,SAM,True
19,0.29214275525606315,2.4990578873196623,0.81,1,0.3876820588577733,0.15778212937966477,SAM,True
20,0.42758305409863867,3.862199164813627,0.67,1,-15.44433652513857,0.20582452553740224,SAM,True
21,0.19358309735213725,2.5606142207487417,1.04,1,-2.1046596125173958,0.25305377377594235,SAM,True
22,0.2311459205387547,3.665498838850179,0.73,1,-211.80784064085233,0.26054476215427075,SAM,True
23,0.3166147910201087,3.642255912420793,1.01,2,-154.0871411555215,0.36962895973173987,SAM,True
24,0.18819191520491274,3.536266172923606,0.74,1,-284.041789570923,0.26291725768546376,SAM,True
25,0.2563710789204714,3.631278982283721,0.72,1,-102.65387302253149,0.2413575700877491,SAM,True
26,0.07282257487874251,2.5803092206239664,0.7,2,-5.133941088511516,0.17428574705911143,SAM,True
27,0.3761974852391086,3.788218157920406,0.96,1,-42.37783174836477,0.29602025554544253,SAM,True
28,0.3949608807775513,3.786160010332055,1.01,2,-127.15528701396357,0.3393358320821961,SAM,True
29,0.081122267926856,2.0000000000000004,0.79,2,-29.939987036660646,0.17048376586164632,SAM,True
30,0.5754986330295847,4.104687122225115,0.94,1,-3.682481353109588,0.22039935176380338,SAM,True
31,0.26152858203551044,3.8842128682878982,0.55,1,-31.642489888709186,0.1990833614292561,SAM,True
32,0.5627476074954695,2.8117664739513883,0.95,1,0.6787493209153643,0.22725347856391895,SAM,True
33,0.5939026950834135,3.8893292895468314,0.97,2,-19.15577808756445,0.31133574008491366,SAM,True
34,0.26071677690398454,3.6657617503968165,0.48,1,-9.817976671026615,0.16597778969298735,SAM,True
35,0.2854000367499838,3.914008532395365,0.55,1,-29.923137020978768,0.19605789002883164,SAM,True
36,0.07253570778675378,2.0000000000000004,0.78,2,-33.56110893104511,0.1659091606784917,SAM,True
37,0.6840858260179047,3.7738283077910406,1.01,2,-6.936009475641814,0.31213841213867694,SAM,True
38,0.0831749784466939,2.0000000000000004,0.81,1,-24.875479191697124,0.1748141182644067,SAM,True
39,0.26067894732639574,3.591086375965609,0.76,2,-57.024772359623796,0.27347524447752625,SAM,True
40,0.29896325406148844,3.630587383937262,1.06,2,-118.50966647673174,0.33601600766018913,SAM,True
41,0.4929638454013981,3.8524290118204707,0.74,2,-9.318047195706011,0.2450891236667055,SAM,True
42,0.22045752938152977,2.0000000000000004,0.95,1,-0.819903660623027,0.17710249413923287,SAM,True
43,0.31713387261586384,3.6425776124007325,1.24,2,-747.8773111222091,0.4365738934633098,SAM,True
44,0.0859867739192698,2.0000000000000004,0.61,2,-10.636636316022788,0.12666542024988342,SAM,True
45,0.233093195009578,3.5871461849089563,0.88,2,-283.1109094144928,0.3077657162350897,SAM,True
46,0.19824819387086523,2.0000000000000004,0.78,1,-1.050760637750984,0.16025445671836452,SAM,True
47,0.10097879933635259,2.0000000000000004,1.13,2,-60.82007247459671,0.24370809307441718,SAM,True
48,0.19527332346872156,2.0000000000000004,0.9,1,-1.6240883940180888,0.177539980920945,SAM,True
49,0.25450621258986716,3.681903740098245,0.89,1,-552.3363054438996,0.30810773531665114,SAM,True
50,0.17170361804387738,2.6275981610784944,1.0,2,-1.2935811877976229,0.22548002304996545,SAM,True
51,0.1294182644178994,2.5975716714698343,1.13,2,-7.622444742261136,0.2667279354855742,SAM,True
52,0.17986052917854695,3.597387833599072,0.73,2,-325.70006097540164,0.2447523711436717,SAM,True
53,0.6462355155189128,3.6679213180590686,1.35,2,-18.87076201082008,0.46779050748158274,SAM,True
54,0.2590051713259183,2.0000000000000004,1.15,2,-1.5643214298167503,0.22364638366340478,SAM,True
55,0.6172003881287599,4.516249545169924,0.63,2,-1.4491529805173546,0.14059417427930182,SAM,True
56,0.23704508365070212,3.5321331339785846,1.08,1,-593.6798019315196,0.38306297279507767,SAM,True
57,0.8688568974380955,3.603618177386281,1.17,1,-2.0782659395514735,0.3742324082192402,SAM,True
58,0.2549860041484406,2.0000000000000004,0.97,2,-0.346692139750131,0.1824958084506243,SAM,True
59,0.1965302604838199,3.5371469679538,0.74,1,-193.04504574720625,0.24845053733619454,SAM,True
60,0.15323431049820332,2.0000000000000004,0.71,2,-1.1270390679782807,0.1372062342047835,SAM,True
61,0.644041747727555,3.6785363696221713,1.19,1,-12.596565851405478,0.39653199335518596,SAM,True
62,0.21342383387381225,3.5833148364653318,0.86,2,-923.7576892014815,0.3078910695685148,SAM,True
63,0.3208298683238503,3.7397217316301186,0.97,1,-141.5005458077436,0.355282364424469,SAM,True
64,0.25959546527954036,3.4628991530511324,0.65,2,-15.091499633485903,0.2147875363917067,SAM,True
65,0.4223123910055999,3.963293280579643,0.86,2,-12.423404651474476,0.2434636180701234,SAM,True
66,0.10722091524158714,2.0000000000000004,0.79,2,-9.969743971138527,0.15621237198518356,SAM,True
67,0.3623961465287671,3.8265813814554743,0.75,2,-56.343032327308066,0.2480690399311731,SAM,True
68,0.21215113326678406,3.621192575120228,0.76,2,-257.1572037341627,0.26098313476778817,SAM,True
69,0.3068242336389471,3.68995592602853,1.09,1,-375.1809466091935,0.38292502030919523,SAM,True
70,0.3037388220312226,3.678126838503113,0.86,2,-144.46644082258535,0.30006317370105157,SAM,True
71,0.1463962842570812,2.0000000000000004,0.91,2,-6.60565481728349,0.19944678430300133,SAM,True
72,0.10343594580730138,2.0000000000000004,1.06,2,-32.44759556009328,0.2389673918669718,SAM,True
73,0.42333786935584206,3.832998916903122,1.08,1,-65.0057986972145,0.39181070244697824,SAM,True
74,0.18036234690644515,3.618969183979629,0.65,2,-372.84568329320894,0.22424536307306228,SAM,True
75,0.29291345860977247,3.655671401319151,0.85,2,-124.54272377928437,0.3022560099012475,SAM,True
76,0.22624114085912572,3.6319782343929394,0.7,1,-297.7727401143455,0.23231510449011994,SAM,True
77,0.24411041230169842,3.617000153990591,0.88,1,-230.8020851316342,0.28700729776850187,SAM,True
78,0.3184379855371901,3.5496284278754477,1.03,1,-48.225721508834944,0.32812273474305836,SAM,True
79,0.2653362440706895,3.423322835225048,1.13,1,-46.95327272006877,0.34994449522974763,SAM,True
80,0.1341496732340557,2.0000000000000004,0.92,1,-4.785867836898924,0.1997047495673157,SAM,True
81,0.16742095629850676,3.626633178337093,0.67,1,-517.090055230448,0.22961020016595568,SAM,True
82,0.3025179337998809,2.0000000000000004,1.17,1,-0.9278290201229802,0.2199953955099415,SAM,True
83,0.8978472710995895,4.043018133891807,0.85,1,-1.5935861915557417,0.24353729554829537,SAM,True
84,0.21799799242461484,3.550582455822139,0.8,2,-138.39786864812805,0.2805796612711447,SAM,True
85,0.275129004659098,3.6905231550879813,0.92,2,-269.78544674440354,0.31947103582708897,SAM,True
86,0.8998032672977211,4.502907996119855,0.72,2,-0.7823480943489725,0.19504923032505886,SAM,True
87,0.2856686529897712,3.5851601465099603,1.07,2,-140.93257087995528,0.3760965046543968,SAM,True
88,0.49133208862222294,3.8330852213808653,1.08,2,-45.355242906627765,0.37798407071587886,SAM,True
89,0.18961288058669148,2.0000000000000004,1.25,1,-8.11660783907804,0.2674616655920725,SAM,True
90,0.1260931806931621,3.6325066901838796,0.49,2,-209.043381181066,0.16460740011420355,SAM,True
91,0.1428252943664998,3.428605720141268,0.76,2,-123.37845155036774,0.2599659120623468,SAM,True
92,0.3020787575043697,3.716037181254991,0.99,2,-135.06754336587653,0.3271867047162878,SAM,True
93,0.0735534595192832,2.0000000000000004,0.71,2,-33.318202652068386,0.15212765409500287,SAM,True
94,0.47740117597172094,3.8543246905065995,0.99,2,-70.14454148150668,0.31763869875601347,SAM,True
95,0.9207040386512467,4.671881644358697,0.65,2,0.27100525987372726,0.10632272304233988,SAM,True
96,0.06260443906889146,2.0000000000000004,0.75,2,-113.42195724524139,0.16143340726806266,SAM,True
97,0.7752645572454814,3.932608429840812,1.35,1,-21.31714522040387,0.43439247110575896,SAM,True
98,0.1749789821740536,2.0000000000000004,0.97,1,-3.965984539425617,0.21624854892377007,SAM,True
99,0.4295228959881114,3.5494890045839043,0.97,1,-13.354911077511096,0.33024907485520205,SAM,True
100,0.35274269623915605,4.103880185075362,0.48,1,-12.43209672163393,0.1312247994745456,SAM,True
0,0.1898442460047666,3.5845387908740314,0.83,1,-952.9402836337844,0.28740509591837365,SAM,True
1,0.5238233729593111,3.7139631302045513,1.24,2,-70.48260660308415,0.4222293462895395,SAM,True
2,0.1229954252004412,2.0000000000000004,0.98,2,-11.374020621316587,0.22299353248158704,SAM,True
3,0.43945975567534923,3.726709073815353,1.04,2,-60.31598424603593,0.3524260352586628,SAM,True
4,0.3800940959475207,3.753111989067956,0.96,2,-124.47676344822574,0.32169389278306826,SAM,True
5,0.2094839774577229,3.5803017709614853,0.76,2,-202.47964120977375,0.2763217337951459,SAM,True
6,0.10447903248820527,2.4379638410315296,0.77,2,-4.77310852749642,0.1813847455505413,SAM,True
7,0.49829379730187795,4.160736834974444,0.71,2,-7.09465114753459,0.18497941924660782,SAM,True
8,0.6411291471730312,3.9351971927970224,1.0,2,-18.126569531564463,0.2885790165677556,SAM,True
9,0.7743115938511838,3.8931363219754003,1.27,2,-19.82967023161227,0.4071586152297949,SAM,True
10,0.2188642541527607,3.491238381179496,1.02,2,-333.5199621557186,0.349600076334679,SAM,True
11,0.24786221111280793,2.028704984154771,0.59,2,0.5376631935183589,0.1133505992291045,SAM,True
12,0.3896033181396992,3.70398511317171,0.91,1,-37.629946038802274,0.3257783409736519,SAM,True
13,1.1764566224176998,3.9384066134561158,1.71,2,-8.105034972815572,0.6459327539259027,SAM,True
14,0.10437198056641306,2.0000000000000004,1.06,2,-35.19529959923923,0.2225981072232523,SAM,True
15,0.5928781109454015,3.6752201316956072,0.78,1,-2.8443755267339093,0.2505490131212614,SAM,True
16,0.3319933480468582,3.5700219213820668,1.27,1,-377.1440333287138,0.4544026495948395,SAM,True
17,0.29900576285814073,3.5544354371671187,1.35,2,-1369.1938502617238,0.46669691925017415,SAM,True
18,0.16393064146423403,2.0000000000000004,0.83,1,-3.9254968100597214,0.16362631898753247,SAM,True
19,0.210527464995562,2.4663925111828657,1.15,2,-1.6155061188368887,0.24986898800612428,SAM,True
20,0.2905286750823836,3.9378226861907253,0.63,2,-30.746244032461576,0.19849979406369675,SAM,True
21,0.1330965524270041,2.0000000000000004,0.91,1,-9.634372981780352,0.19270503483919924,SAM,True
22,0.20745692848544556,3.637036674466309,0.69,1,-259.7327720185578,0.2476954351288833,SAM,True
23,0.2888942017379179,3.5480924857934477,1.1,2,-243.62273192187888,0.38027775927989527,SAM,True
24,0.21010697668401893,3.5474573281348647,0.9,1,-728.966766675087,0.32349348628765373,SAM,True
25,0.6567329288500595,4.050348754259431,0.93,2,-10.203128307332038,0.3088513364129443,SAM,True
26,0.300379270542497,3.75691022875053,0.78,2,-108.33577832695445,0.2769084229460642,SAM,True
27,0.4132375679889159,3.73724131961455,1.2,1,-160.46521865677698,0.4295682838498565,SAM,True
28,0.2444660850687946,3.5599420834190303,0.95,1,-473.4686637577782,0.3384257536661331,SAM,True
29,0.27008594288268006,2.0000000000000004,1.25,2,-1.8040923036856054,0.24561484678681036,SAM,True
30,0.14432851318218926,2.0000000000000004,1.01,1,-12.32913849993377,0.21835093036622974,SAM,True
31,0.3874001235633867,3.6126350549637727,1.16,2,-37.44276148261553,0.36810947201122457,SAM,True
32,1.1467349407450875,3.939013818532975,0.91,1,0.0102595041232455,0.25616252774742665,SAM,True
33,0.3290828387293385,3.719935547114011,0.85,1,-109.67657880493525,0.2820753432483171,SAM,True
34,0.5806704363359168,3.7661591765810902,0.82,1,-5.727189352082057,0.2551297862274212,SAM,True
35,0.16265698423700906,2.0000000000000004,0.64,2,-0.6887663539508864,0.13322030970386914,SAM,True
36,0.11362962652754106,2.0000000000000004,1.03,2,-21.54269951893634,0.21017557486379543,SAM,True
37,0.08192535306349785,2.0000000000000004,0.75,1,-23.88020269992469,0.15988017842082744,SAM,True
38,0.26454547965948705,3.572269984492481,0.97,2,-438.4195286130286,0.3334263647930323,SAM,True
39,0.20017255985206112,3.754393399408811,0.37,1,-9.374168034981523,0.0934054151307038,SAM,True
40,0.1291406057328757,3.494414990198885,0.62,2,-287.7261520614472,0.21942646403241098,SAM,True
41,0.3057078513551993,3.5169906322792865,0.51,2,-1.617514035010032,0.11017360849900658,SAM,True
42,0.46594918890474557,3.700511616247952,1.14,1,-49.96332586026484,0.4085243583446429,SAM,True
43,0.08653345912155157,2.0000000000000004,0.96,1,-34.23878281492989,0.21632312411509386,SAM,True
44,0.41532103651687396,3.817706536381306,1.18,2,-41.90452391875228,0.3710296839883157,SAM,True
45,0.6135623276779646,2.3486913990883047,0.93,1,0.8354575388505976,0.15868092200336611,SAM,True
46,0.193050125337818,2.0000000000000004,1.15,2,-4.388586233557967,0.21932001481788552,SAM,True
47,0.09603313412575537,2.0000000000000004,1.1,2,-86.55677627439323,0.22893363822315202,SAM,True
48,0.2100827194263018,2.547453144346572,1.03,2,-0.888343264802381,0.20742886047886092,SAM,True
49,0.05220401835371695,2.558907241444531,0.76,1,-10.850385338842349,0.20328789264488506,SAM,True
50,0.37689690613517607,3.793729236643487,1.02,2,-127.44748041346554,0.33992089591658975,SAM,True
51,0.19235839304459743,3.590203900120133,0.83,1,-364.39889915829855,0.2827271886109813,SAM,True
52,1.0682552717706097,4.1155012599923335,1.08,2,-2.8634963187921616,0.2825291694117355,SAM,True
53,0.1053118410483009,3.623543209116814,0.42,1,-623.8125280361519,0.14953942750463473,SAM,True
54,0.3300653218793578,2.001298440234861,0.79,2,0.5428360214182202,0.12920539073707935,SAM,True
55,0.32361765772728474,3.5753830130073267,1.04,2,-110.91108672866697,0.3547844342668773,SAM,True
56,0.06827668240440948,2.0000000000000004,0.72,2,-28.17981978269929,0.15848195442370847,SAM,True
57,1.3326862320894168,3.8516146393294632,1.33,1,-1.1026724828178063,0.43766619350803937,SAM,True
58,0.22426798923467656,3.513309868183316,1.05,2,-893.1021351280702,0.3710683613698731,SAM,True
59,0.18599213448627894,3.5985246962485773,0.73,1,-710.0234960663397,0.2549126071921569,SAM,True
60,0.4767116938678041,3.8762883884978976,0.96,2,-33.68958204664881,0.3119118693232904,SAM,True
61,0.6502897381214132,2.422898336077266,0.9,1,0.7822744514461288,0.19350622100036813,SAM,True
62,0.13588951335312446,2.0000000000000004,1.16,2,-29.958533381830293,0.2444912566841056,SAM,True
63,0.3354009890672589,3.7137229405200074,0.93,1,-260.9414155558407,0.3115862099991219,SAM,True
64,0.17717489538489858,3.6043623765819075,0.71,2,-536.3811956339132,0.23979113397460855,SAM,True
65,0.1978030681783544,3.552861638489752,0.73,2,-137.91768980252462,0.2680944302422716,SAM,True
66,0.09999944799264042,2.374711880789887,0.72,1,-7.28605865240816,0.16572333650995982,SAM,True
67,0.28597468937191445,3.6727278866148176,1.04,1,-353.2162359929393,0.353827905130933,SAM,True
68,0.43632357210869066,3.597192911492623,0.95,2,-3.7030924518500354,0.21735960390699705,SAM,True
69,0.9244785728699539,3.9866202610438597,1.05,2,-3.2242567441929797,0.3606054758016177,SAM,True
70,0.060766390712256445,2.0000000000000004,0.56,1,-36.14293150676835,0.11786202265162157,SAM,True
71,0.21283347625341353,2.515029664055902,1.01,1,-0.9000842839752823,0.23062242574565023,SAM,True
72,0.6298177975973407,3.9674666790137523,0.89,2,-10.82238629518373,0.2732521973349068,SAM,True
73,0.18482202024828825,3.528431396218955,0.89,2,-1400.604935131861,0.3189050863394433,SAM,True
74,0.5367544909440357,3.8809925481146,0.72,1,-6.298141262768084,0.21271689126433316,SAM,True
75,0.32816592008676226,3.7793004165696353,0.97,2,-107.40944531500196,0.32534081518886515,SAM,True
76,0.47836594459808873,2.0000000000000004,1.05,2,0.5596401117851628,0.18744931218872476,SAM,True
77,0.062335035299169866,2.0000000000000004,0.62,1,-46.710268487620986,0.12747407714589984,SAM,True
78,0.2442925177289115,2.0000000000000004,1.01,2,-0.9325245423672059,0.1958295932601467,SAM,True
79,0.13317450706647715,2.742964178111027,0.77,2,-1.58732899011904,0.18976275067933873,SAM,True
80,0.1624140463419724,3.5332019525023464,0.79,2,-2947.7336338633886,0.2808533864952419,SAM,True
81,0.38959590149554485,3.737629374790012,0.85,2,-41.225779497674885,0.2895712877145934,SAM,True
82,0.16873821633119737,3.7432650860645498,0.46,1,-54.76767313271265,0.1534368954642461,SAM,True
83,0.4171455929338874,3.810260516340983,0.97,2,-73.64806933104282,0.3157813752189642,SAM,True
84,0.8314769044915661,3.9903705244453973,1.44,2,-24.52432562734976,0.4700529686467426,SAM,True
85,0.8439112650731284,4.316280066991089,1.03,1,-0.5212506726796078,0.17473348287694473,SAM,True
86,0.37901136120377743,3.6127052707388807,1.19,2,-155.6911568490047,0.42253087130076955,SAM,True
87,0.21356035299752377,3.692458278342597,0.64,2,-56.58129314579036,0.19454757720840282,SAM,True
88,0.25604696970325297,3.596996168696613,1.05,2,-1215.4086043519744,0.3694169478005143,SAM,True
89,0.2848291162169939,3.6945688015098868,0.93,2,-295.08471739443706,0.3202372600381431,SAM,True
90,0.2007710765512785,3.4846404283220003,0.7,2,-57.05135523377001,0.25062235806675187,SAM,True
91,0.15401245915615522,2.0000000000000004,0.99,1,-4.1712904485017335,0.21212496621673893,SAM,True
92,0.4026326101933025,3.6886701558692168,1.25,2,-238.9109529026172,0.43379321688875766,SAM,True
93,0.5509991587216051,3.912396835418513,1.2,2,-38.49720524965422,0.38272567253427764,SAM,True
94,0.48744927611433087,3.556812528032764,1.02,2,-10.218250632720327,0.3674025182014466,SAM,True
95,0.54236606348724,3.6888202120513065,0.65,1,-1.7041477054734817,0.19702012996522103,SAM,True
96,0.23702318540744843,3.674061174590623,0.76,2,-469.58646674370243,0.2607766291467325,SAM,True
97,0.3369893011339733,3.7273058227783396,0.87,2,-86.22486408690669,0.3148148337834589,SAM,True
98,0.4518523459043559,3.691743630117985,0.61,2,-2.8614195000968086,0.19563210057779248,SAM,True
99,0.11955941835516815,2.0000000000000004,0.75,1,-6.696671341906731,0.13323629629281716,SAM,True
100,0.5698707073695732,3.9027677799405596,1.2,2,-36.03942046746069,0.4259314497343484,SAM,True
101,0.45304987985499434,3.736778986594299,0.55,2,-2.388889008664834,0.18411181107096164,SAM,True
102,1.0354979309984822,4.410837262268688,0.99,2,-1.9432087069025248,0.24859314797240956,SAM,True
103,0.06620137391731301,2.0000000000000004,0.66,2,-51.60777747973191,0.14303737532422267,SAM,True
104,0.46832422869525914,3.767273492068583,1.15,2,-122.15485055606248,0.3881339194069463,SAM,True
105,0.06899916428558343,2.0000000000000004,0.69,1,-33.180641810458035,0.14227840070026673,SAM,True
106,0.24141233804796486,3.543687417041271,0.88,1,-141.19721808707473,0.3046064785489585,SAM,True
0,0.4552880413953743,2.8574420692308378,0.47,1,0.8384084910269507,0.12151542864255685,SAM,True
1,0.2258624167306561,3.5761513358326718,0.73,2,-84.71931090962916,0.265031756836396,SAM,True
2,0.28587118897524744,2.0000000000000004,0.73,2,0.4218330096150994,0.1369759861380637,SAM,True
3,0.32669706900236883,3.9155511911440675,0.33,1,-0.44760138889791334,0.06907832738498758,SAM,True
4,0.31163060008303795,3.8132436229657176,0.44,1,-1.1347115365667721,0.09076449401311631,SAM,True
5,0.5536754416799393,4.0287174000659265,0.57,1,-2.3887978408931354,0.13729771455368728,SAM,True
6,0.395492892085729,4.150206543470499,0.51,1,-0.1268256048346894,0.08286144367800335,SAM,True
7,0.27967662100004476,3.5874731301999616,0.9,1,-104.4698181784443,0.32667809970317435,SAM,True
8,0.9860226844175468,4.178729846549546,1.06,2,-3.676553758572786,0.24542618525825127,SAM,True
9,0.28393648967037544,3.7010490318225697,0.97,2,-257.8262156730263,0.32775483604812433,SAM,True
10,0.5428037253551534,4.078528087724108,0.71,1,-0.07592464426964751,0.1103851875630944,SAM,True
11,0.303158043383055,3.7947504814341095,0.8,1,-88.52371674794621,0.2618275794046672,SAM,True
12,0.2798762560137745,3.584495880211507,0.9,2,-105.39609679557188,0.3262803556646971,SAM,True
13,0.2389107637602272,3.6611319220375824,0.75,1,-52.109842936526775,0.2250114316425286,SAM,True
14,0.2890081806571657,3.585920126093002,1.26,2,-4646.306159877759,0.4468201792985058,SAM,True
15,0.20398950308189567,3.6388459994197264,0.75,2,-457.06575742057515,0.2662436402260793,SAM,True
16,0.31952121738576084,3.6131131514818073,0.59,1,-8.59131474288819,0.17541186204979137,SAM,True
17,0.422608673747633,3.614075270108726,1.73,2,-1662.8867531068618,0.6226440503802301,SAM,True
18,0.3011707959378267,3.8087041334134857,0.41,1,-4.818953947311934,0.13244882563714433,SAM,True
19,0.7647647704592271,4.572249910503464,0.51,1,-0.008668145230022573,0.13289652632486515,SAM,True
20,0.1653281575876153,2.5470168068198733,0.67,2,-0.5907816558885222,0.1607403983289247,SAM,True
21,0.08252459417024659,2.0000000000000004,0.73,2,-23.120174037802624,0.15194362698719274,SAM,True
22,0.38845376228899564,2.640013427112504,0.78,1,0.5733882187253225,0.1811290190699677,SAM,True
23,0.14997475131626245,3.604502482546832,0.61,1,-695.2383819896091,0.21410356155420648,SAM,True
24,0.25479617048428777,3.604138002980144,1.06,2,-2333.4073213051865,0.37334630191704415,SAM,True
25,0.30637279268273604,3.853349180224875,0.37,1,-3.096205754224556,0.1273750980355375,SAM,True
26,0.04816970352333412,2.0000000000000004,0.45,1,-21.385526954426165,0.0980322935404691,SAM,True
27,0.18356921540990673,3.5425111702211565,0.69,2,-162.1800212152894,0.22763885331183537,SAM,True
28,0.4171125471307735,3.9170322873203727,0.61,1,-16.25846760922347,0.1825071025626162,SAM,True
29,0.12492678946553705,3.564139098541171,0.52,1,-626.4225979449827,0.18709331024745507,SAM,True
30,0.4914099549032555,3.874020008056285,1.01,2,-10.033469378931814,0.25666060648013295,SAM,True
31,0.24247519229587952,3.5650479405040234,0.93,1,-552.6100533863149,0.3271366066647215,SAM,True
32,0.07865739134906277,2.0000000000000004,0.95,2,-63.56041483969561,0.20358729411995385,SAM,True
33,0.3618046931182146,3.7550503024263007,0.77,2,-32.87403777037027,0.27115297844752945,SAM,True
34,0.09335422152517134,2.0000000000000004,0.67,1,-11.530879524885265,0.137560919157021,SAM,True
35,0.2652001685943762,3.6055199781966083,0.74,1,-55.380743503213886,0.266341299216454,SAM,True
36,0.2536456914121752,2.6161543339252873,0.28,1,0.8149138723578029,0.05826500566486176,SAM,True
37,0.2713463177902955,3.6939779437853746,0.5,1,-11.796691217065538,0.17469126293781614,SAM,True
38,1.0052715846045315,11.9999999999997,0.15,1,0.8953309308731019,0.05389771204831809,SAM,True
39,0.2945757987310664,3.5240226338310308,1.16,2,-212.20773131532968,0.41582624988897987,SAM,True
40,0.1369998966310689,2.5418862061869993,0.94,1,-6.801528236912778,0.23924843296086404,SAM,True
41,0.2751492121564874,2.578251603048136,0.64,1,0.16941510044958796,0.14896622470098464,SAM,True
0,0.2159748321547846,2.000000000000015,0.67,1,0.05135842710182237,0.1194840932572655,SAM,True
1,0.1598100026060814,2.0000000000000004,0.81,1,-2.7694371124196886,0.1578317232961145,SAM,True
2,1.0316365735210653,3.8084837767936213,1.02,1,-0.729357686817458,0.3010608616559444,SAM,True
3,0.43431138207904335,4.084933612581949,0.66,2,-12.071920938846253,0.221375595937249,SAM,True
4,0.09493466974766283,2.0000000000000004,0.73,1,-11.10515918986816,0.15450520421263356,SAM,True
5,0.07521019194234826,2.434117604652466,0.93,1,-20.20587963649449,0.2375614016110343,SAM,True
6,0.06502487266684054,2.0000000000000004,0.54,1,-19.942359951222233,0.1135904810692671,SAM,True
7,1.3135194533438397,4.162597532144616,1.36,2,-3.3380769469667655,0.34963938916808984,SAM,True
8,0.28035006851614136,3.7078833870887284,0.81,2,-121.68973667474935,0.27645011100028183,SAM,True
9,0.4060682710538404,3.9982771375282713,0.85,1,-4.3903749059850625,0.2060999234119082,SAM,True
10,0.31345853110240735,2.0000000000000004,0.91,2,0.28532187367523865,0.17259409182692653,SAM,True
11,0.440100374302715,3.7654127995920463,0.75,1,-14.931843622954863,0.2398153589407638,SAM,True
12,1.1905334292851322,4.869650233175344,0.78,1,0.14317996364025554,0.19662970673553146,SAM,True
13,0.4139848427168457,3.514064835065624,0.87,1,-8.367622748214272,0.29297045331664523,SAM,True
14,0.055446202710712815,2.0000000000000004,0.57,1,-35.98627178336394,0.1256339583215883,SAM,True
15,0.2755236750937796,3.608582164037003,0.99,2,-593.1228485954134,0.3475501637863713,SAM,True
16,0.29170547425769694,3.832309047898057,0.76,1,-76.87335759418562,0.25554611901750357,SAM,True
17,0.31935048770658636,3.844733936035539,0.47,1,-9.490972940499093,0.16122527272237439,SAM,True
18,0.1290133992134866,3.553338378166103,0.61,2,-2004.9392984586148,0.22028089256609126,SAM,True
19,0.2172100781471128,2.0000000000000004,0.52,2,0.5496297276327895,0.10044722600372105,SAM,True
20,0.08755282855345295,2.0000000000000004,0.76,1,-11.721540611011552,0.1635117690251265,SAM,True
21,0.605056455671504,3.729919106353562,0.92,2,-5.892520537943495,0.3161135282760053,SAM,True
22,0.05641750856684337,2.0000000000000004,0.67,2,-50.949115161058636,0.14487760520409676,SAM,True
23,0.12451544423451875,2.685353848754994,0.56,1,-0.5796389575764462,0.1269424542630013,SAM,True
24,0.31160504191208493,2.085170219262405,0.66,1,0.6088399087000849,0.11110712592707182,SAM,True
25,0.27706451035179996,3.5153885525116397,0.95,1,-28.350158549581362,0.30236641741496434,SAM,True
26,0.07334846355223293,2.854937339264576,0.3,1,-1.2261161085354697,0.06382121046288948,SAM,True
27,0.5271520869539335,3.8019459734236967,0.64,1,-2.6016777435914147,0.18579256088210827,SAM,True
28,0.08108747392639629,2.0000000000000004,0.71,2,-21.610275113613074,0.15262375251922203,SAM,True
29,0.17338630980775394,3.671089862668699,0.62,2,-148.1604048061269,0.20396648868006936,SAM,True
30,0.44601436937969274,3.870105810347352,0.78,2,-22.100575319565,0.24352892646187319,SAM,True
31,0.5476341739449857,3.95852571679415,0.74,2,-7.841170841466296,0.24158590924559725,SAM,True
32,0.08682053164762035,2.6993541233386678,0.69,2,-3.1297694123287023,0.16997073192202877,SAM,True
33,0.10596535270743158,2.0000000000000004,0.6,1,-2.828888998898093,0.12644572561395148,SAM,True
34,0.2728513918582948,3.5624891737082622,1.19,1,-1149.803306171534,0.41236233644685055,SAM,True
35,0.49981094624029426,5.479152976558771,0.37,1,0.3809629695847322,0.08835255837027192,SAM,True
36,0.12327199603937655,2.0000000000000004,0.63,1,-2.0990907572759503,0.1210505881116752,SAM,True
37,0.14271041845379534,3.571728026508479,0.62,1,-193.51306957471357,0.20468553943964293,SAM,True
38,0.3136693594997356,3.919312882777415,0.55,1,-24.16638619535586,0.1916608044076545,SAM,True
39,0.19625154856573995,3.5991754648151693,0.76,1,-551.9969067741415,0.2703713392844617,SAM,True
40,0.2835018937294654,3.693365942808154,0.94,2,-494.5167187785989,0.326823475135913,SAM,True
41,0.26992378389124255,3.74168718131804,0.58,1,-43.28483692001645,0.18810524899399575,SAM,True
42,0.25073343627117295,3.5383473561891363,0.71,1,-35.44989365265435,0.2512962499763181,SAM,True
0,0.2819798675148405,3.8125257808969732,0.76,2,-66.57504339566094,0.2548908584518564,SAM,True
1,0.3216779298669093,2.0000000000000004,0.99,1,0.2938186537516543,0.16358702231175679,SAM,True
2,0.44991528761999616,3.875341363606116,0.97,1,-34.08644051768712,0.31260863325807703,SAM,True
3,0.5613680080975625,3.798422890182376,0.72,2,-3.473362653153175,0.24150402551862968,SAM,True
4,0.2101243211416397,3.538453071221349,0.87,2,-287.53224194965935,0.2971572097834307,SAM,True
5,0.11083446291362342,2.484618601809887,0.94,2,-6.960334587569303,0.21704007549018134,SAM,True
6,0.1429073305931972,3.5586154109720267,0.4,1,-30.87524827044324,0.15088069313953942,SAM,True
7,0.1997570140437652,3.6474272214375025,0.65,1,-400.49138618015013,0.21329085533157022,SAM,True
8,0.20112613727129594,3.6868345181270783,0.66,1,-146.6847519082949,0.22188327763972926,SAM,True
9,0.47678343676696505,3.996679434969242,0.58,2,-5.266850172028266,0.18269851685293956,SAM,True
10,0.3524473874467129,3.4885312296145847,1.26,1,-66.3691400475528,0.44089255267219957,SAM,True
11,0.3848992051386796,2.046564475908939,0.64,1,0.8000186217387374,0.09816059681656462,SAM,True
12,0.37040839977756435,3.8408640602873154,0.53,1,-7.150682610884944,0.18132802776269824,SAM,True
13,0.06131794041018306,2.0000000000000004,0.61,1,-53.70463585575186,0.12489825443386392,SAM,True
14,0.2522265068529307,2.0000000000000004,0.75,1,0.12110852634817426,0.14168493048678663,SAM,True
15,0.43524062274996916,4.0191353981597935,0.74,1,-19.199365499183475,0.24910329346175175,SAM,True
16,0.2962662585265293,3.8178033148992694,0.81,2,-60.78163612923237,0.2603779872085474,SAM,True
17,0.7208263752854325,3.7526211456409757,1.03,2,-5.09665551450977,0.3667533380732452,SAM,True
18,0.19066917838929356,3.5521153036372675,0.85,2,-1286.495827685318,0.2942298751887048,SAM,True
19,0.9917427342775277,4.4099902310892904,0.55,1,0.5961233335187381,0.1185193934142634,SAM,True
21,0.29568496730665567,2.7302649656272155,0.81,2,0.5652685435016879,0.14309683320998143,SAM,True
22,0.534493686352414,4.19970436926532,0.67,1,-6.668062684753052,0.1803626413958527,SAM,True
23,1.2283088895624124,4.166445410103572,1.03,2,-0.9086635639752492,0.3420607854134901,SAM,True
24,0.3007423178068552,3.5483412449842175,1.25,1,-872.3879925849945,0.43933898798226834,SAM,True
25,0.7024803411372784,2.4237759091469138,1.17,2,0.6891929992647414,0.23424793123510784,SAM,True
26,0.204409814207224,2.570566202217812,0.36,1,0.6903849715547768,0.07897542240641646,SAM,True
27,0.20515050441050578,2.4944545261586684,0.86,2,-1.4905320783531155,0.21736343515017617,SAM,True
28,0.28960313667161225,3.633949877183821,0.3,1,0.07682086383642917,0.06927860595300796,SAM,True
29,0.9685442676542144,4.65924615021693,0.73,1,0.010893992427376542,0.13392477361062566,SAM,True
30,1.145555008175734,4.180380205449426,0.69,1,0.9619221152252934,0.03549804840902335,SAM,True
31,0.2734060471732645,3.673712605107845,0.63,2,-37.72098561505333,0.21337232172032894,SAM,True
32,0.11396427465690354,3.7110476785083177,0.38,2,-173.35004150208033,0.13264110482039462,SAM,True
33,0.7221447196819232,4.245083003874577,1.11,2,-4.414218683664938,0.3082176140202444,SAM,True
34,0.02981813666158972,2.5974158859780276,0.35,1,-5.667540900817073,0.08802092096058436,SAM,True
35,0.059399179686709776,2.0000000000000004,0.46,1,-12.495048675207068,0.09493080930244158,SAM,True
36,0.26459712025490273,3.547720473626148,0.96,1,-165.1174921959998,0.33682577465238617,SAM,True
37,0.7766770414724465,2.4902844419046724,0.97,1,0.825039938911402,0.19163674413504314,SAM,True
38,0.29240118120794445,3.768498560420664,0.78,1,-135.62647148343234,0.26283799010204506,SAM,True
39,0.07976630620450839,2.5170164573526272,0.5,1,-3.514836242893531,0.12648108320143006,SAM,True
40,0.17969304033592115,3.5958953960368087,0.62,2,-343.334289853495,0.20712462232396933,SAM,True
41,0.222739087936309,3.687215622717497,0.76,2,-116.97796501416204,0.24485032714210644,SAM,True
42,0.1242186520882771,2.0000000000000004,0.83,1,-6.56542645047777,0.16714184493445153,SAM,True
43,0.12601100361783255,2.0000000000000004,0.97,2,-12.465952415032305,0.2011512379257665,SAM,True
44,0.41957582238016655,3.795802592845755,0.93,2,-67.51660234607849,0.3102132382105746,SAM,True
45,0.23093030362926978,3.061663380571263,0.32,1,0.951769312353708,0.0281122807837094,SAM,True
46,0.2414977167744462,3.907743088967679,0.48,2,-31.15808174970706,0.15149767168370418,SAM,True
47,0.6513652835035605,4.00904341651549,0.71,1,-3.2637049135949434,0.16946201445039286,SAM,True
48,0.18516641717649485,3.5650892825295712,0.78,1,-1252.4722718840128,0.27721901989078745,SAM,True
49,0.37655557973547493,3.651968386777377,1.2,1,-428.30581900530285,0.39645069478565853,SAM,True
50,0.0711053546288486,2.0000000000000004,0.55,1,-15.036013950756171,0.11048064255224789,SAM,True
51,0.16462149892180108,3.656018092126113,0.58,1,-408.97385960112194,0.20944498794986754,SAM,True
52,0.21360954880791136,2.767027553620124,0.55,1,0.4423929057019028,0.11119362769702971,SAM,True
53,0.2462068986583304,3.793272835544356,0.63,1,-109.18098395092507,0.2021564462421062,SAM,True
54,0.3396742070235295,3.824206653530038,0.63,2,-40.11696736376827,0.1890429140536424,SAM,True
55,0.4926706114420818,3.9345198910697365,0.87,1,-28.048649646307247,0.2719604930563292,SAM,True
56,0.3536952365415556,3.6667342782931223,1.09,2,-95.64813803794519,0.356270916812773,SAM,True
57,0.43293184219868075,3.5788324828645046,0.85,2,-8.936265458363481,0.291436437560733,SAM,True
58,0.23039619974051798,2.532654573350696,0.81,1,-0.05688993514905727,0.1876553110072599,SAM,True
59,0.26129462181920915,3.5764913060282506,0.87,1,-229.4601521608253,0.2978362254129327,SAM,True
60,0.39709183361155803,3.5624166845051337,0.7,2,-5.844423343793845,0.24005175023940756,SAM,True
61,0.3456245152150448,3.685754827024131,0.4,1,-1.1618736590293506,0.11289079543932878,SAM,True
62,0.2009008847693151,3.5884361639563456,0.76,1,-323.17974259396226,0.27483427738255867,SAM,True
63,0.42039162764023885,4.185735252630918,0.67,1,-5.37031157079363,0.1877728822127717,SAM,True
64,0.13701959719660461,2.0000000000000004,0.73,2,-2.709551693708139,0.14577551487495938,SAM,True
65,0.0458240532034042,2.0000000000000004,0.51,2,-62.81294827275069,0.108193563723326,SAM,True
66,0.23572064310293794,3.663771274570908,0.68,2,-108.16325660125283,0.2448875796084078,SAM,True
67,0.1950871005888791,3.7215715281302977,0.49,1,-28.79960614045366,0.14493974729098372,SAM,True
68,0.13308283088423714,2.0000000000000004,1.01,1,-10.996235831565373,0.21061054522830255,SAM,True
69,0.2154270088325854,2.6363451562355498,0.89,2,-0.3672149671043594,0.21184879370679602,SAM,True
70,0.2055013917445755,3.688567556482448,0.68,2,-204.28168097233495,0.2246245408814233,SAM,True
71,0.12088289026434271,2.0000000000000004,0.58,1,-2.6767978772442964,0.12012706801014729,SAM,True
72,0.01634149741494414,9.460809705128709,0.67,2,0.9276148705282999,0.08888363464680477,SAM,True
73,0.7104821454299111,2.2121073979497745,1.1,1,0.781942758422453,0.19378163888676736,SAM,True
74,0.11742086942564628,2.0000000000000004,0.99,1,-27.57490925528598,0.19713415885429122,SAM,True
75,0.17900714786155494,3.46916505231589,0.73,2,-155.40925770893332,0.2523560844694839,SAM,True
76,0.2294667166953871,3.5187812007469983,0.72,2,-18.84087298847267,0.22066417211090275,SAM,True
77,0.3901018339746274,3.6425028318630157,0.64,1,-5.862750307188208,0.23335793041492808,SAM,True
78,0.3717254487324625,2.375251223431781,0.06,2,0.2129748566439461,0.10824891904030211,SAM,True
79,0.2620325602752357,3.5661757364755733,1.24,1,-7984.772995615194,0.4467263895948213,SAM,True
80,0.06282990271341345,2.0000000000000004,0.41,1,-6.193018324052111,0.08562030457281118,SAM,True
81,0.17028125924246207,3.430617308264076,0.81,2,-143.29625743264944,0.2748595069147834,SAM,True
82,0.10332117227728718,2.0000000000000004,0.63,1,-4.169607265229802,0.11956515021935064,SAM,True
83,0.3301269208278748,3.6981157396747375,0.82,1,-121.08671461473905,0.27061503079929816,SAM,True
84,1.1618048542693815,5.176157315974308,0.51,1,0.6989279471563564,0.12546083154519266,SAM,True
85,0.06854789166431986,2.0000000000000004,0.73,1,-31.57252230494118,0.16140377199517023,SAM,True
86,0.16892057813051145,3.7909699930625607,0.45,1,-72.25994320234182,0.16463954259188923,SAM,True
87,0.4517746996956028,2.0000000000000004,0.91,1,0.6462642415658746,0.17370872575005034,SAM,True
88,0.1757334839005488,3.5797699734877586,0.53,1,-53.26258787583035,0.1925076024879981,SAM,True
89,0.2281849006248286,3.591874139761371,0.82,1,-239.08969127661777,0.2965104450918797,SAM,True
90,0.25102571284506947,3.518358309211105,0.89,1,-101.4632952983325,0.31613066871498186,SAM,True
91,0.276112767892808,3.8176604224482693,0.64,2,-109.53075581740423,0.21179660512136483,SAM,True
92,0.5663680705263263,3.6229374491370034,0.89,2,-4.644458598402207,0.305497641065451,SAM,True
93,0.08517860642912024,2.0000000000000004,0.94,1,-44.24106995991758,0.19813159469130623,SAM,True
94,0.3539735374147468,2.0000000000000004,1.38,2,-0.4381803742403194,0.24465986149967744,SAM,True
95,0.591713378105593,4.405229077500992,0.45,2,-0.26471885044407206,0.11076563059437455,SAM,True
96,0.13174688080392277,2.434579669191157,0.69,2,-2.2968727340589425,0.1688593065326621,SAM,True
97,0.2831677676580722,4.336170377239108,0.27,1,-0.4779308217675726,0.05167218829599807,SAM,True
98,0.18261690303259742,2.0000000000000004,0.85,1,-1.2108710397205265,0.16334255938777048,SAM,True
99,0.1009354071011238,3.4953094634847925,0.56,1,-1984.0266406732828,0.19944907590433353,SAM,True
100,0.9666996437508814,4.040630110755818,0.78,1,-0.2821771774236881,0.22105879420717944,SAM,True
101,0.18417131578617377,3.5720786080919873,0.65,1,-56.826890069064575,0.19895498114190402,SAM,True
102,0.36556587976123495,3.8870728437000346,0.62,2,-24.448295521684184,0.19131324196486518,SAM,True
103,0.4137240234992902,2.0000000000000004,1.02,1,0.4375909179027496,0.1919906198187281,SAM,True
104,0.3007554522757154,3.7549420169617456,0.88,2,-106.01727447718633,0.3176327053585122,SAM,True
105,0.9007297488230556,4.353696454651307,0.64,1,0.0033710675411628976,0.13748927286479679,SAM,True
106,0.3267934996241111,3.5967610014297025,1.24,2,-258.6479493790719,0.45817896454603146,SAM,True
107,2.675719728586692,4.737026170299317,1.21,1,0.8895788918609178,0.151196598336487,SAM,True
108,0.09432284283461256,2.0000000000000004,0.69,2,-11.53964105354619,0.14255610782081238,SAM,True
109,0.11975610643949094,2.0000000000000004,0.64,2,-3.0875249906783946,0.13683541245251557,SAM,True
110,0.07745484883586243,2.0000000000000004,0.81,1,-26.638651874268096,0.17500476144492538,SAM,True
111,1.671554601279698,5.696486318361535,0.66,2,0.9848479100051615,0.031462213642285325,SAM,True
112,0.3389061730899627,3.594405795089898,0.97,1,-58.41506772769642,0.3457938951928826,SAM,True
113,0.29137365317241926,2.2362161511786276,0.7,1,0.660050386792878,0.09574388177821003,SAM,True
114,0.2692167051063882,2.0000000000000004,0.59,1,0.6080015599167659,0.10740334825212741,SAM,True
115,0.32537533996455187,3.654634312266767,0.84,1,-76.11719524984261,0.27741643096891894,SAM,True
116,0.4603256689345327,3.793134464458392,0.81,2,-22.030403337654437,0.2581108274656448,SAM,True
117,0.19031543555262634,3.5272070543099767,0.87,2,-1334.3661864008272,0.3070236132580599,SAM,True
118,0.20082777726268158,3.6403858455606284,0.63,1,-23.00689807792399,0.17530736049417656,SAM,True
